date,股票代码,returns,high_low_pct,open_close_pct,volume_ma5,volume_ma20,volume_ratio,ma5,ma10,ma20,ma60,close_vs_ma5,close_vs_ma20,ma5_vs_ma20,volatility_5,volatility_20,momentum_5,momentum_10,momentum_20,rsi,bb_position
2024-04-02,000001,-0.322132699765929,-0.6904041724737393,-0.3432062268343589,0.9537955978792274,1.4583502614060602,-0.4747200153779998,-0.21115666598872726,-0.21341445188836983,-0.21515394213908648,-0.21459890971736859,-0.579779761863785,0.16841830476389122,0.5503646094762353,-1.1222423136242188,-0.5455209355223085,-0.42504870613906165,0.4043785084001012,0.13451758011070955,0.47633187222788964,0.5187839117504915
2024-04-02,000002,-2.9782414868325624,2.20335904737432,-2.6754303596150355,1.4571371616365516,1.3927671991676724,2.2155472276594366,-0.21115666598872726,-0.21105318726768166,-0.2108417052461516,-0.2017565192508664,-2.9949314503285827,-1.9361784929096584,-0.7252838022092654,0.10061186600939356,0.4738525815687095,-2.6954754327631467,-1.3490384209583977,-1.2632495875706857,-1.9331052251031253,-2.2020382789652797
2024-04-02,000063,-0.6713622631098922,-0.33662549852013973,-0.49808257002869716,0.8999772122948042,1.4093863027836329,-0.904124255769824,-0.03759648316239008,-0.036420514081231585,-0.02986409110132786,-0.0458117273028863,-0.15340136664226478,-0.6761676178780002,-0.7764878524741472,1.1205417022205524,0.726456703511642,0.33990281405807476,-0.6635881145219228,-0.6121618410576445,-0.5770977359041036,-0.7149148855198707
2024-04-02,000066,-0.8177365223501237,-0.006112733491926214,-0.9381999937555164,-0.20408106247153598,0.06172054713472238,-1.0013276422911268,-0.20274688255407905,-0.20153749266379734,-0.20071754251742271,-0.20139585550355402,-0.7001345510394742,-1.1388213393171573,-1.07719354020855,1.0174920096762254,0.22320922836653692,-1.0875993872462466,-0.9209359808620644,-1.2239879943167156,-1.136037726197611,-1.3210533087845842
2024-04-02,000069,-0.3878406606484694,-0.5419920833288919,-0.24847079515174603,-0.1305810857172979,-0.19193067997835897,0.019992458427874952,-0.2743207948072362,-0.2754834206142368,-0.2762422816364241,-0.2709194012055749,-0.9933176367743718,-1.1827897737936293,-0.9746783935553859,-0.3958740170218035,-0.31863705655888164,-1.4606492273060478,-0.9647418337796478,-0.8900799819880094,-1.7822677680317678,-1.4189133373286087
2024-04-02,000100,-1.300398668773363,0.7270566654171452,-1.07018174385423,2.9949314503285827,2.994931450328582,2.666524113225001,-0.25465763210032494,-0.2579757534480233,-0.25922055966208746,-0.2568138247915479,1.5576582821005556,1.5626200271086026,1.1034790954710896,2.5191140745533116,1.0260609474464095,2.6500572323335687,1.4814959779936885,0.4837229337166229,0.9680565171552656,1.4541473350278404
2024-04-02,000157,0.12387132951169827,0.15220865319861876,-0.02528888207089091,0.04063899400751823,0.0652650737014698,-0.4688683508980308,-0.22702836757881878,-0.2308010285612147,-0.23260991747734872,-0.2315742651351302,1.0866683613499428,1.4331341246109082,1.208134473970352,0.17392453216132825,0.31878337217515407,1.1112210343386393,1.6304463477655757,0.7355896265949218,1.3817416575718269,1.4421392170493785
2024-04-02,000166,0.003973101888743974,-0.5623944808710957,-0.0685525824698155,0.22811669266430207,0.20108949479071667,0.29786388794347235,-0.2581667503680199,-0.2598223834718948,-0.2609979687795501,-0.2570364354298412,-0.1976153425076518,-0.053230765401186375,0.047804906149035854,-1.0496624732917479,-1.0980311904380773,-0.07506944690576448,-0.101193685534334,-0.027239040299287774,-0.04088597462992313,-0.14296013091823273
2024-04-02,000333,0.3134056575418845,-0.9556543871504719,0.49959126010500227,-0.25675812397667697,-0.29189548190061304,-0.6135668097937061,0.28346767098533104,0.2676175330184876,0.2706493356505777,0.2510455986847563,0.4531272361723956,0.814127662306671,0.7880726602364366,-0.5128642054740398,-0.17408984041569142,1.2035869752515962,1.2091789157489967,0.22181204133759316,0.5798664165468618,1.019917054778984
2024-04-02,000338,2.637729172238081,1.0316176112368671,2.591775960025626,0.10415113522847447,-0.00858673704604634,1.268383429840494,-0.14611697395817444,-0.1509418481846074,-0.1530708594708962,-0.15428695771464743,2.4586327809077444,1.8838697641273872,0.9982310972332856,0.46027999075087755,-0.031154008795337983,1.690759737736964,1.850076574550792,1.0879584459606202,1.4821171290047703,2.2902389111831836
2024-04-02,000425,0.0866901049524638,0.28320166166581706,0.33038616101751056,0.7440092923349712,0.6881890356582179,0.2561178028175628,-0.2409640039177682,-0.2443833455673953,-0.2459152385697181,-0.24389032812349704,0.8462459221752412,1.2467424212901241,1.1110050515623868,0.10920018520053466,0.6418373886728191,0.6983997460633823,1.4477297175122084,0.9292817750584962,1.1752238009745486,1.316075484218845
2024-04-02,000538,-0.539840318037175,-0.4669786163132891,-0.3044757767343307,-0.5965833249844184,-0.6880711917873801,1.1676335890302074,0.1520169073713331,0.15267238218832158,0.1552894245779891,0.1552867852775173,-0.9914648600742132,-0.484333257997236,-0.06357029024944463,-1.1303330542961187,-1.3494152184934607,-0.6749037899770539,-0.2886880577327282,-0.33261159922981803,-1.3275749808649542,-1.522617647895724
2024-04-02,000568,0.15374289227025295,-0.549020102093599,-0.46008968792344507,-0.6482446345261887,-0.6845910704276442,-0.5401242202684181,1.4722924045720063,1.4683912287595489,1.432155897166083,1.3168777242112994,0.4146543931207985,0.8982126819274487,0.9166019041947543,-0.0767271236379228,0.8622739204286405,0.1980218303947403,0.14472779919055304,1.3431409984579457,0.5093739152874783,0.6193849177939674
2024-04-02,000596,-0.23665108811623756,-0.6441411085129436,0.02535869953737994,-0.7128772201537581,-0.7886866863166214,-0.8266364160296364,2.256136655781772,2.2438042939199776,2.125486837792669,1.9400149450462811,-0.09819364450557672,1.3402778743230954,1.7789002203364137,-0.14470348798509733,0.1604797710584487,-0.18285903492929814,0.7892720568212914,1.907699372454161,1.3261439621838786,0.7651081557408141
2024-04-02,000625,0.13941132784202634,0.23053293694590235,0.2642310803124606,2.302010472042451,2.994931450328582,-0.7434382970264228,-0.13448041510495617,-0.13370663462847332,-0.1423508607311997,-0.15240598410426212,0.6263553995996561,1.1464051930258043,1.1099603146798271,1.6700029542906347,1.7238816027682453,-0.4187114231536759,0.5527998498799425,2.198973108415218,0.48764843550801557,0.5040160074359324
2024-04-02,000627,-0.42957568691094467,0.15783209043079205,-0.026932947728937652,-0.417744811454426,-0.4702914247986054,0.4540114282487741,-0.27666020698569954,-0.2782180475894782,-0.27915076928318117,-0.27392723331832863,0.3724289443964711,-0.24705532532498173,-0.513681326633007,0.30038884367638163,-0.1871779110768534,0.2783185996795497,-0.2584828125361601,-0.4363971837508105,-0.32825017390491706,-0.38668771616486
2024-04-02,000651,0.0545758099025365,-0.6828130623980031,0.20763116811332918,-0.18634039862026378,-0.19062185416282906,-0.4171709100719371,0.04236704517904926,0.033963335189280845,0.03703112477408379,0.023559959979213597,0.15459182087938741,0.4516787617707454,0.4961271119548038,-0.9612184307581424,-0.618050106697506,1.0705785819341496,0.9825430611871009,-0.09924555421710175,0.3866626649744355,0.5051076033434418
2024-04-02,000656,2.4457752270624677,2.994931450328582,2.993215666116613,2.0962339458903654,2.2373525219310473,1.4352401890167987,-0.28728839852061466,-0.2887831931358906,-0.28989096585375784,-0.28504050859436647,0.20913508123081365,-0.625574271390281,-0.9071837848279529,0.7248204475898754,0.3762159213879668,-1.0777085655685543,-0.5298952534904366,-0.42314997380830466,-0.7321439500512651,-0.765636473250159
2024-04-02,000661,-0.01013004744828229,-0.5495004743667464,-0.17691702138436824,-0.6799082170091393,-0.7394899888778009,-0.716690716116545,0.855958132278758,0.8747249032709771,0.8984130677821288,0.9317544173084299,-0.027766013002116566,-0.5795113759283648,-0.7206998172645418,-0.2587100562933599,-0.22872904735212957,-0.1507214818824781,-1.103410654235233,-0.7423459545002848,-0.6563071937228088,-0.7603768665091011
2024-04-02,000703,1.3866651434894968,-0.35084263515421166,1.2958119622705477,-0.5461289193389053,-0.6201715422582857,0.7645309234964746,-0.2365876897563326,-0.2386820015046226,-0.23917926197115236,-0.23327749536765338,1.5442979790876707,0.6998552272161286,0.04070027245874759,-0.3021540228907282,-0.682967806357555,1.2360782411410909,0.6289343231219013,0.26305559258623035,0.5823674769823223,1.0590426024709991
2024-04-02,000708,1.5338834027957575,0.39429328760956633,1.647290398940558,-0.5910784433971763,-0.629181550696559,0.06309232091461192,-0.16362223060391706,-0.16594697848786935,-0.1644068920524405,-0.1653243037807248,0.2127833251897476,-0.038103635185091175,-0.16068941358921832,-0.3917421890763248,-0.32890221985026885,0.13826533700652952,0.4136930841669335,-0.1039926720594518,-0.3844017990506051,-0.10544331236232087
2024-04-02,000709,0.8635145434547481,-0.5050070302137043,0.8411337197236718,0.07816770595122824,0.06243972527860648,0.8845536154814175,-0.2807945129907424,-0.28265803234632775,-0.28397300140584253,-0.2798945789556794,0.3312298985466493,0.29351489221619315,0.19570694819302997,-1.1078806617173562,-1.4492273901749104,0.27739671781889536,0.2019543949431186,0.261565553709706,0.7680329327780308,1.1940268188448981
2024-04-02,000723,0.18981761176240428,-0.6829491625306877,-0.5504380651619895,-0.08825740105709758,0.29906693603947215,-1.0207243423850618,-0.23652718771723438,-0.23639137300506619,-0.23701304460924477,-0.23623010623679946,0.14816998188114905,-0.5717288099855855,-0.8057966178981641,0.8517976013704309,0.4777181544022197,-0.29417003578866113,-0.3891925295389412,-0.9353284219680689,-0.32300480018873035,-0.7210953412324723
2024-04-02,000725,-0.2902752398054152,-0.12907135143397502,0.07362323833529749,2.9949314503285827,2.994931450328582,1.0993847531937364,-0.2608691747810723,-0.26359637051521695,-0.2649870403784009,-0.261847586279157,1.3594774134974206,1.3156791138266115,0.9076567189774533,0.8814624391124798,-0.162109126851542,1.9127291600058915,1.2103056009383104,0.661983351719163,1.0466372110177506,1.750905113658024
2024-04-02,000728,0.5744112905587304,0.7359810120330774,0.9516740444180054,-0.23833931188350183,-0.26017691752829064,0.7209882147980275,-0.23957245701850988,-0.2404680862818098,-0.24081528627245316,-0.2364268319171517,0.4364645324629852,-0.24616690110372044,-0.5472072159615629,-0.6305941834423785,-0.6927564686853978,0.20439921346836606,-0.3362951584338899,-0.268972527850827,-0.35052000617363965,-0.40366265334550644
2024-04-02,000768,-1.0718525495042897,0.7785643577651817,-1.2654857086572706,-0.5350776908989795,-0.5714928867019491,0.3138775553841325,-0.08771233888205633,-0.086975795062632,-0.08688761713401372,-0.08897230617384648,-0.8024012601202467,-0.49972032708598935,-0.1902835867174995,0.3040792554958798,-0.11603157219531403,-0.5378886683662635,-0.7375378666525436,-0.17250505197745486,-0.6848410753674574,-0.8678456804122817
2024-04-02,000776,-0.20316898442873096,-0.7369288220821838,-0.28777914842512553,-0.34434482186508253,-0.37282434481137344,0.02986287308767213,-0.17564196903809054,-0.17531130997504288,-0.1746168955624105,-0.1669170915260327,-0.7874684653999926,-0.7950522963909383,-0.5827180556812224,-1.2192928822663671,-1.1323751163155675,-0.7960532386028962,-0.7091819268850278,-0.6546148602582895,-1.146898735304063,-1.3437593229156923
2024-04-02,000783,0.9641322903130026,2.994931450328582,-1.3965016254102098,0.5050082076079923,-0.09791699919043825,2.994931450328582,-0.25080566894440687,-0.2529807705965676,-0.2540145687527012,-0.2500233374916707,2.9949314503285827,1.544275951798779,0.2910333252926938,2.4317206393312265,0.9142197526103372,2.372751066597403,1.2988523899764126,0.8470512306552079,0.8617939879548568,1.6634020486903687
2024-04-02,000858,-0.47002809651888744,-0.7187474978301613,-0.4462257447122017,-0.5395706435615087,-0.5170007211368193,-0.7710607596399109,1.1242645083328588,1.1253115884228961,1.084591623378619,0.9993296885094187,-0.227589465554375,0.716505480287844,1.0540853434492332,-0.3860346542108092,0.016661563443165595,-0.24758632062435582,-0.09088578458008692,1.2660351181014478,0.8557056077485682,0.47486305381503463
2024-04-02,000876,-0.5427021453245388,-1.0001798688204102,-0.4476764646953609,-0.36614731725025007,-0.35809619407456494,-0.49971261966429104,-0.2064778416318007,-0.20823783329686119,-0.21203337726808677,-0.20994134295183656,-0.4474142329298846,0.5801044282690688,1.006152430713952,-0.8667886187320312,-0.0003314751509925823,-0.11814448297732152,0.42575827695451796,0.6666655690562457,0.7431484821149813,0.5872933484762898
2024-04-02,000895,0.6135158283254271,0.14246008954537795,1.0404077461055812,-0.27421411848789623,-0.5588514646723141,0.06524101125337227,-0.06445938852198585,-0.054816178198815034,-0.04852688683468539,-0.03834650543267821,0.5443472787257677,-1.1433699402340225,-1.7408063611786555,2.8872052167393645,0.8067872684854672,-1.8710830691434337,-0.9855715422907496,-1.3709146514089223,-0.7923700292889373,-0.9634161380133673
2024-04-02,000938,-1.2237326951354188,0.6459352433045618,-1.165689746670276,0.5385103776054168,1.0793003360992337,-0.8707613474108999,-0.08626028994369983,-0.08256608292912458,-0.07403169777873006,-0.09947814777020031,-0.6966685254127803,-1.483265101912524,-1.5261462098113894,1.9432323038474035,0.6357843740633331,-0.3384617786044847,-1.2499652545041808,-1.59969538883636,-0.7964975294131424,-1.05724848638937
2024-04-02,000963,-0.5854087187875874,-0.19282924927229603,-0.7138706802243202,-0.5975405550483359,-0.6349570576328919,-0.3321096043026563,-0.007809312579715227,-0.004291169840756809,0.0015889810369525584,0.02268332273694228,-0.6878698804900645,-0.9302659932631233,-0.8131950601816433,-0.9082473590899796,-0.3281821010791786,-0.3428590555404142,-1.1376612661858148,-0.7672938297443805,-1.3135008402274426,-1.0186013889548993
2024-04-02,001979,-2.709842941554302,2.1836803210235898,-2.8034934871764228,0.1101141932948513,0.17401250567898266,0.8396874654746787,-0.2115600129160485,-0.2128796355426584,-0.21640620765366245,-0.21357904237448994,-2.8564448527373143,-0.6443700376507653,0.8182590816763198,0.031216534082247237,0.9918463777613232,-2.507062699702628,-0.7059786361601887,0.1145938208154483,-0.08733107936148166,-0.6000779286657196
2024-04-02,002007,-0.4917106108266338,-0.7379244112919044,-0.6605000948072343,-0.5476052004205847,-0.6449438650430954,0.3338194338031614,-0.11233666879501912,-0.11420097432167749,-0.11365479250807442,-0.1087415113853822,-0.9008142835581116,-0.36056190108291025,0.046497189389674454,-0.22648988619101015,-0.20794463813771039,-0.23062851162283587,-0.32503376676599455,-0.09727184760050928,-1.0863523807192912,-0.5844735374908497
2024-04-02,002008,-0.40071174274782523,-0.47146998247323085,-0.49684637037662777,-0.5586917184481202,-0.5478122521776018,-0.8343928345098053,-0.118064195162981,-0.11645123932344444,-0.11375578166247573,-0.11212036122862475,0.255774449879155,-0.4957377271535819,-0.766872994593901,0.6395273918953881,-0.3196947723697649,0.0292698712555279,-0.6590531791878498,-0.4622472073668857,-0.5360776668037923,-0.6474300921580148
2024-04-02,002024,-0.09637593919585868,-1.0083414684157421,-0.17475589472268563,-0.5189112367350041,-0.5955869946546636,-0.47750416732375395,-0.28575568019679387,-0.2873704707132567,-0.28848216714985997,-0.2840551545287427,-0.23490555883850522,-0.5695788146226418,-0.5951741574890441,-0.2907258531471965,-1.0302125330522998,-0.4411443438591753,-0.37809517895745853,-0.3895575309651131,-0.9821734305228115,-0.9590445156067028
2024-04-02,002027,0.28252819869254,-0.27133405273892686,0.11701042521582444,0.3801927592705604,0.8100309662955599,-0.5306414838664743,-0.24360592629172245,-0.24497870715979106,-0.24767244985630044,-0.24563497428872594,0.5084361841442478,0.7761252254013274,0.7086071463982065,0.019415805388703456,0.47630714335992136,0.11381037109673428,1.1357271470545287,0.7497183006953018,0.7136786978929078,0.8423466463986122
2024-04-02,002032,-0.8450367744502666,0.5460491266426244,-0.7391896175643045,-0.6978579716669999,-0.7798468516365016,-0.16230872447656938,0.22290512984804417,0.20797037415999306,0.21367630419509237,0.2035915681233019,-0.5939105005352266,0.2368047414546938,0.6470585166300622,-0.43337766709970127,-0.4548163301283467,0.8598833682910153,0.5409123644686125,0.43079167735009105,-0.23156517729845702,0.25402304350208255
2024-04-02,002044,-0.9278600195620603,0.37530991808338027,-0.8026306354609085,-0.24206383377582624,-0.2892005440211394,0.4425480993088398,-0.2515115260672191,-0.2520826827707503,-0.25204023078415605,-0.2468067000515256,-1.0294928851525922,-1.2980077029225572,-1.1054357009548748,-0.690129018438231,-0.33516495391006634,-0.8095987478537681,-1.2584547948825064,-1.0050948924308498,-1.440943119461434,-1.3027297954776518
2024-04-02,002050,-1.7708513197576181,1.512549430560166,-1.6799554923720772,-0.29870891532779975,-0.25102785784804704,0.05909879638586372,-0.07006591081175131,-0.06790404235707374,-0.06355912246731672,-0.057837878762312986,-1.2302950795602139,-1.1418768700074293,-0.7905604524532178,1.1535314217847643,0.047997516583969495,-1.0124527700999244,-1.0998751985168131,-0.7967174189905731,-1.1260752897870168,-1.4102977712119584
2024-04-02,002120,0.1137769782221823,0.18481035259528789,0.8592184419622699,-0.40321697047513516,-0.39178251753564325,-0.47693642483409365,-0.23124334296932592,-0.2322944779794277,-0.23452366195325303,-0.23255444220916582,0.8963348914179385,0.6477353476498566,0.32980952351279363,0.5048449287752537,0.4611931589246913,0.4157158721919215,0.3799570242277863,0.9601604500287537,0.14167041984414727,0.595975847496984
2024-04-02,002129,-0.1727222953375514,-0.1512852493318872,-0.2555562273720904,0.3231894884043469,0.784019023290332,-0.7178392739845365,-0.18352740146722113,-0.18139610726681624,-0.17751023483600728,-0.1646651001851586,0.40774003952917454,-1.15550331351165,-1.6856224417275807,1.0109703314744871,0.9505445848128538,-0.49021695873275817,-1.2347391578470026,-0.732221952561805,-1.0131848389533917,-0.8521395466195112
2024-04-02,002142,0.9321604959545466,-0.6068265921400664,1.0796461062583167,-0.10498054846561872,-0.24768022719987778,0.34981254553835767,-0.10687131792981609,-0.10997289792822308,-0.10913552784861691,-0.10261195334493398,0.9090846523716521,0.5393146399912927,0.18655358545787104,0.11871208428187867,-0.3291529586479174,0.7859291946120179,0.7977186620680402,-0.06312651461235995,0.06851225145874959,0.9282002829055584
2024-04-02,002153,-2.0414171803562926,2.1739103305615797,-2.736126843569161,-0.48397278052185805,-0.5548044974844084,0.5226923152384775,-0.23041648176831733,-0.22832876432160532,-0.22761095433448503,-0.21971032607880092,-0.6424873933729391,-1.7054346420581301,-1.8430311431174033,2.182176148127829,1.330569558673296,-1.1335076259430543,-1.7456953485593276,-1.269867475966876,-1.1458938020771392,-1.2085559890041364
2024-04-02,002179,-0.9639388991446526,0.08488346850032863,-1.1119293623824003,-0.5177325645088346,-0.5060075123614011,-0.7011099766741097,0.029298604733840588,0.03794923059599807,0.037465378138009306,0.038971863937333824,-0.9440459361593829,-0.870366584733298,-0.5940389196084711,0.32839806179340386,0.3051977324805013,-1.2685232428208317,-1.4022480627630955,-0.6165216948467693,-0.437069249608787,-1.0910550011294342
2024-04-02,002230,-0.6202207031121089,-0.3002940997831608,-0.4702276617020067,0.02277569883930177,0.08638654132311187,-0.9468529352246693,0.185313196221703,0.1937321503147324,0.19984079004211627,0.16760284826588423,-0.3041961272580838,-0.6378909026212662,-0.64517733484016,2.565828562143428,1.0644424646080326,0.09179888113930244,-0.435933775944351,-0.8752346971950483,-0.3391571236858318,-0.8062802905609735
2024-04-02,002236,-1.148840393710442,0.4573902594877575,-0.863102152335532,-0.07037793149455994,0.36145421990659504,-0.9116224869895537,-0.12544544393296003,-0.12385794116782523,-0.12147640251645399,-0.12716469878398165,-0.6180068617222101,-0.8612000028070265,-0.761892617778768,0.9101914666699387,0.8369749811156358,-0.6672332006433228,-0.4523242601301873,-1.4175309230867632,-0.5972359569910768,-1.0986910872749949
2024-04-02,002241,-0.3632131620798999,-0.21524413205407877,-0.4571601568496105,0.33826431799159057,0.4048734102473743,-0.7142023159364203,-0.14422124339976455,-0.13967034142687804,-0.13649348977592518,-0.12806549532033132,0.22426541587111076,-1.0655690285718429,-1.4757169770553114,1.2391076565640822,0.6232209355918932,-0.9739711294130967,-1.243152878522674,-0.7284798631696989,-0.8873991636109055,-0.9745034817229203
2024-04-02,002304,-0.2569138168317527,-0.23914145385543234,-0.3376726657742327,-0.6599598953729733,-0.7339079375819075,-0.0431992511768118,0.6049351720603734,0.6146124326407261,0.625434333977734,0.6293904979347877,-0.13107531403854708,-0.3550175656168717,-0.37656536484097264,-0.0056930039180240425,-0.007235775230333341,-0.37727964342550474,-0.6000482687651648,-0.09793339597283335,-0.8898174620375767,-0.5263316828363893
2024-04-02,002311,-0.20355599413640715,-0.6216084438760887,-0.1829455163365552,-0.6594308456387221,-0.7327608048388873,-0.8111066823513251,0.12362128368791662,0.12099712729797915,0.12166003616236104,0.11740328649881245,-0.4358311228418437,-0.004623154818162236,0.24452661561800915,-0.20442465611478386,-0.2533797980119189,-0.30534494185683436,0.018592903138079406,0.3696575635836084,-0.1479943566625816,-0.036253887166059665
2024-04-02,002352,-1.0960834668449155,0.014274187617621843,-1.2327854441126336,-0.28899604449797806,-0.5424215763539711,1.0554789110664686,0.034925294369972056,0.04374139252879721,0.04782686537958117,0.060772175515313116,-1.3566051278228206,-1.307169545039519,-0.9378821799994603,-0.07763171236284132,-0.324074281984977,-1.7659258887583904,-1.1544349200460338,-0.790058260749813,-1.6070348825671594,-1.5689616181383044
2024-04-02,002410,-1.5423648072913254,1.4579526708412291,-1.5978573902661748,-0.20153344832600048,-0.2002220703180267,-0.24082316759407515,-0.1866331728075948,-0.1812951985223424,-0.1779242903690526,-0.16434757803441463,-0.8901792192566798,-2.139353687341788,-2.2776046952899676,1.5956949578569875,1.214055861655212,-1.5385443319148906,-2.282136475276721,-1.6007048038947236,-1.6135842844325317,-1.2600702212361699
2024-04-02,002415,-1.0225724072076583,0.40110329504691017,-1.3794668932903051,-0.2546889778231519,-0.2553503673129063,-0.024509170229524292,0.005178458480029274,0.005910704225549724,0.010632559813587664,0.017565003720058987,-0.9996503767405797,-0.7722590177030028,-0.43500155092407305,-0.42112534733199336,-0.8273946975458735,-0.4189165984211642,-0.4737067201550577,-1.2150427079385397,-1.2231109298863054,-1.2365390860709864
2024-04-02,002422,-1.1203412679284057,0.06158061316004247,-1.1263123054903084,-0.5440168375204549,-0.5400653858614377,-0.48547764320052805,-0.014605708305078414,-0.01655158229432995,-0.024915622535664848,-0.03782017795454287,-1.3472343644586173,0.187790152683948,1.0237725610233492,-0.6528099293626525,0.3191121386969815,-0.3362897645165946,-0.051718730776225685,0.6105612779802254,0.6654672974610326,0.07940219686637018
2024-04-02,002456,-0.7042088378446089,0.21012067509703075,-0.6362224255918779,2.9949314503285827,2.994931450328582,-0.5506136784903579,-0.19960077652097322,-0.20072013183355908,-0.2043935477376295,-0.2148525823051912,0.39418845194144486,0.7540755872574888,0.7453176850747718,2.994931450328582,2.322495174659059,0.3644384938155878,0.028008097360019826,1.1824185403581848,0.6150664938654582,0.5204664434234997
2024-04-02,002460,0.6794800870321522,0.08984231768352068,0.6463628616318882,-0.335396558766808,-0.41968501338768155,1.015063822069562,0.0658620036955125,0.06734394786123142,0.07462938695768231,0.09012399215663744,2.3409502113916822,0.5653312732712585,-0.5473248554159383,2.1292879720513533,1.3752351665037992,1.3343686696394284,0.1750313183054493,0.26739674344565734,-0.13319273190673417,0.42087114519508756
2024-04-02,002466,0.6687844389296765,-0.021574747909461973,0.6615946280431653,-0.3801672822478557,-0.41149451120458713,0.2754398575243749,0.17682274340159054,0.18302573252605653,0.19500845900401478,0.21825280830113075,1.2459848886487517,-0.14933490545334524,-0.8568592359984513,0.9651092847286653,0.8251030466854042,0.29654010191101426,-0.38766544329448666,-0.1687220128878083,-0.6597216177767472,-0.2078196834712315
2024-04-02,002475,-1.8715229904069852,1.7679477849690917,-2.0534633994171165,0.44115140474804615,1.0008057499941043,-0.23131784225788754,-0.010592406378231903,-0.006440526098049888,-0.01720510059712669,-0.007258670945438698,-1.8374221092546428,-0.31449771711860997,0.650060918148105,0.5362897484563597,1.2296511192217374,-2.0892838260843845,-0.3451863230203932,0.16707044277718494,0.13122019016365646,-0.3387834973146832
2024-04-02,002493,0.8355977018659995,-0.5113365284479706,0.8707060150720906,-0.41493605436057757,-0.41832066308312554,0.19826503179110505,-0.192461535907387,-0.19494815164965473,-0.19766262059678383,-0.19753554544260732,0.6960093739441121,0.9515986134255809,0.8244139087015451,-0.5516309909706474,-0.507898131589414,0.4741047563981175,0.7887113752463508,1.284043233994783,1.1966548993006825,1.382485915392914
2024-04-02,002594,0.38076260481175467,0.09536776713081849,0.33021847503135104,-0.5123311990452482,-0.579567059480081,-0.5349733882657918,0.3787987172577102,0.39101883663556253,0.3732189703182433,0.34203640283924786,0.06542909434934135,0.35555304731102744,0.4237398208857272,0.9987826898919635,0.7117792849543301,-1.1025287301764877,-0.22928686672878246,1.3724046833977135,0.3363820376919448,0.18076800056337922
2024-04-02,002601,0.3844840196396781,-0.4562663178221088,0.2621810759051136,-0.47838702696301005,-0.6126230919835981,1.992858594854394,-0.12580845616754915,-0.1306289179220208,-0.13037354701920725,-0.13477660208252254,0.8715480336435327,0.7986832489227074,0.5332995184025504,-0.6133876233394807,-0.6556773771475427,1.2329182604395472,0.8140045952327778,0.4571103309032939,0.83622279108845,1.2776044517438685
2024-04-02,002602,2.9184847628914548,1.917329176384404,1.5252965920176107,1.318265870554111,2.279284152006031,0.6499996527810928,-0.25328625254743264,-0.2534550416955947,-0.2546760477140296,-0.2512278508678624,2.04124892488084,0.30688299343820263,-0.7079238799292241,1.7105402933033544,1.9073586404546914,0.52678645643378,-0.32129208005018645,0.3372887094559653,-0.36919793001191903,0.17643873568432342
2024-04-02,002607,0.48587341935930467,1.1582300976327227,0.44146135825069216,1.9930157251701703,2.994931450328582,-0.428103266195326,-0.271678872433282,-0.27245615828002123,-0.2735913163333904,-0.2654162591473008,-0.17882292450641965,-0.7618104990799249,-0.8726786936433104,0.13780942197431378,1.71687303971393,-0.9811563983505177,-1.2390736504734938,-0.4487826688624145,-0.4026658496167952,-0.751040443968822
2024-04-02,002624,-1.8941248675996856,2.4559471075706503,-2.5415689109666606,0.3172137849024099,0.3639517818286805,-0.077636381316615,-0.2001251275264909,-0.19629023795115694,-0.1970011416354554,-0.19448974872487335,0.3127259980838141,-0.8979742320279958,-1.3088976424744918,2.994931450328582,2.1255783063861458,-0.5223557985596605,-1.6082621299546105,-0.5823230789238142,-0.44412231032941946,-0.7118789552305177
2024-04-02,002673,-0.43727789216329904,-0.5930696143426938,-0.5355457554657446,0.4550754996993117,1.0825237167020756,-0.9893217811665389,-0.23473229389065478,-0.23581619316156519,-0.2354224654274245,-0.23491860170111797,-0.22204340540089948,-0.6446640856978209,-0.6987178967096312,0.0313431784222542,0.051610799746839596,-0.15205073489164567,-0.4258666309843999,-0.8109991226182525,-0.7762667995462433,-0.7823943996469416
2024-04-02,002714,-0.16412049101010404,0.012447057895539012,-0.03383256924651427,-0.29022765110556237,-0.39297557399148914,-0.18662703715684606,0.11154104321464502,0.10378209549073979,0.08551096834442092,0.07560770774327855,0.631477398146267,1.8061438610493215,1.9404745259715808,-0.145496853291793,0.11689779842890724,1.0003103317543476,1.792659370369925,1.709224156518486,1.8526435756511601,1.2051246991060556
2024-04-02,002736,0.5118649137302494,-0.5257868923413177,0.4689691726030825,-0.5211856506564598,-0.5675403271466815,0.3362580472358292,-0.22295456361287408,-0.22445386853380936,-0.22533869836045614,-0.22141183064746137,0.6023224570574043,0.2724401645928521,0.01898702644490145,-0.4822255822382753,-0.6979994611895998,0.3741008232431215,0.08227764982271453,0.032768539083258705,0.19443588934329745,0.5850619721606316
2024-04-02,002739,-1.4011389043892142,0.7831785146150808,-1.4345174702609635,-0.21981139614863293,-0.06463830868553846,-0.9364417373544198,-0.14728668004740614,-0.14697613452678499,-0.15801427857883912,-0.16775231283559827,-1.1394968281629165,0.8208690675007656,1.7302992849634444,-0.31637403374756384,1.1861265867276263,-1.0061768150265462,-0.42579041615985214,1.9181026026002732,1.1245838487167448,0.2562050604453126
2024-04-02,002773,-0.30298893340134697,-0.7600195880270857,-0.39342250181667865,-0.6765271804362175,-0.7411360419573725,-0.5586450140341636,-0.13714250482527648,-0.13829798250203365,-0.13898792188963693,-0.1356566906525193,-0.05481001999594941,0.04272570182926177,0.09103449977889476,-0.6191082382879605,-0.7185032971779358,0.11406174534620153,-0.17190495279358692,0.07501578113480759,0.029181771384576064,0.06357500536721077
2024-04-02,002812,1.2963157872768787,1.1750588655370524,1.2833798601299666,-0.46058960569166524,-0.5163209861818255,0.1552999388238088,0.10563201072938853,0.11138052394962093,0.12521485439728633,0.1609901043438691,1.5687981679025695,-0.24103906057461338,-1.1391636737631472,1.7152869844572654,2.4822185029528736,-0.044908365122748414,-0.5894927889869026,-0.11441021056061101,-0.6390416376508529,-0.24226132020753147
2024-04-02,002821,-1.0220508575039395,0.8988043598576648,-1.003947305923678,-0.6546014655743122,-0.7335480684873263,0.5966884623692132,0.550906851145691,0.5856011686044933,0.6349980068995356,0.6840043078627454,-1.8573281193754776,-2.4963719447962713,-2.2397158508762165,-0.1750332613780889,0.6999651305652056,-2.007595857228277,-2.0816780421353838,-2.2529148827729353,-2.4128976798877835,-1.4520060254711977
2024-04-02,002831,-0.23798004533504516,-0.47489246439596494,-0.29730070298867567,-0.7000218115472782,-0.7757011564666677,-0.3707036909524971,-0.07105411078368838,-0.07069921457899948,-0.06697760534380023,-0.055884427269692664,0.1616668833962147,-0.3453981153569971,-0.5244124106492792,-0.2797393539139294,-0.9615764297483137,0.09917590330819086,-0.44063885056380486,-0.5346640711081656,-0.46173589123407444,-0.5347474584183963
2024-04-02,002841,-1.025574930488083,0.4535785722609608,-0.9377109016083852,-0.6809827849518597,-0.7667494727438122,-0.267822247436291,0.032485045459678404,0.038766591426236306,0.052856125268765236,0.07618062814570786,0.3086099017747658,-1.0476779725918002,-1.4970861173416121,1.015150100859816,0.2637362562867541,0.32418495343781933,-1.1313191941063756,-1.352592065791739,-1.0245268362619777,-0.7956707125080518
2024-04-02,002916,-0.3112217504178951,1.3677439484980347,0.21718922167797292,-0.6222838494009921,-0.644506629693632,-0.6754875907111711,0.3869463251895997,0.3779915177239881,0.3622212514039433,0.23926621715770122,1.4719197751377922,1.616471732029451,1.2185678005895348,1.281193308275231,2.3794946092185008,1.697847557519616,0.7231921361027165,2.994931450328582,1.2220438463283416,1.1080470253511197
2024-04-02,002938,-0.5235595094721154,0.5519027562585997,-0.6569125408045651,-0.4557755177818863,-0.4365610177734731,-0.501718504130193,-0.08603844913367312,-0.08267708254804584,-0.08925581280472383,-0.1022357586228569,-1.698477594810924,-0.5002394820475085,0.32189276429066915,1.0953748139355988,1.9160571020305461,-1.2080461472119388,-1.1413517374576845,0.018681306093310052,0.07949020963330082,-0.46367574686198354
2024-04-02,002939,-0.39247668318886364,-0.3592954116760775,-0.48813088498376445,-0.4954398379357867,-0.4619109872596782,-0.46945990689683165,-0.23013413891919246,-0.23091202818013593,-0.23106478341500902,-0.22606594608526792,-0.28735049287210196,-0.5554373959378911,-0.5482594116202021,-0.4931528616621889,-0.6082652759506434,-0.29417003578866113,-0.5643462087434602,-0.4778208510331018,-0.6985579004356821,-0.8541728641533431
2024-04-02,002945,-0.28518688438728074,-0.72426692363157,-0.5903040673133979,-0.6063776559456393,-0.6233632402996655,-0.7868766454131502,-0.1843542626682297,-0.18311155592287176,-0.1810398057823322,-0.1659420914435853,-0.3264893682246209,-1.0318270839339445,-1.1404163328200547,-0.12003130711162385,-0.37073079266665515,-0.5934474000300506,-0.9720954706082329,-0.9244495207395463,-1.1323887705689597,-1.0739902195989086
2024-04-02,002958,0.5255702951070101,-0.43892706864792075,0.4834741133794892,-0.17222750437528558,-0.25988785415818794,0.20762839113158615,-0.2766400396393335,-0.2785813190695841,-0.2798374955331099,-0.275754711348969,-0.056478793398449384,0.15714546575289767,0.23854049139058933,-1.1296961353568622,-1.2710965929023568,0.1848353002306216,0.3229364905463162,0.06841304123649064,0.2487409348755806,0.5742140257792525
2024-04-02,003816,0.7654060314104719,-0.1369197738557946,1.0825191900276887,1.207080143191299,1.4027670476322147,-0.5216367275533906,-0.2634707624622944,-0.26585672639143126,-0.2673148403873505,-0.2647829405096757,-0.32045818258841696,0.4327816360614762,0.7426846585893888,-0.6727141254861103,-0.0016164388314664814,-0.04376936277963488,0.989905492723109,-0.2423947506946768,1.1180742054381947,0.5013259889339873
2024-04-02,300003,-0.1680151262707669,-0.8239947764322466,-0.2505744463722602,-0.5750619699805427,-0.5926013132692523,-0.6916684750200474,-0.16868423454179884,-0.1680357894984781,-0.16566420702473647,-0.15911536520259062,0.287843453466879,-0.6024082683610099,-0.9198085230160993,0.17951510107307775,-0.11771014882722197,0.02704530718897665,-0.7844548721486532,-0.6191454854464313,-1.0297980934697768,-0.6571956018885097
2024-04-02,300014,1.0868348524454987,0.6648115805752064,1.0774823310487776,-0.46408709790369956,-0.431663341807737,0.02467957328273284,0.08736039492173552,0.09119877505485033,0.0924388243363491,0.08499186782885218,1.1202757250727298,0.28167933533324696,-0.2514209033242319,1.295043370425774,2.3610684527735413,-0.21097563840269015,-0.0405465493974282,0.8564052227462327,-0.2966087260040504,0.18298687349493795
2024-04-02,300015,-0.4357241506014025,-0.5661921798116569,-0.6339049811067781,0.06169893765339496,0.33988831635333927,-0.8079195774733896,-0.17546046292079598,-0.1749783111182792,-0.17193563351305632,-0.16033713521740967,-0.35358755103387185,-0.9989900337467519,-1.083541870893044,-0.33067630840430723,-0.18240032708239465,-0.4621241149638767,-0.8886726108561375,-1.2237447064008757,-1.6579287831486207,-0.9736141830227091
2024-04-02,300033,-0.9320224405841123,0.004548693472166577,-0.8436808801117601,-0.6412458270634624,-0.683173515821644,-0.8162350516307039,1.0003764996061344,1.0378842522107499,1.0347029811043837,1.0339620365707236,-0.29117038909504045,-0.47767137135585913,-0.44606578865395885,1.4610612803365834,1.071921127069543,-0.7827626979003869,0.09045538130862099,-0.6590056673075173,-0.13564874803924512,-0.6725695033033982
2024-04-02,300059,-0.37493902748178537,-0.775539963330659,-0.46957009850179054,1.2835220952326127,2.198725719043673,-0.7285456098676331,-0.1724958630049847,-0.17142632331279956,-0.17001179012171183,-0.1647893479832758,-0.4878837932058195,-0.8746099306126526,-0.8503136320715098,-0.46914750903228847,-0.57769695025525,-0.6389510238160392,-0.8008251440467025,-0.7197348652009093,-1.0245513085688382,-1.144588343481169
2024-04-02,300122,-0.572911818135255,-0.19071548428963184,-0.734834220504533,-0.47828998059708294,-0.5109951155975483,-0.6236280550449057,0.14854812379637036,0.1573848205552505,0.18130423075176036,0.21376263093028444,-0.22998199137992872,-1.4413643468135409,-1.7186010249622503,0.44360572148575944,0.7137292658045741,-0.7833913724455748,-1.350834118105223,-1.7059467749888075,-1.9177676155131245,-0.9515241551179014
2024-04-02,300124,-0.08987436679189449,-0.49150395890505577,-0.25246007211613736,-0.5440935923735063,-0.6249912119173929,0.3859117515944916,0.30177962148571613,0.30354104605117915,0.32406249941341764,0.3141237898594477,-0.28862102667023115,-0.7464736855677473,-0.7934466082399405,-0.7932942359284743,-1.0383722127599295,-0.04408441143717209,-0.36710651376827236,-1.052497540597412,-1.393790372789656,-0.758399593028989
2024-04-02,300142,-0.6706525231829611,-0.006112733491924351,-0.42302360211368323,-0.48331315931345026,-0.5267353481588236,-0.3212293960834688,-0.14456408828798764,-0.14015470340035252,-0.13295886937188017,-0.11000469733290699,-0.10366279938729751,-1.6573762148193576,-2.0615858379656364,0.8141600311415623,0.5779290391643498,-0.6784513934296201,-1.7581309719101783,-1.6424512902856598,-1.8191515495481378,-1.03614865186481
2024-04-02,300144,-0.2924347249646868,-0.5797628822081504,-0.5625738656115779,-0.42057503638073707,-0.5141788929985627,-0.26549426005955756,-0.1992982663254823,-0.20033667860455848,-0.2004802180045797,-0.19853470481913307,1.0593563787788878,0.2765822726260945,-0.2249296162649659,0.943676448027798,0.05714813385779826,0.962475025098806,0.013987433212612135,-0.10634638561479516,-0.011761981563931262,0.3314060777366774
2024-04-02,300146,-2.8615902352500298,1.2626194549059688,-0.4092041040243091,-0.46769428191722123,-0.6057502163275507,2.994931450328582,-0.14545145152809438,-0.14661286304667914,-0.14747606031706498,-0.14432987722664453,-1.8902293606424092,-0.7441314133472972,0.10960172303855713,0.6543120956218726,-0.06311555980896089,-0.8903274520514248,-0.9149009083645406,-0.2831176630846874,-0.6509241825095501,-1.3769996008232985
2024-04-02,300347,-0.9552930144015301,-0.16883648659751288,-0.889457522882631,-0.425783779511953,-0.39608662551278495,-1.1907307052866254,0.2168347585918592,0.20316711792303768,0.18022869625738655,0.17610346845373548,-0.8370998285345402,1.3435733970562858,2.228701093932014,-0.26851980110380225,2.9949314503285827,0.6381198785643877,0.03984001847030128,2.000121691520512,1.2223418185710129,0.4563388426331916
2024-04-02,300408,-0.3700456077261884,-0.08547287415641674,-0.7415470016303989,-0.5899753497044712,-0.639987784355473,-0.5029896991362255,-0.05560592346728425,-0.05644080898484405,-0.053843965813913056,-0.046374293722139144,0.5071136716762499,0.03835952989049473,-0.22499553416128512,0.9490824503817642,0.38311308489954304,0.3183034263145507,-0.538352697089362,-0.06066378923850736,-0.3104966013270574,0.00046521139527422854
2024-04-02,300413,-0.7963130042019139,0.411324895261166,-0.6852781166276343,-0.4765096209021652,-0.41494551020984827,-0.8789978262735609,-0.057642825450256584,-0.052222823465836996,-0.05689888773455196,-0.05969987007020817,-0.14065395712293913,-0.15794195948223858,-0.1184033514402488,0.8071919757977513,0.9524748969115697,-0.543252810518688,0.022532264596655204,-0.046775821658719546,-0.024815894845529228,-0.242827123898811
2024-04-02,300433,-1.4500095558674169,0.40934992588987296,-0.9440633027050004,-0.17265009718691374,-0.16331260627351193,-0.09872431350148614,-0.17215301811676165,-0.1749682202438318,-0.17958051250123366,-0.18256023444175995,-0.0505441189940994,0.944562166421883,1.2437755792728993,1.0848522919906975,0.8690676641987197,0.4183409125278245,0.6761425405750692,1.199849791955715,0.7244498123288569,0.8134670883320619
2024-04-02,300450,0.2576896131062111,1.1465350244112258,0.14745439421541054,-0.2637251708105544,-0.2493637233066312,0.18266540146129695,-0.06101077229338908,-0.061375246589615434,-0.06773502400180988,-0.06877513632435153,0.7676082294619821,0.9096850348768559,0.7311998637449522,1.035486294258956,2.5195450357571985,-0.1291705767283667,-0.023512203082887203,1.4502244616835587,0.5451216172166246,0.6304160519384165
2024-04-02,300454,-2.5878867508336802,2.2884016400706693,-2.7823635374800157,-0.5934443161665209,-0.6271117033542047,-0.34942759642212434,0.3218662984663147,0.38119032492380917,0.3680432761551775,0.3531703860816386,-1.9312434411888304,-2.1218093081240506,-1.7015216226202652,2.0104596666011116,2.9949314503285827,-2.322723778004036,-2.6600953590110867,-0.5445240366753752,-0.6933588891781178,-0.9320437138477946
2024-04-02,300496,-0.8906173051542332,0.4195392259904572,-1.0755578673053867,-0.519496749809431,-0.5018106130518313,-0.8585310634796047,0.21493902803344941,0.24762751073821723,0.28128854306675305,0.30914007262385806,-0.3477336106374792,-2.447491793059593,-2.9533290536907564,1.7806630721113752,1.807995414401171,-1.3224170334207037,-2.994931450328582,-1.8906676198741248,-1.0897376006112602,-1.1378194957739067
2024-04-02,300498,-0.5987432231377791,-0.04270435721210788,-0.8762007683721623,-0.3177635281577459,-0.26056798914552326,-0.5259962195477663,-0.11792302373841852,-0.11927668416871233,-0.12209243635830183,-0.1101410247780634,-0.10130831495798874,0.3135582483346949,0.4643046280249548,-0.053617336379884147,-0.0073788654438046546,-0.07374884061660865,0.6425180881153114,-0.18102052186806167,0.44456822027987125,0.3900532668557498
2024-04-02,300529,2.994931450328582,2.994931450328582,2.994931450328582,-0.6368422746895448,-0.7102989888531904,1.705704991754528,-0.08470740427351295,-0.08505852891762875,-0.08460021278682459,-0.0976713777059128,2.9949314503285827,1.2754862670151188,-0.09489369137152155,1.088362320915324,1.276117580068189,1.7943831833091395,0.6693641588685442,0.8533006171919555,0.4598570614991411,1.24879581856602
2024-04-02,300558,-1.1927696537870733,1.021116230811475,-1.5325601918061564,-0.6713202017843821,-0.7216515866843799,-0.5034108715828267,0.10768908005872696,0.12309602918303528,0.12901709606049466,0.1450501472437508,-0.907102923692631,-1.3482093401004505,-1.2374544377839565,0.43601819639502093,1.0025149430573232,-1.3207949856894539,-1.791875754772509,-0.8366793097650637,-0.7587264371892267,-0.9721380164839698
2024-04-02,300595,-0.08516452908847101,-0.6953910270748699,-0.16289042121581165,-0.618786063109061,-0.6778406846746213,-0.6030992690498297,-0.12254134605624699,-0.12000322712892407,-0.11485151398772966,-0.1029415551427171,0.39723679073897256,-0.8281906274746499,-1.2647345194836572,0.19946316875511283,0.26529987964635254,-0.030369995662096187,-0.9276025215554274,-1.024118364036239,-1.076477353678335,-0.743240940000098
2024-04-02,300601,0.00896960586728327,-0.2917809746285051,-0.06326458702442275,-0.6307701129814742,-0.6674699262228672,-0.5890536086279069,-0.08188397578226417,-0.07911500386811882,-0.07444070385405525,-0.06020894090971609,0.2748618210989177,-0.6360820383955119,-0.9557144104916458,0.15396332577362318,0.089590338725525,-0.1870982547961152,-0.7721943924835042,-0.7792525559615391,-1.0050594241586535,-0.6958405920226367
2024-04-02,300628,2.898763615106285,2.994931450328582,2.994931450328582,-0.5673564885259288,-0.6922248075975793,2.3650134775923153,-0.07030791896814408,-0.07346411417758303,-0.06373080402979894,-0.05350301113911315,2.9949314503285827,1.2002181394781977,-0.7994151038639005,1.6901322193832744,1.3803554244213683,2.994931450328582,0.8619202997715802,-0.512575379654764,0.1336043870917161,0.5907683472021993
2024-04-02,300661,-1.1205538239081987,-0.03838401316505274,-1.2208141447496659,-0.694734843163527,-0.7737221164658763,-0.3658812881430268,0.19636490203030543,0.20997845817502273,0.22986991510333848,0.25118537745763814,-1.141291022496656,-1.7002904987197478,-1.571312867883636,-0.39320069464696195,-0.2547330276361743,-1.0491682600248449,-1.9199781538492489,-1.3738396432098805,-1.6410148727137215,-1.339815584218322
2024-04-02,300676,-0.8184623097858335,-0.37110694080701356,-0.6212254071638554,-0.6946977890965367,-0.7589623631740746,-0.5469673426767045,0.11408212885676883,0.12472065996906433,0.1288757112443329,0.14307598778477762,-0.4720152673066442,-0.845709367913695,-0.8216130115335861,0.07867167081494514,0.3243285224563846,-0.6159217593485631,-1.0998827673936253,-0.8860680552108764,-0.5555303281115279,-0.9682465650785992
2024-04-02,300725,-2.994931450328582,2.9793564297596116,-2.978380296064149,-0.583491770220849,-0.6342380395019447,-0.06863659168806174,0.08338742768762114,0.08705142565697495,0.0515331673461084,0.037092615990811276,-2.665795062451245,0.7176288833691689,2.5455176981895553,1.021453629372943,2.9949314503285827,-1.1726491741532552,0.23285474942176387,2.489921000115931,0.698186640662493,0.1188030019251219
2024-04-02,300750,0.8923999166826436,0.13256269983429192,0.7807050632778767,-0.41033664477542525,-0.34219634860895676,-0.37452473842524336,1.5244451622746447,1.5008636627312348,1.4355137865499261,1.2833032080978533,1.220550490541487,1.8803323891152275,1.6905601207176346,0.12181037251500852,2.618371353409143,0.7443090622330395,1.2980318038198841,2.714326328198871,0.9397628721793511,0.9603662442701622
2024-04-02,300751,-0.7733137899073944,0.2764536901456888,-0.8911856797795338,-0.7043412570707255,-0.7750631848881461,-0.7498269779464338,0.7497367189687049,0.7786295059085266,0.84036450183227,0.8884695906393524,-0.5120760934006072,-1.725035451963844,-1.9367566873687556,0.511313326791139,0.7492665965342505,-1.1436397607931117,-1.3409873365763039,-1.3449908662435979,-1.7271592294788538,-1.0598181645160134
2024-04-02,300760,-0.005702448887998769,-0.9902226852970694,-0.10961263602120841,-0.6864203222427462,-0.763986049327442,-0.27568276095490957,2.4202786878551583,2.4571051979888083,2.517935741253785,2.543412296955393,-0.6581351757279907,-0.7984826971320741,-0.6585525627091375,-1.2170016578974334,-0.8154052608330711,-0.7004253669578331,-0.5423075259856748,-0.7147550940532865,-2.237852938522224,-1.134978030686812
2024-04-02,300763,0.736265753907212,1.2688491423561465,1.4982670002588363,-0.6076230843083708,-0.6707793937856396,0.19121372025992997,0.30688196011633007,0.31350073913074855,0.342558663042013,0.3757645030364778,2.0499516336252523,-0.19849088055556327,-1.3331801690447145,2.419595220480602,2.570312125990929,0.9129993305973386,-0.5043859467234093,0.15195610607274498,-0.6022159667494571,-0.20126994260648962
2024-04-02,300782,-1.3028282520966945,0.5564939265603157,-1.1193244917164784,-0.6592923340073533,-0.7245847038200935,-0.30269799167402894,0.7099868792811949,0.7401530016406465,0.7732218625285753,0.8112806460590458,-0.7299314665199772,-1.3809532250381353,-1.3755204604477533,0.899769760823273,0.3258829193821099,-0.7986692303763288,-1.8389788346734215,-1.2979586195122041,-0.8804962360102809,-1.1884360832087135
2024-04-02,300832,-0.5354382534791491,0.814426018787131,-0.6685357053579397,-0.622977289797526,-0.7602451068809265,0.4265685165681167,0.3666579747453404,0.40956586386985666,0.45408098624735266,0.45866712066631266,-1.7265378220634646,-2.9949314503285827,-2.9734909331756736,2.3324845390969036,0.8424122737911269,-2.994931450328582,-2.9831316104431207,-2.2468100431103943,-1.855788997370957,-1.4863725385970967
2024-04-02,300869,0.31918899568774634,-0.9491933953774989,0.14879370543288056,-0.6988549025169786,-0.7682406333006828,-0.7110045609493062,-0.1371223374789104,-0.13613853537029316,-0.13483221818602406,-0.12162186645686465,0.3549903210518052,-0.30265686442972706,-0.5748626072661996,-0.685461128778383,-0.30613933782173,0.42333015998379114,-0.5168171870229931,-0.24578374310066958,-0.5175294101564244,-0.4197460833669977
2024-04-02,300896,-0.6100846071936676,-0.3103249058218802,-0.18848350391427418,-0.7013460533223382,-0.7716716306888596,-0.8323962863369606,2.1071201334829337,2.0842574780323684,2.074558007228101,1.9809028246100144,-0.42881543113653553,0.3282611169599636,0.670245055109253,-0.6678020737023914,0.1065457104720511,0.24077782753060942,-0.2609107016030765,0.927041477679944,-0.0009948217572494475,0.37919842136240417
2024-04-02,300919,1.7569835836069951,2.3523576118414837,1.6990307290474187,-0.6712925582740877,-0.7334515006800432,0.6890787980769865,0.06834258729853826,0.06666785927325661,0.060172789505138366,0.040288545464603545,1.8508663538552736,1.3681648491245615,0.7001344780710038,0.7939302135004135,1.9989658650630384,0.7837478288239381,0.275127230229557,2.4103510800122665,0.27464449155312126,0.8026849083178885
2024-04-02,300957,-0.8501374241473588,-0.02037361163490323,-0.9203913860207561,-0.6950309816195531,-0.7655408150266406,-0.6175661265032587,0.29538657268767415,0.3100900235675324,0.3333131059565753,0.3456378633207837,-0.1837297143342334,-1.2170506042365365,-1.4547117269207934,0.28590465867206233,0.7194836575539566,-0.4359345705825903,-1.5325239512899806,-0.6026758654746884,-1.871327260211261,-0.877132302931864
2024-04-02,300979,1.8489692054450237,2.0684244120906805,2.254759440276464,-0.695572088629571,-0.7786402740875067,0.03874337462953693,0.2618684430272777,0.24330861647473637,0.2360756986412975,0.2311711279775935,0.4605681108329435,1.3634912866387643,1.4802524718417744,-0.08504510833407919,0.5668926024639395,1.3258464395879015,1.2733069424876025,0.7342370277928021,1.1385096325295097,1.485025312395394
2024-04-02,300999,-0.25034022168949255,-1.2463071074014689,-0.06740324232915541,-0.6577804692581675,-0.7225527795437312,-0.6888055085501258,0.0035045687316460866,0.00571897761104942,0.009592371523254444,0.020148322522578987,-0.015082144452845368,-0.39640973314042544,-0.4932154172937684,-0.3585214807432065,-0.5091027186341733,-0.03654070593757361,-0.39965574580147856,-0.5923477309646429,-0.8576952342365495,-0.6355493536627763
2024-04-02,600000,0.6579347599235079,-0.9094512394205224,0.523776013343148,-0.24258317887348477,-0.3564627820169906,0.4399269006562962,-0.2365876897563326,-0.23900490948693898,-0.24061330796365057,-0.23710501781520804,-0.031190060815739114,0.4892756999337425,0.6495815312352532,-1.2581663791313746,-1.4414738098256412,0.14812648008709095,0.8088124101768579,0.17730467993663174,1.1875739254336757,1.7290545723465136
2024-04-02,600004,0.1018661072807871,-0.8260003075660801,0.03505141121715613,-0.5301689092624474,-0.5124655544791195,-0.5926941198212431,-0.20177884992850803,-0.20331348656653714,-0.20393909654282372,-0.20144762541943617,0.29850061143513024,0.14385319613654357,0.023596921922559203,-0.4637468133623197,-0.6192707956724698,0.4800749899570341,0.025752263423829257,0.3639760171067598,0.2695870652573247,0.26857018504034347
2024-04-02,600009,0.4353767777015263,-0.5792092049288121,0.3700048104620275,-0.5752557686325,-0.6279391302497491,-0.11440489680974318,0.05452795503778521,0.05476062742534195,0.05303285628896747,0.04824903286341764,0.32642623696955125,0.28861045109326805,0.19214718943654693,-0.31576870654091677,-0.6055570086042571,0.2641067347475177,-0.04934646024774468,0.4420496714202603,0.3709272873232144,0.400357875864607
2024-04-02,600010,0.28252819869254,-0.07897709967981198,0.2262531636114028,2.889278615293244,2.994931450328582,-0.33422505516699813,-0.2855943414258654,-0.28739065246215145,-0.28904770641450717,-0.2857169688285601,0.18471223084185093,0.568502667951862,0.6280476887678829,-0.8830317428468599,0.45340826882418844,0.3011221302327859,-0.558081149682494,0.8380347235934417,0.8075112717998498,0.605170700700102
2024-04-02,600011,2.029480266276499,0.9402016932012611,2.304125387714939,-0.07650743878249656,-0.051972244663655506,0.0034159592557011327,-0.2130322292007711,-0.2157555347601632,-0.21692125234110898,-0.214919883195838,0.3905769538493208,0.5756155368947935,0.5208211749327961,0.062062972359900194,-0.23980801987792272,0.18984308328900956,0.6366231149006637,0.4145719598659691,0.7775277231756796,1.2439732944827704
2024-04-02,600015,0.28252819869254,-1.0393928063544415,0.11455340860830152,-0.2014472829162531,-0.2872527865494679,-0.062211262165062904,-0.24404960791177582,-0.24666388319250437,-0.2486671930271531,-0.245779930053196,-0.21164428308279432,0.6703451986982144,0.9855112453419702,-1.3495925126584503,-1.3546007650854295,0.038524004272534836,1.0633165177784958,0.3137665979744296,1.7728683920316126,1.2878308056923566
2024-04-02,600016,0.9837186147848687,-0.6505854896019398,0.9683503865055206,1.066280570225876,0.52436987125894,0.61199356604313,-0.26635469299264136,-0.26860144424112004,-0.26998095406354444,-0.26604785212106324,-0.49089966352102604,0.24805271568268555,0.6023285856729761,-0.9912744692719722,-1.3874510532065396,0.046793416651580724,0.6574666198200887,-0.06111017398759381,0.8890149394578076,0.6565768328998588
2024-04-02,600018,1.140008044877727,-0.4265518787131085,1.2654879063363647,-0.39330118451655677,-0.4857399537763229,0.8557114331252617,-0.25189470564817434,-0.2541815846558064,-0.2556202963076816,-0.25029944370970897,0.4183426404587678,0.6336010091560098,0.5787781374080195,-1.4198594385510548,-1.4665484718003863,0.5804327255837191,0.8417054199577148,0.11652661331160163,1.668139062475602,1.8197230618359832
2024-04-02,600019,0.881581221933446,0.04234386471183618,0.8602543916813318,0.09581279383605718,0.17788937911520317,-0.21867420817355415,-0.24058082433681302,-0.24276880565581366,-0.24348139994864706,-0.2409152836241353,0.21381002549751807,0.2134689278443071,0.15924655388821157,-0.7353003082598472,-0.8881953651019622,0.4985557129333734,0.39620371851709274,-0.10425359870168611,0.4916845596252616,0.38202461820382544
2024-04-02,600025,0.34978681633315134,-0.2703168226548405,0.2262531636114028,-0.3565653119744817,-0.42618545893361887,0.013311124099875643,-0.2102289680558884,-0.21257690930923684,-0.21296247748857858,-0.21090253772338208,-0.5906826084791578,-0.13343885540283873,0.16568697440860358,-0.7611144967333374,-0.9967129110177245,0.10330247707840484,0.2336124384606795,-0.372507249051428,0.2078402993164588,-0.2763343092374087
2024-04-02,600028,1.441490596275187,0.5530612933363618,1.566650223648529,1.2617566539144354,1.1873005076624765,0.6653428703254235,-0.24366642833082064,-0.2460382489767665,-0.2474553231743377,-0.24520873531462947,0.560089941730454,0.6926938262323487,0.5739033146593039,-0.6472554630680212,-0.6348203814565043,0.8406386981057009,1.072770049538171,0.13711161526046822,1.429875675202713,1.292108187987934
2024-04-02,600029,-0.1433256665781927,-0.6202552485040367,-0.22444462620910846,-0.1827655633953845,-0.15940012995888125,-0.23952215939254484,-0.24485630176641837,-0.24636115695908284,-0.2475209661246985,-0.24156413323652512,-0.20612022352648252,-0.06777656242114878,0.0338750632667644,-0.7821916718720561,-0.9693461284988204,-0.08439287621992894,-0.020683156780288543,-0.027239040299287774,-0.0729753197171801,-0.18007099821993855
2024-04-02,600030,-0.048652942458563955,-1.1764044891699268,-0.1590897784991053,0.5015265957103823,0.4611558005480195,-0.2777367678363948,-0.1169751584592136,-0.11397897508383506,-0.1090395881519357,-0.10019084694551145,-0.6172441339785366,-1.2391813520431108,-1.2521105222449342,-1.1564587877381385,-0.4344299293208297,-0.6629089097173153,-1.144653619849435,-1.1346523171189107,-1.5726044928411673,-1.172852333365955
2024-04-02,600031,0.06604996519348796,0.2767448597138028,0.08859333761611361,0.419703275638461,0.4045839468449299,0.03002152901536854,-0.16247269186105145,-0.16632034084242261,-0.17013297710699338,-0.1678593039950881,0.19202227187653934,1.0420743082839021,1.2274960921764397,-0.42035572371937685,-0.44612331073491057,0.013139881086047177,1.0971996630509977,0.8503029921390454,1.3074582374549448,1.3237245837508451
2024-04-02,600036,0.08403503318267777,-0.6322792714749984,-0.12311078872511004,0.1809453949860934,0.14714065315206543,-0.21982669197449825,-0.025536410035484493,-0.03143562210422325,-0.03500443906035326,-0.03355088555812708,-0.28979758459047855,0.6180287162353195,0.9634951008218792,-1.2047729570434929,-0.6853766762654355,-0.1647232983742608,1.245403371850437,0.1354046645179831,0.833344063560832,1.0819460431318626
2024-04-02,600038,-1.0225232175270502,0.14584021839961728,-0.9341305119274743,-0.5392556839920908,-0.6272542748807818,-0.05848574491864161,0.10050950475240854,0.09814129667465143,0.09115121261773267,0.077593946849291,-1.2748073618875213,0.015206782902291341,0.7541338322585953,1.8333826684147407,1.6419376107805417,0.0847291230852738,-0.4844580127676879,0.8398361262941246,-0.0724535417482825,-0.06283375625692976
2024-04-02,600048,-1.650683406238051,1.121859722543632,-1.746277880086002,1.1938562524741925,0.9440906847126909,1.293010130029574,-0.21508929853010952,-0.21517026404221487,-0.21581542110041488,-0.20980501550668018,-2.553353391065934,-1.4568017894059873,-0.46153576282720166,-0.8826422904884662,0.7099370012008719,-2.5983219617650235,-0.8223696828080083,-0.7872442284382756,-1.214084832699323,-1.6884232856859922
2024-04-02,600050,0.006493962493307596,-0.7472331704028613,0.07985303120372297,1.8128476764269763,2.1412416315886014,-0.5328618667789506,-0.2579650769043592,-0.25978201997410527,-0.26097272149094974,-0.2578992673612106,0.023799348978333267,0.12988067660174574,0.15863441685960053,-0.9651108963093349,-0.6236176523730795,0.25612911768465924,0.43003855116495154,-0.34466851442244373,0.46061963711629045,0.27688851383427543
2024-04-02,600061,-0.3985323489952106,-0.8578842257947996,-0.3925563417411955,-0.39869519798272457,-0.4408915278851662,0.07332285232104467,-0.23926994682301894,-0.24019563267173039,-0.24047697260520884,-0.23522404420482274,-0.5857180812528536,-0.6900577897937233,-0.557941228480164,-0.6525665732259509,-0.9604080665226411,-0.5583487362599008,-0.5917397283001685,-0.5790779722364697,-0.8531259567310492,-1.1449395183717495
2024-04-02,600066,2.994931450328582,1.5952088024974618,0.2262531636114028,-0.3993371743973273,-0.5244966071618092,2.159272518770937,-0.13472242326134895,-0.1427985125055675,-0.14726398309282226,-0.16116717953538703,2.9949314503285827,2.9949314503285827,1.9527504981095334,2.3881403315070306,1.6518194066090923,2.994931450328582,2.994931450328582,2.155054593711078,1.6163472415207811,2.271347157070186
2024-04-02,600085,-1.1706584899434502,0.179579873196045,-1.3117111057711348,-0.5665554148871849,-0.6414683040520548,0.3719693664912785,0.0999851537468909,0.10097683239436663,0.10875867168759684,0.1606070069663411,-1.2123927680893207,-0.894071953152422,-0.47537381218346275,-0.06417332114565462,-0.36841116459378304,-0.14892483722485877,-0.6773080980028338,-0.8875210899693852,-1.1878051527797924,-1.2424891500570503
2024-04-02,600089,-0.1615745334056421,-0.6886854230456078,-0.201312786003087,-0.23692802245900402,0.10678811074265505,-0.8515107256252124,-0.1518646676725024,-0.1525261154728469,-0.15052088332226374,-0.15191589556724433,-0.1642394822632472,-0.4633719699937115,-0.4974145912374415,-0.7285435231518811,-0.42962171019462114,-0.16729141059105926,-0.20105979791644651,-0.12213197833081355,-0.8821616383341926,-0.6954514251541868
2024-04-02,600104,0.3648541989624828,-1.091540533256153,-0.033729890315263196,-0.4029708256015564,-0.5292013075259158,0.28872156400144267,-0.15394190434820687,-0.15687528235966997,-0.15884238964492967,-0.158088595204261,-0.0059298484953212915,0.4901454580728557,0.6363033148410847,-1.362489848010291,-1.3170281479125587,0.16088503342965907,0.7605970526322181,0.062049223184549786,0.9259462888653159,1.5286073739078478
2024-04-02,600109,-0.08015649928625322,-0.9614746570703898,-0.23381186055811304,-0.4316062673876839,-0.3324253986503273,-0.8358850309817049,-0.2183160739486796,-0.21882316059216836,-0.2186835130854114,-0.21369983884488167,-0.10915041170510353,-0.5219121844484417,-0.602647635290739,-0.7227793005590527,-0.6682020643948016,-0.1804062684840811,-0.5050825830797075,-0.650821204506461,-0.653187272007618,-0.8011851478765044
2024-04-02,600111,0.9593201585517023,-0.22348711736513913,1.0084333763337296,-0.30456551647155344,-0.1464070795009038,-0.19673386316596073,-0.10660914242705725,-0.10654200061611208,-0.10742881113923522,-0.1095594760563204,1.142589889766424,0.48091815063286436,-0.01430684640227986,-0.08334562833295565,-0.19798227435520924,0.8697803453412001,-0.1684601911675081,0.6070086116908393,0.4129102295678592,0.6657713151422245
2024-04-02,600115,-0.3751921916042997,-0.9224070918545374,-0.29722622875445165,-0.03441431276134734,-0.01184588054023456,-0.1325478122580369,-0.2648421420151867,-0.2663410883649057,-0.26772384646267566,-0.26243258632862543,-0.4954245278544484,-0.1933751219885655,0.03434578700469831,-0.8992527472972689,-0.8888261577598344,-0.29417003578866113,-0.22962150605772927,-0.05972955712530023,0.017944491363380943,-0.48508459525883535
2024-04-02,600118,-0.32915430080642705,-0.68216857100653,-0.12395002022626297,-0.5441885801801563,-0.6085450822859776,-0.6444191528982458,-0.044977731932369085,-0.04470512200253497,-0.044568111982155,-0.04469349711983155,-0.2128885352505146,-0.14508642638953168,-0.06168969172286567,1.0472234047993563,0.01983064107175896,-0.6124637429282995,-0.18654370875998627,-0.291420979779056,-0.22072001272309602,-0.35142914332339775
2024-04-02,600150,0.2660407483682071,-0.5537553616484844,0.612539289425744,0.039163595165529204,0.038706366491624865,-0.34239257091507613,0.05910594266288142,0.050905913386440856,0.04994763762200818,0.03205540317547671,1.0274199712016356,1.0708373333104189,0.7877826909883309,0.9895616847960148,0.46287682593937907,1.3989722901209936,1.4060704509173438,-0.0369282706007241,1.8538045182713043,1.0422774138083342
2024-04-02,600176,-0.1233890668970288,-0.11477383771977767,-0.14232414404866606,-0.094130764754966,-0.24171198468132019,-0.09926900555853023,-0.19956044182824112,-0.20466566374248676,-0.20827658072435895,-0.20736320114090478,0.9009455698137753,1.8858241695030853,1.8828973203850017,0.8078654896801232,0.9812205567672225,0.4052249474434385,1.933419331779229,1.5678268529898556,0.9738931674880401,1.4121639141919775
2024-04-02,600177,0.6905788087261855,-0.9418381486878374,0.9858114976324337,-0.5476540176834449,-0.6172331446956616,0.09908479043834835,-0.24209337531426775,-0.24423198245068453,-0.24521336394662913,-0.24142435446364327,0.23447182112809442,0.29823710113376956,0.25568659748650135,-1.2063515798113256,-1.2260340647833947,0.4351648011776906,0.4315945586971284,-0.08652752059006032,0.643018192542252,0.908940226261263
2024-04-02,600183,-1.976863142049385,2.2477306711156144,-2.432434428429045,-0.4649684553542559,-0.4852843969456103,-0.36143778514852154,-0.14178099448947096,-0.1390749798344823,-0.14063404510637792,-0.14347222228686335,-1.4144056322524154,-0.9342300293699775,-0.41455758852991553,1.0977956996812346,1.5209730374687112,-1.3242517743257811,-0.8266561242738707,-0.2896076025055763,-0.4222271688679676,-1.1731056708682865
2024-04-02,600188,-0.5819708910183292,0.7788414643709307,-0.4525110866424068,-0.2235326831620931,-0.15635716394214036,-0.2916660524774368,-0.14105497002029269,-0.1413151539618018,-0.13629151146712257,-0.1343624427554652,-0.4127174574845194,-0.9495677542027615,-0.9879040321791236,-0.1957294723651787,0.22532827703096137,0.020535559896208602,-0.009902561723159536,-1.7316504610198817,-0.7759635497215349,-0.6404237792710882
2024-04-02,600196,-0.03770049527088465,-1.0572158593582675,-0.11265737912764559,-0.6064208856904614,-0.6439587453984582,-0.7744032269833107,-0.07422038416316029,-0.07093130469128935,-0.06658879709935529,-0.06042982588414667,-0.2274353772408176,-0.8309202488551738,-0.9352121966730459,-0.1642771979506352,-0.5605633504545331,-0.5106929706847011,-0.8815601101707582,-0.9177727664413029,-1.0481710598858656,-1.0024223648121071
2024-04-02,600208,0.5744112905587304,-0.49794720526009434,0.5351644477826453,-0.12463714284420982,-0.03693662906902678,-0.016142364042981878,-0.2808550150298406,-0.28254703272740656,-0.2836649844849186,-0.2790265700327218,0.00657477166025968,-0.21958414273225732,-0.2788214829321403,-0.6974723976807954,-0.7809779385971426,-0.40631630877137404,-0.1096330753131026,-0.305297416856782,-0.5821262617683363,-0.47489951304525096
2024-04-02,600219,1.3490241112805144,-0.09553718290431282,1.1260783676781378,0.6341598640229861,0.6541414029861284,0.3114746971422023,-0.27339309687439733,-0.2755237841120263,-0.2775197944396004,-0.27553382637453844,1.0530477231689637,1.3949992170425225,1.1794882699876736,-0.5657759424568441,-0.6117871887254508,1.082578391810047,1.0865775401885391,1.5545560823740916,1.7415519737629959,1.5472878853494305
2024-04-02,600221,-0.1532115598791161,-0.8614770322191762,0.2262531636114028,0.33992028189018336,0.5588600197074032,-0.33852815901937117,-0.28787325156523047,-0.28967119008726055,-0.2909765992635717,-0.2868904202552225,-0.17905879799098987,-0.09698573525778742,-0.01876743015900237,-0.7055230220945927,-1.2045777526635908,-0.12270000970639418,-0.11128653731763359,-0.027239040299287774,-0.18207909301385855,-0.2748322419199834
2024-04-02,600233,0.8522746475253917,0.9090218984045798,0.9162994790880975,-0.5346062808244911,-0.5648073861947476,-0.025095093557314235,-0.1535587247672517,-0.15651201087956407,-0.16470481005792428,-0.1749207205214153,0.8239870808926324,1.8473485893361579,1.879496051171754,-0.662074262109922,1.024701753811861,1.0268551477062586,1.5623626703480633,2.994931450328582,0.9477665848741884,0.8124896822746597
2024-04-02,600276,-0.8599601926843663,0.8269002410836342,-0.8168957274349494,-0.4406659867668263,-0.32682934622247484,-0.5258046942465238,0.15778476843202713,0.15599227988151135,0.1493563117569136,0.13616988100609692,-1.148311027589735,-0.01291058861698927,0.6432345859323908,-0.9882262084224768,0.29441831304225,-0.7120230882298135,-0.061746899866614045,0.21643983589580174,0.3522696252510512,-0.07955601309692947
2024-04-02,600297,-0.10852030258971548,-0.9834354257796425,0.2262531636114028,-0.12754147590450157,0.09520157399804731,-0.4486582820302822,-0.28638086793414186,-0.2880465593012315,-0.28940116845491165,-0.2852217032999541,0.16133353539788287,-0.03658276342916646,-0.13038367454706867,-0.14301658091640934,-0.4057935740537023,0.015148442634249328,-0.2929177786452743,0.12905521057616645,0.1214049660412628,-0.10134922613198578
2024-04-02,600299,0.9877717385772967,-0.46028934547274203,0.9726399658286046,-0.6446342156338029,-0.7481982929239743,1.2424631045300834,-0.21704553112761762,-0.21967079404574869,-0.22111230224876235,-0.2189251490212548,1.4072345734783551,1.0808752078579793,0.5888962991345748,-0.3510343888554408,-0.7425016666060639,1.3856905379719973,0.9372522294605825,0.5756102130774668,1.1525320498057,1.9640149014660657
2024-04-02,600309,0.6186154267779157,-0.2942105354719519,0.6217110736431815,-0.511196638803591,-0.6191990636356458,-0.16180352219185373,0.5012750117388103,0.4778104477575235,0.4643263359613631,0.4482579162462721,0.9161198876331802,1.6198250957390914,1.5399155101264066,-0.7590729565529906,-0.7878904871106608,1.2365233704956282,1.5271377205745233,1.2863613361971264,1.6013993715975838,1.7422889185525483
2024-04-02,600332,0.08067816347184635,-1.1199892457499807,0.1311335195719379,-0.6418104604652203,-0.6951501641058644,-0.8100242008813214,-0.03035640581697354,-0.0322126194366719,-0.028470440770590067,-0.022687831542186336,-0.2518335322838403,-0.2590059091508954,-0.18647344873050506,-1.4875891167649935,-1.005948162252003,0.16858622865900336,0.10520793232835954,-0.46487960525065464,-0.6419573632536103,-0.4691236710481457
2024-04-02,600340,1.1540077158358522,1.9184569386443926,1.1485739977798062,-0.19042222758713806,-0.0680871475161544,0.8352552861787613,-0.2876514107552038,-0.2892978277327073,-0.29045650511840504,-0.28578081839148145,0.09141934854817721,-0.41216331134693185,-0.5714168181488101,-0.1863879725809564,0.03767837839918649,-0.6228209191130061,-0.32999652520430833,-0.027239040299287774,-0.8003338083616877,-0.6158981156529195
2024-04-02,600346,2.2712722067299773,0.6303789358551227,1.9790800882753328,-0.371892462113136,-0.49155634401797627,1.4782675503167857,-0.1715883324185119,-0.17663321452765038,-0.18197395546054412,-0.1807258537556686,2.065671723929446,2.462389014550649,1.9260729926429874,-0.4806558808095608,-0.5692576071119362,2.1391770711893106,2.3112827001153162,2.226344032533183,2.221329288018907,1.919969864919767
2024-04-02,600362,1.649945739315412,0.9965949637902768,2.0378032840801694,-0.13817364049156022,-0.16108210594273634,0.34825537321917244,-0.08589727770911072,-0.09039660150029562,-0.09969304191209673,-0.11575978631514093,1.5325230311063442,2.0688363097519544,1.7457069358569328,-0.28773121307538224,0.8242400355415497,1.5920002511162699,1.021416828949715,2.895315511079241,1.7973341063280919,1.1403898571848328
2024-04-02,600369,-0.5222681891706777,-0.5335491643425132,-0.45694745429111067,-0.17932747532249346,0.03218623935447663,-0.6511442499051299,-0.2641967869314727,-0.26551363666022015,-0.2660474264996144,-0.2620701969174503,-0.41915243017466025,-0.7166733067493021,-0.6838594583808448,-0.520803873439934,-0.7164381762449991,-0.3572710053869334,-0.6365728568889408,-0.7199335854261463,-0.8329020988980087,-0.9855645273128306
2024-04-02,600372,-0.3436846279972627,-0.6402416267186466,-0.38178368768111975,-0.21695735075068517,-0.323220414448716,-0.22472109374941895,-0.18683484627125543,-0.1879047212853798,-0.1880686509286617,-0.18233589813960394,0.13044098685289626,-0.06829653855337119,-0.15379332798046277,1.4640403245380642,0.4099036645660595,0.5751645588112163,-0.3084284780848404,-0.1802660478757252,-0.21584930855806753,-0.14769970505857452
2024-04-02,600383,-1.1547285965961733,0.09464041975438545,-1.1293890073447808,0.2390314680321363,0.27130701171401106,0.39901376162694674,-0.2635312645013926,-0.264383458722113,-0.26511327682140245,-0.2591572763171472,-1.394270530943132,-1.2533058309907714,-0.8461171245222567,0.2536217573648309,0.42744479125626356,-1.9464398132995748,-0.9162441869041642,-0.8621075823821408,-1.3113261643081457,-1.525808339684603
2024-04-02,600390,0.4140014017098533,-0.8134436158759575,0.2262531636114028,-0.35823774434729255,-0.2915060904192154,-0.37721537738788247,-0.25562566472589593,-0.25682539376102137,-0.2573219635593432,-0.25284997489883687,0.1828622602900298,-0.3861683680194512,-0.5879102227986929,-0.5544145456973674,-0.7494265302774858,-0.08885234729102191,-0.36029308253406006,-0.47282327105601857,-0.38750872021210175,-0.6047222865609407
2024-04-02,600398,0.6696066644287801,0.901302803568719,0.8012368897469161,-0.3756325702399881,-0.3854685670674003,-0.29512778961355934,-0.22269238811011527,-0.22623995331099656,-0.22706561290071814,-0.22734466300755737,-0.05717362621072321,0.530576273220491,0.7173076996596702,0.08398930779553342,0.01639168628353908,0.5719217037954881,0.8650010835696668,0.2980028172543638,0.2206710971511227,0.7245243336448698
2024-04-02,600406,-0.16486637654496422,-0.6621793996016121,-0.1364572767918988,-0.45178661806238474,-0.4458244066969707,0.2632038509713347,-0.06990457204082283,-0.07019467085663021,-0.07017896153832102,-0.07841814598933594,-0.567622214165461,-0.2697929498271516,-0.023884350799234132,-1.18278077758946,-1.1212525016999781,-0.39656234907015087,0.07330157647128192,-0.16590990592783186,-0.3076752971577033,-0.7870174096373914
2024-04-02,600436,0.1459110698029989,-1.2310048405412861,0.056217718808169774,-0.7099758278924337,-0.7881127199127697,-0.8244872006125347,1.9668159048142342,1.9768804830377416,1.9757906142236434,1.9432384851418774,-0.11765806646010997,0.08581290596594378,0.18146948245618966,-0.6746309999408826,-0.8034250455352995,-0.11262427310792157,-0.03308237605187466,0.19028843496244288,-0.30275840520345176,0.19405054121673795
2024-04-02,600438,0.43321629963951547,-0.6016312290382511,0.3324850984395271,-0.3606750785315472,-0.271849941265171,-0.5027393415007416,-0.059478053969568324,-0.056995807079450234,-0.04948628380149759,-0.04412402804512772,0.04851666760954748,-0.8485409851791534,-1.1058787979851226,-0.2817936959935909,-0.3415411253520371,-0.49649908122286224,-0.5670095574276337,-0.8502493020794065,-1.6376724058313592,-0.8210122870312713
2024-04-02,600482,0.6762950113044559,0.1375747760191376,0.9672394625191529,-0.39427988241293704,-0.449028985779753,0.029635922856309345,-0.10346303639395146,-0.10636036487605913,-0.10468190613952023,-0.10376124547751803,0.888056354431476,0.41787504019870697,0.04549862771013824,0.1306764482149583,0.11730784570190896,0.7669996204709733,0.6197528719558828,-0.31507029191152347,0.4789152855481242,0.4316387146174088
2024-04-02,600487,-0.9454018777976372,-0.07428780878651926,-0.9712763065588641,-0.0954647111666188,0.13977493765106033,-0.9733754312617013,-0.1805022995123117,-0.17958984074073425,-0.1790250721520266,-0.1818354556194097,-0.02068456138514754,-0.57115592486177,-0.7138421055692095,0.8933110317867617,0.6449324144655713,-0.41025930937502136,-0.5045856758461861,0.1320483560966783,-0.8262228393134429,-0.7682275535836908
2024-04-02,600489,-0.4431288139961747,0.27585100276605484,0.3300513282284326,0.318847104648953,0.11468162891528126,0.31536995901810266,-0.1800787852386244,-0.1859067281447975,-0.1909417923713783,-0.20029833328685215,0.9738776601435319,2.1463061778419443,2.1671775860422917,0.9682040325122346,0.4779238810713876,2.367902119138522,2.185136404484455,2.2046428622022076,1.8261047077536565,1.4504642998587904
2024-04-02,600498,-1.3551514308385266,0.6063281043967782,-0.86802579218162,-0.288628444627042,-0.13129785795540475,-0.9211055816290694,-0.12633280717306677,-0.12265712710858642,-0.12011304893203666,-0.13529430124134414,-0.5957919035032708,-1.1053767677981428,-1.090328299783963,1.608048439580067,2.235528996876783,-0.10223487333736915,-2.2271895779765853,-0.6462409303469007,-0.312892996104676,-0.8683053422010143
2024-04-02,600516,1.2744561043841238,-0.08674133542113241,1.5438543552805446,-0.3926056855607457,-0.45718876547900583,1.359574084665638,-0.2531047464301381,-0.2546356740059388,-0.25584752190508453,-0.25165754116968436,1.1471069757966494,0.516437460497455,0.02764917552625703,0.20244392317312487,-0.5803118742407118,0.48807338898333275,0.18998220839904628,0.5756102130774668,0.41799166011785954,0.9589597593171125
2024-04-02,600519,0.005275317343055706,-1.0164910456138974,-0.09382586919102268,-0.6980035412158906,-0.7755665855869244,0.10021543343768781,2.9949314503285827,2.994931450328582,2.9949314503285827,2.994931450328582,-0.4252305374128818,0.06830057111355287,0.33264749550214445,-1.3859023334396232,-1.133887979693338,-0.22478916221214004,0.18520217946888015,0.11491939417644782,-0.38768790805169234,0.2713958972996765
2024-04-02,600522,-1.3795719113230553,1.4795199958764567,-1.5328123448541036,-0.11627703953943296,0.28777242290429556,-0.4573635624524609,-0.16656666317336224,-0.16491770929423605,-0.1652703493225715,-0.17377487971655675,-1.317507378541151,-1.0150143832166127,-0.5753368964304816,0.5547716463543196,0.8013559650307704,-1.3222452102717626,-0.9979272405250776,0.5119390300665528,-1.2765225179006905,-1.1376659818661627
2024-04-02,600547,-0.602497632188748,0.01061277458095635,0.24889077174316937,-0.1545847691296308,-0.35288089242952975,0.6135748600663915,-0.027774985482117417,-0.040527499981317404,-0.05000637794666422,-0.0684041185938627,1.8223135863899245,2.7205801167792996,2.3843841161399824,1.447242051917819,0.6176314545707161,2.994931450328582,2.7679170974240384,2.4216239002017943,2.0596053378174504,1.6510192852819274
2024-04-02,600570,-0.6441752809086341,-0.476354472353208,-0.5607511180473058,-0.30653702809935784,-0.2053832875904659,-0.7813807096633708,-0.07504724536416885,-0.06762149787254697,-0.06572029037150426,-0.05770672830874486,-0.15705185643157216,-0.9503617795179617,-1.1264763566444729,1.4584377294166078,0.7759177495504124,-0.8143450545675333,-1.0428542107989602,-0.7267693046428949,-0.5789845300765466,-0.9750216330406188
2024-04-02,600585,0.1042420821800201,-1.1468218707564015,0.03756599831634983,-0.5128717178954725,-0.5187876656071329,-0.41820664377794037,-0.09614228966307065,-0.09701621513778032,-0.09204311346619934,-0.0819643852272642,-0.41587179747319464,-0.6719201294934938,-0.6279016983724688,-1.4424182617259296,-1.00625606551043,-0.24784039584866696,-0.5215104606411579,-0.7823870524238545,-1.1191758855757226,-0.8122636360473879
2024-04-02,600588,-1.9132183155496136,1.3461309407245552,-2.0975911916485748,-0.30413468942281635,-0.3570063459628743,0.003937916237366697,-0.1792922587303479,-0.17701666775665104,-0.1774193445970461,-0.16754695883593237,0.09335864750530354,-0.5796933502994344,-0.7864258617249656,2.811819070546146,1.2780105581815482,-0.2556938348141021,-0.8382788911435858,-0.3666983201975539,-0.4159909706120333,-0.6279177917840518
2024-04-02,600606,-0.03192317347257267,-0.36661967614922164,-0.10654301366585622,0.205550177707381,0.20120182387226215,0.06367360547916041,-0.282266729275465,-0.28353593842325026,-0.28428101832676644,-0.2791076762342705,-0.7016666275584914,-1.3543525390455136,-1.356142107141816,-0.2584233422325772,-0.203740826854821,-1.3484560377400214,-1.2164841620302682,-0.9951470082208547,-1.9822913524090047,-1.2627021627160415
2024-04-02,600637,-0.40775260696553506,-0.42566029442385533,-0.5042979921655504,-0.35822009955348766,-0.36436390080410896,-0.5476695534607354,-0.2324937184440218,-0.2331824749307976,-0.2349983109789391,-0.23060444204427097,0.2457079411236253,0.12090906654069392,0.02363905821787059,0.6267753749260586,0.10049901145719892,0.22475241156556447,0.24276161002955718,-0.09527039274294262,0.07980745560376433,0.15711012919362966
2024-04-02,600660,-0.8538127403276612,-0.1954132556233631,-0.6328825567327462,-0.5299777573295607,-0.5921331154165423,0.4029703860568034,0.09724239464110637,0.08973559825997943,0.09449900308613526,0.08324549599976058,-0.025358079864868707,0.21320960650213333,0.2928374534911449,-0.014781898669034604,-0.4055352874591235,0.34930444895515717,0.8529508492079695,-0.620381843556399,0.07727352062781662,0.23136890268222063
2024-04-02,600663,-0.30123798503982735,-0.7644320645090237,-0.3915694047310684,-0.6672871900803681,-0.7369705851898594,-0.460373801464807,-0.21877992291509904,-0.22054870012267125,-0.2209911152634808,-0.21402771497880207,-0.30674321981707264,-0.15483477823935562,-0.02180922285208042,-0.6971108859928746,-1.0162122334597574,-0.20812325906374154,0.12350506732541498,-0.3912545730759608,-0.5115297025763711,-0.38952256517103934
2024-04-02,600674,-0.18523077536521862,-0.43396097301064185,-0.35056522661516915,-0.5505839356947538,-0.6028699034609396,0.5923257041990935,-0.14333388015965778,-0.14543223073633507,-0.1474154668244242,-0.14711164737337948,-1.1631089241271912,-0.15131878637659765,0.4704706413339299,-1.215151390498632,-0.883551488221615,-0.4305117594725108,0.23078185363348439,-0.11133214267249486,0.6019059625318295,-0.38801889497329256
2024-04-02,600690,1.1610208928056656,-0.21337687792439455,1.3507479784216476,-0.0831695247634454,-0.30002605923892284,-0.06497566315728297,-0.06915838022527848,-0.07891318637917108,-0.07993956331120528,-0.08211969497491069,1.2528300248485575,1.543123797484914,1.251226545735841,0.306627843459938,-0.19362160738316467,2.304578190831638,1.8820020046404402,0.6089692856587821,1.1938551121084324,1.5644854281236122
2024-04-02,600703,-0.7497642188744854,-0.20235995883058988,-0.8662622483366692,-0.30325715501091766,-0.16708787149494406,-0.7769581873486501,-0.179312426076714,-0.17771293809352062,-0.17536421530497998,-0.17091718035986125,-0.37774009958236776,-1.1080592308899149,-1.2111763527228043,0.6310659412202223,-0.18171819710696738,-0.8065175235052016,-1.0723251776151301,-1.057200592416751,-1.2052766592512736,-1.1221681407607489
2024-04-02,600705,-0.11881105262345834,-0.9538336425468694,-0.40878741073405067,-0.06522153458496521,0.11900709861946913,-0.5451611965251667,-0.27147719896962136,-0.2729405202534957,-0.2738488386771136,-0.26913506477150295,-0.3430709599710474,-0.5228639534444212,-0.47569154261009455,-0.6733309288188398,-0.8809412992930832,-0.3722652951924639,-0.4070336547045498,-0.5930045067963984,-0.5821262617683346,-0.926401814027324
2024-04-02,600741,0.7374957527014885,-0.06483923758363738,0.506263825781489,-0.38099217635823623,-0.6054363509522636,2.2396372003727687,-0.14563295764538897,-0.14873194668063003,-0.1485061496919581,-0.14362235504292162,1.672424726597258,0.9312875880453099,0.25802573024416164,0.6752041342693679,-0.3692236005545217,1.3280697890845659,0.8594224389659496,0.33761314610546006,0.5474186853031318,1.4662067160421781
2024-04-02,600745,-0.372016503024542,-0.6317906844625799,-0.38069984302640264,-0.5354397032518774,-0.5094699522916343,-1.0028876047178452,0.06602334246644107,0.07228847634045024,0.0846323627011297,0.08495390322387199,-0.06155807954941013,-0.9859486380053978,-1.223075924167156,0.8280803374421761,-0.013467625523785802,-0.29417003578866113,-0.8878681380107293,-1.176001784233879,-1.2290539250942143,-0.9154199189196409
2024-04-02,600760,-0.8328675264838528,-0.4058078552971933,-0.7933457280806877,-0.5684545828603891,-0.6492443727291619,0.8084868735853931,0.055395150931525826,0.059987700389087614,0.06602006154497274,0.08005129218983097,-1.3133207111267247,-1.112681944688003,-0.7060844148666173,-0.9417043618090793,-0.8979737182876961,-0.9980695089970963,-0.8832050071572782,-1.068703307609456,-1.7591881236805478,-1.5811944066239205
2024-04-02,600763,-0.8745321291417051,-0.4313961047333916,-0.8386946036758235,-0.6864320854386162,-0.7551288532436928,-0.6951133484643728,0.1290059651676554,0.1397661537701158,0.14751325968909015,0.1721396185610245,-0.3629782323010099,-0.9389309637070378,-1.0010662122334408,0.3662620740566829,0.7962648451152057,-0.4475049538127021,-1.219284804305563,-0.7124935769933518,-0.7503279122673778,-0.8948377448087051
2024-04-02,600795,0.8153104362474064,0.3925548559589195,1.2195217542543022,0.8395179144819978,1.1352669408693516,0.04265882139626525,-0.2551013137203783,-0.2568758481332583,-0.2582106681180746,-0.25734015226968326,-0.6851955911472853,-0.1261674623273172,0.2287794256209885,-0.7601088168834365,-0.13716174449930188,-0.5475197531264842,0.016712756826479866,0.18344836396454012,0.14472000258839302,-0.3287791712312103
2024-04-02,600809,0.7259889252716034,-0.19335727997481186,0.9761386055867945,-0.6878883690873167,-0.7619464444301192,-0.004414045568928299,2.100424574489401,2.099060790846683,2.0912616133660737,1.9395559184587925,0.5475671261701774,0.5480458708160852,0.39789776287004985,-0.3337544098484114,-0.21827802046680758,0.1124660352408819,0.38691571946630066,0.6100146018591281,-0.022491543214228884,0.8011029508580537
2024-04-02,600837,0.07071026049797816,-1.0760684264612803,0.0020779608621297914,-0.4049790972164543,-0.41826889889811136,-0.1087758611137388,-0.2152708046474041,-0.21610871536582166,-0.2159164102548162,-0.20946505972572066,-0.4204572986002136,-0.5650087021898235,-0.487408248968593,-1.3101206768232063,-1.1587254044411799,-0.34900865363189265,-0.4517606859788256,-0.5959668481032786,-1.0410038965161181,-0.9748127255504334
2024-04-02,600848,0.28252819869254,-1.0803416750046164,0.2262531636114028,-0.6366643563520117,-0.7064929211414485,-0.6549902936805979,-0.20669968244182738,-0.20693611049314845,-0.2069283755131018,-0.20042430674883208,0.026167545663568412,-0.40756400102302276,-0.5300059124539398,0.5204938253216694,0.49526382575796724,-0.6360483540455611,-0.21603971477376127,-0.530923521806646,-0.3958974073481469,-0.6845874761207359
2024-04-02,600867,-1.0639996540912806,1.5899192875423358,-0.5252012502600468,-0.32646358782316437,-0.44803674555943374,0.9816248819609349,-0.2026057111295166,-0.20527111620932986,-0.20710510653330405,-0.2022172715022177,1.1541984922130724,1.0365420544871158,0.6739990587296519,1.3710265327046558,0.2930640279775886,1.558794944478114,0.6256124928259645,0.5251664613832101,0.8288509145143501,1.2847050217632874
2024-04-02,600886,-0.11359885455441826,-0.1799972362938193,-0.23922959335895017,-0.5084314055344614,-0.5551084420576218,0.22217614495054838,-0.16150465923548044,-0.1642819842040508,-0.16549757491997438,-0.16486355152937354,-1.0894546162418624,-0.11825688404202868,0.4711000957087574,-0.9630931300350877,-0.7738905290892539,-0.39682888003748074,0.31810090129849156,-0.20684327065080382,0.2455575356547211,-0.3127775018585583
2024-04-02,600887,-0.6355452728326959,-0.2374239759719904,-0.7705543887558747,-0.18480471339944113,-0.21534481295667476,0.0055663800021232435,-0.04913220528377807,-0.047318658484407736,-0.047087791384467045,-0.04409296609559845,-0.9575207563572403,-0.6053641828714614,-0.24073261580741098,-1.004678983245347,-1.0530687978145197,-0.7970408088563692,-0.7107716309595064,-0.5248510251674984,-0.384787557718307,-1.3878332180778983
2024-04-02,600893,-0.5476978501836227,-0.7962439245996398,-0.539158317026273,-0.5722655642423576,-0.6442115658384041,-0.31620229198390126,0.034663118867213204,0.037676776985918654,0.04320156210800224,0.04638704155552246,-0.636251007283838,-0.750450426811435,-0.6083256975978921,-0.3479886845247435,-0.7070671831994214,-0.379033862205944,-0.6660747548010983,-0.8176413947265875,-1.0770751311397566,-1.1231444814575517
2024-04-02,600900,0.04350682481344158,-0.9971192689721544,0.001296862594714043,0.42938497399922726,0.5552925312842429,0.1592171492952686,-0.06948105776713549,-0.07038639747113051,-0.07004262617987929,-0.06541526878359907,-0.9297754138983414,-0.4010786689845695,0.010107201905952089,-1.573956948720825,-1.2007139215496936,-0.4992208468749049,0.06582977768313174,-0.6700621688999493,-0.5635194167099884,-0.8151237570072424
2024-04-02,600905,1.2189864517632074,-0.4557899648228263,1.217343533660787,0.3573839224787182,0.7172778674227618,-0.08733110657879772,-0.2558071708431905,-0.25780420858241776,-0.25868531714376064,-0.2556904176169049,0.1646801796285992,0.1375755624717705,0.08986685947166505,-1.1232893895806946,-1.0435105783908551,0.06907567735929732,0.30421257963256404,0.1829853147244001,0.15432420798422272,0.32938229820546583
2024-04-02,600918,-0.541844317524108,-0.5656308481639709,-0.4543751628080451,-0.3870049339271635,-0.44213522843546954,0.15807139009644486,-0.23517597551070818,-0.23626019163725015,-0.23698779732064443,-0.23237324750357824,-0.8510382110259195,-0.5794381391867319,-0.2667368872491356,-0.6416152616830395,-0.4495422488475465,-1.027090589750915,-0.7137034362247601,-0.32881273950333706,-0.4977413121091873,-1.2091376520278032
2024-04-02,600919,0.6500195613433402,-0.4667432055406662,0.615183635851091,0.7978397351951612,0.7023032967634744,0.09942345386676373,-0.23531714693527062,-0.23816736690780596,-0.24028004375412632,-0.23816975241851787,0.06093255800713686,0.8420791902234194,1.0480354854147296,-1.5771692997832176,-1.1699879263997546,0.47386726805432,1.1498318033604888,0.43763305114598144,1.949679107609314,1.4908649950522983
2024-04-02,600926,0.9088481802123688,-0.6301498799578225,0.6888296311063047,-0.40456120968317427,-0.4941628747499371,0.14858095468179033,-0.20456194372702471,-0.20769292607670237,-0.2093672635918928,-0.20592917447096884,0.4047541105102444,0.7786629480536579,0.7705309983007502,-1.2012702299733424,-1.1440502966192898,0.47555585254285615,1.0846358618158256,0.3616925609086258,1.4391646961490185,1.6683720294381326
2024-04-02,600928,0.6545011633268822,-0.8002674768974147,0.42249163896637787,-0.3979179448156173,-0.47566649936091016,0.15100989324392255,-0.2688151092493011,-0.27043798339054415,-0.27171796751924654,-0.2674594451607836,-0.12650722497145225,-0.04668798552933658,0.016460661267219037,-0.9146597640867058,-1.2521762864981973,-0.36565904968398866,0.12350506732541498,-0.1349553483350744,0.2487409348755776,-0.1247845797108133
2024-04-02,600929,0.39126895840738807,-0.5934833976179339,0.5727422068589272,-0.5431122477580553,-0.6564158325250441,0.5482115974382574,-0.2470142078275871,-0.2491966926787981,-0.25092430062802185,-0.2450758591971986,1.0955125497081917,0.9923714433081452,0.6514439627920525,-0.12350008060330953,-0.7464340339531536,1.0872777449645157,0.7978787317723924,0.7668365891485898,1.0180624132495777,1.7495464502825278
2024-04-02,600933,-0.2667623867950304,0.9678595829996917,-0.4565861636417749,-0.6659747115011779,-0.7238699260319682,-0.41075914800542773,-0.11362737896244718,-0.11440279181062522,-0.11120580551384329,-0.10162487361544736,-0.4662106572688422,-0.5813853744834001,-0.48332016583830806,-0.674350888720999,0.07762476242383234,-0.5444382917310479,-0.3073332493673211,-0.6396160836000981,-0.8333186700560296,-0.8087109075018611
2024-04-02,600936,0.28252819869254,1.3962801522254191,0.2262531636114028,-0.5920941953605469,-0.6395966327317719,0.20758575848678984,-0.272324227516996,-0.27347533659920714,-0.2751919944306508,-0.26971143650165774,0.39510637685676575,0.12593346000953218,-0.05251937556330255,0.53939262896122,0.24959160436761,-0.053530744947789664,-0.09573742442736445,0.21844267597411643,-0.022060225512067554,0.0883399335931635
2024-04-02,600938,2.1751851901426513,0.18420341756347322,1.6303111263874446,0.010970743624008681,0.21827224397611347,-0.06082578694174556,-0.0370519648105064,-0.04221267601403077,-0.043987424344347596,-0.07281491542702306,1.2422274142730347,1.1102843108844118,0.7170757754778875,0.13284959587535805,1.99568251653163,1.329751975931624,1.0064921263019175,1.3093924540297217,0.8657750576475794,1.1786819031546325
2024-04-02,600941,0.18643941438081824,-1.0511831969115957,0.2534259154597931,-0.607695427962971,-0.6587404204625844,-0.7635114649285839,0.6650338642312409,0.657428012920982,0.6549484143515095,0.6557085975054174,-1.0049945016079438,-0.03886369526469797,0.526005014502106,-1.064521157475925,-0.4053496899363906,-0.1866683839374047,0.34580882175348954,-0.09724788291225822,0.6300567980696447,-0.10314335737145806
2024-04-02,600956,0.8964005629695921,-0.41753320417251405,0.8759382795036044,-0.5574709927967156,-0.7122528268164555,1.451995347279422,-0.2228940615737759,-0.22579595483531156,-0.2265556176709916,-0.22214523778912537,0.6881966807612308,0.6625685022530856,0.46411700392404054,0.5099164227107995,-0.23471858341546392,1.0446498783852438,0.7215420061194502,0.29384371421659167,0.5405867602200376,1.2000583572430155
2024-04-02,600958,-0.026742098899509202,-0.8941821377587542,-0.18236999076700922,-0.28719774592935876,-0.21104662545818997,-0.4812547959934547,-0.22285372688104374,-0.22320260010233356,-0.22305129401326704,-0.21780519317433727,-0.45264696385148,-0.7508104410323023,-0.7096061710000736,-0.9920269745331787,-0.7999254646442886,-0.5328874491490937,-0.736121441702847,-0.7162096155870079,-0.982173430522814,-1.0915438148137875
2024-04-02,600989,0.4747259497953478,0.6100864903497667,0.3074638030979271,-0.3210731033157576,-0.4928685301051763,0.9091749225447509,-0.14766985962836132,-0.15212248049495147,-0.15665597445214186,-0.15819213503602533,1.4232259240708836,1.7346392101046066,1.39301373233158,0.15439212938945418,-0.37494280359636234,1.634867757636834,1.5830486410958882,1.2348370355200102,1.8539818703484878,1.7947362988682258
2024-04-02,600999,0.32846461902388324,-1.1621466278594026,0.42115869837906106,-0.5393786093889318,-0.6038939062491887,0.08182848271112822,-0.16939009166461103,-0.17111350620493063,-0.1720164248365774,-0.16822169340626325,-0.002936336064266637,0.14582129628212778,0.19399585302477573,-1.3956258009372675,-1.2381922569440345,0.21509989563476248,0.2490002009670736,-0.027239040299287774,0.22923701007173128,0.6176597798875267
2024-04-02,601006,0.46627388001794007,-1.2780471982458672,0.4207183997312512,0.41651192059894226,0.6837485166525611,-0.6284906626401198,-0.23497430204704756,-0.23696655284856713,-0.23829055741242103,-0.2321126722603047,-0.3378067807969259,0.11611969274308828,0.3446800951235377,-1.7102245912719811,-1.4859644499369842,0.06654434834781642,0.42722631736825906,-0.2905982956290733,0.9692761731575673,0.60617718733941
2024-04-02,601009,0.20330278804315105,-0.9691812803049853,0.058775969339582276,-0.4659374486140434,-0.48223495040493414,-0.6614972269172784,-0.22460828601489122,-0.2268655875267344,-0.2287369834060594,-0.2286975834759446,-0.36053933916459047,0.33304137515527676,0.637196621799914,-1.081022923416572,-0.8637012702254085,-0.07679464839302923,0.6338463366668416,0.3745254150761262,0.8960968130195548,0.9830541644002547
2024-04-02,601012,-0.02279495546178135,-0.1754861939683785,-0.09688226377492905,0.5195375189867667,1.0393890293627037,-0.4777929233273758,-0.10410839147766547,-0.10245519646492102,-0.0962139655429724,-0.08532425276801664,0.0864006965365083,-0.8668819363498255,-1.1494961349527415,0.22612867872260695,0.23220752632978586,-0.4948027944864172,-0.7443733378256066,-0.5834891547459619,-1.2540948931554636,-0.7978723205673997
2024-04-02,601018,1.0379903188167714,-0.06721018340102441,1.025788252054601,-0.33040925779784397,-0.48145096702169693,2.2676207989585753,-0.2693999622939169,-0.271245253346335,-0.27260667207797784,-0.2673403743542546,0.30508233078981944,0.33798391307275494,0.2668182235387177,-1.0735150677709828,-1.4169761483512493,0.22345510544717678,0.38053624942688813,0.15842105584934996,0.654383168927322,1.6700962850985366
2024-04-02,601021,0.5927533809665897,-0.7526793237764591,0.578156098159672,-0.6966387164150791,-0.7652363904146172,-0.27051712909043124,0.24147925585118815,0.2376274541608584,0.23773697023119866,0.24275205816043358,0.7182625007301807,0.5881766379905488,0.35353397643487794,-0.7875028804273589,-0.856295180148408,0.872372348707305,0.5468348526427292,0.5645776029976547,0.7466018344518935,1.3976979858341574
2024-04-02,601038,-0.31997615883863956,0.579272174525938,0.06565003328357491,-0.6129150520503667,-0.6646088949151253,-0.5613255913476481,-0.14508843929350526,-0.1488934006717882,-0.14725388417738214,-0.15416788690811845,0.9654051784692841,0.5225627335005772,0.1345887777257228,1.4341004134265964,0.708766820055649,1.279158660976812,0.5035440294325919,0.16206606090356707,0.37721015262346946,0.4993634187507007
2024-04-02,601058,-0.3463745456376921,0.40063644991128283,-0.43933919094311613,-0.3445406790763173,-0.40109055006847305,0.2306570772927619,-0.15983076948709724,-0.1653818895188158,-0.16803240269544667,-0.1727964283063838,0.5148870262096142,1.2641854535195072,1.32297424686919,-0.19802778894910006,-0.10180972073392058,1.2087888043474802,2.2509819739734764,0.5653576747547312,0.8085138962829446,1.3715798450413716
2024-04-02,601066,-0.2825812612429089,-0.32033391358176394,-0.7839279617087984,-0.6299146345618317,-0.6637470652381959,-0.5267086708246932,-0.08672413891011926,-0.0856437996355771,-0.08246934162895747,-0.07520495987691633,-0.455831590092895,-0.6719623053501385,-0.6060292081314382,-0.8374858021650924,-0.5986250916583897,-0.32731130133397557,-0.6580529110699075,-0.702330925862788,-0.7570829519397305,-0.9778348292160834
2024-04-02,601077,0.5845260511679465,-0.2514167094361529,0.38566664112198756,0.43787359021888334,0.2940058868653914,-0.15817208027450155,-0.2606473339710456,-0.26315237203953196,-0.26499208983612094,-0.2619097101782156,-0.8154202409344062,0.45889415914479703,1.0643329954713499,-0.57591563868153,-0.2627945089278874,-0.46773627245873217,1.0263855106345898,0.18252429640197848,1.1793717554892804,0.5979259500833716
2024-04-02,601088,1.5256057337905047,0.18454642584835265,1.5618927044211368,-0.2517031846314607,-0.22171484795922214,-0.23979758681432467,0.034017763783499196,0.027989537516428756,0.025523410630057246,0.023689384768919,-0.23728994053883112,0.48812114968579795,0.7660722392631101,-0.20334218979054003,-0.1090951517412686,0.4477949464228276,1.0179703509891302,-0.2028118771858119,0.9950333821535104,0.5466711910294718
2024-04-02,601099,-0.28759858822364087,-0.7594288231621646,-0.17726220133727372,1.1342406698851586,1.8626125450735518,-0.6540203594525552,-0.2699444806458006,-0.27098289061070296,-0.27159173107624496,-0.2664861707421989,-0.2325832449858902,-0.8989903111298788,-1.0199456563109242,-0.20783481511762983,-0.2733368411996561,-0.4420629332846152,-0.9475589879727238,-0.7013449561671611,-0.8392994416819283,-0.9994123286896989
2024-04-02,601108,-0.053579604062461046,-0.6929024548483214,0.047903831037398176,-0.2617595407806849,-0.22661668426131185,-0.6273669278103663,-0.2297711266846033,-0.2307203015656356,-0.23055478818528255,-0.22591753899307238,-0.058005090012968955,-0.49559588274937333,-0.596798453312343,-0.7648227332372738,-0.6119383061364625,-0.06250563691388328,-0.4731916208428675,-0.5498414725311894,-0.5730342806602806,-0.7169148014310952
2024-04-02,601111,0.20129841680168617,-0.5296784615032066,0.31245137241218623,0.09109634045199869,0.028579707774767798,-0.09663821764008061,-0.2275325512379703,-0.22928739739410692,-0.23058508493160293,-0.22556205223734818,0.30766796367856614,0.32215402339476407,0.24524568203369787,-0.772172593955598,-0.6513014288084136,0.6575956290951516,0.2569954554490834,0.4192696390689704,0.1877758365893376,0.5413602252965601
2024-04-02,601117,-0.0020918613387105925,-1.006821611483224,0.025124009742908068,-0.1109630158051809,0.04398375315608979,-0.4976542237973023,-0.23783806523102846,-0.23958008933043992,-0.23974480123579953,-0.2370946638320316,-0.14242325576158515,-0.2626177619463877,-0.2517468430809472,-0.41061351294532816,-0.8105149538517619,-0.03249539882899067,-0.030236184631254024,-0.5112357047419429,-0.24295583608519167,-0.4482661018690741
2024-04-02,601138,-0.866895612980856,1.5058658882686904,-0.7857909052317494,2.2297018129499424,2.994931450328582,-0.9642350695884884,-0.08579644097728038,-0.08014427306175212,-0.07939422187743832,-0.128265672328409,-0.7553335126193061,-0.9919644356352466,-0.8563844351500535,2.099692762167218,2.9949314503285827,-1.1796604229601109,-1.6796180216705823,0.05735890917221659,-0.420173631517278,-0.7895032658254506
2024-04-02,601155,-1.814469389433565,0.7697388276071583,-1.6666775536347507,-0.455210296220335,-0.5234314810488347,0.46042123829090487,-0.2052072988107387,-0.20480693598475014,-0.20464097116591268,-0.19598762495773062,-2.1510196540692186,-1.484917968587988,-0.7293285532788027,0.35199789917250895,0.48732226393267736,-2.3244157292242535,-1.1307455983549957,-0.8667131761448867,-1.205375713518878,-1.8819626605091446
2024-04-02,601166,-0.7838123612497567,0.1419506991417061,-0.8560621009739697,0.6339563607344358,0.04851595957446117,2.2641898664185627,-0.1615248265818465,-0.1616886294710727,-0.16179632241116723,-0.15904288732035557,-2.05886735599196,-1.0876047378740479,-0.25078917884563173,-0.32919207474135476,-0.9985518309990467,-1.7277836382564098,-0.5813696577562699,-0.8677380338080221,-1.0955888649635157,-2.144778650994009
2024-04-02,601169,0.16220558291337664,-0.13935872584346023,0.09891103660589481,0.1772626324391074,0.3169717436016133,-0.3231047293052942,-0.25090650567623723,-0.2530211340943571,-0.25581722515876415,-0.25470851487900653,-0.447536320520578,0.7652686008120715,1.2453280388336556,-1.343628209481967,-0.7443023817898018,-0.29417003578866113,1.0931256270856156,1.0550312788016514,1.9655425497733339,0.7842451087261363
2024-04-02,601186,-0.32371842192890193,-0.7188087227710859,-0.4153613297231458,0.5645449767846972,0.3833433495919335,-0.21586229967343876,-0.22176469017727635,-0.22398968830922963,-0.2260506718989852,-0.2230097953843575,-0.38132372990442287,0.3583792935012279,0.6817985234837793,-0.9287679978656099,-0.7979791844008653,-0.2346408191865159,0.5714547718022599,0.10932008625877213,1.0354557684128087,0.9244985619734498
2024-04-02,601198,0.04759790523927085,-0.48265701442792075,-0.10483636660289587,-0.4854696471963098,-0.47581187111387907,-0.49682805315902495,-0.22452761662942697,-0.22532168373628447,-0.2257729517243817,-0.22135488373999102,0.03172760155117661,-0.2877903647664856,-0.37988146625247243,-0.56222531002163,-0.6495158152567495,-0.04768187329540173,-0.3328380138793075,-0.29829342752284144,-0.21612566056743152,-0.5323399721767087
2024-04-02,601211,-0.4219009722085268,-0.774604095629695,-0.47010617189324916,-0.18125105192712784,-0.3547044798623418,0.6356377320231047,-0.1701161161337893,-0.16906505869211141,-0.16764864390872175,-0.15917576343778644,-1.4036740395551146,-1.2425063010357682,-0.8266725251045126,-0.7442201068047378,-0.9730268815533278,-1.3673556711496389,-1.0056414957874147,-1.0100829803113056,-1.4745391766821738,-1.684254954871158
2024-04-02,601216,1.405293220779027,-0.08480624897483165,1.4145192689817387,-0.395977899736765,-0.40777805073738294,0.44522250920511985,-0.2692184561766223,-0.27080125487065004,-0.27147559354868345,-0.2674197548919406,0.7807714981927182,-0.07230592287202474,-0.5130304798955948,-0.6547805296465373,-0.9002597788150661,0.440701504563907,-0.12208555770922859,-0.23948478335205006,-0.3012420794513639,-0.15095426008802115
2024-04-02,601225,1.722467119437736,0.5852569922704423,1.8403146234061096,-0.09151874711204253,-0.05657141649602518,-0.22799284754137114,-0.0764791269561593,-0.07663264875406205,-0.07454674246617661,-0.07542239352362139,-0.14988675257821676,-0.29975828873944355,-0.2952879919851934,-0.6120342987887976,0.14241687539325915,-0.3046588937670949,0.46055319661503846,-0.8745895771840143,0.02459716046683798,-0.3361804689835858
2024-04-02,601229,0.6140693193448964,-0.4444869365896376,0.4597521089704871,-0.2584240865917593,-0.3417675939451371,0.22870139879831072,-0.24640918743660517,-0.24882333032424486,-0.2508889544239814,-0.2477264788903654,-0.07136644070397806,0.699626764770792,0.9420457839462432,-1.507904095001879,-1.2613446025669484,0.09587716639847046,0.8716545872049589,0.39659247769972955,2.0951124829731747,1.349231887849861
2024-04-02,601231,-0.8178247269934664,0.1263042396764328,-0.8466778645758305,-0.6415140279292973,-0.6852726455314097,-0.35571288382391075,-0.1666271652124604,-0.16571488837557946,-0.16466946385388387,-0.16125346272852398,0.15127953557958074,-0.4888297211070629,-0.7017237720861788,0.688231458854976,0.14873071924884695,0.022979290189262844,-1.0200199811430015,-0.5240236186981357,-0.27556837701626435,-0.6218896977946228
2024-04-02,601236,-0.24336461337669965,-0.8582445508577019,-0.422150292260209,-0.4998842674153523,-0.48355537715837293,-0.6547729646998132,-0.23255422048312,-0.2332833836752715,-0.23331179210043762,-0.2276224948894583,-0.34702216205511055,-0.6539761089244067,-0.6424733974971385,-0.5312891652723494,-0.6306650787806563,-0.36255981497753986,-0.5881968077749757,-0.620123843207004,-0.737869816016262,-0.9670092226802894
2024-04-02,601238,-0.5531370917188548,-0.3675538801866763,-0.5853891704567873,-0.2829041794368253,-0.21298798241239456,-0.6369602332749186,-0.21442377610002947,-0.2154225359033995,-0.21688085667934845,-0.21352209546701958,-0.7245357555873532,-0.26436928162036927,0.07169954619134636,0.10960208378091323,-0.11108130948230573,-0.5112605275258435,-0.951352603280746,-0.06861104788396628,-0.11138110198397137,-0.45460890369762913
2024-04-02,601288,0.9528970580335493,-0.28716100307373577,0.9357307283563285,2.9949314503285827,2.994931450328582,0.12187448722974052,-0.2650034807861152,-0.26713826744624913,-0.2686327488522873,-0.2658770113986521,-0.14913663559731147,0.3938726569443618,0.5945306652593032,-0.23336015843884156,-0.7311886147394503,-0.03413856766390674,0.9747923424454947,-0.2504272305494365,0.9004014812629669,0.8265736192490795
2024-04-02,601318,-0.13772232624568315,-0.7996148019913432,-0.11232997451831318,-0.17104500911045836,-0.06147437288867163,-0.3047238696227177,0.06043698752304162,0.060290426622509115,0.06780756957787548,0.0728518225544847,-0.43935658789984056,-0.5516976298860304,-0.45980082201434647,-1.262747438002761,-0.6398376296979704,-0.22833012594070926,-0.2491239195389172,-0.5990034642747142,-1.101180597429179,-0.7764182696936592
2024-04-02,601319,0.033024860451105975,-0.8637744983107954,0.35909772820355673,0.21216285826567596,0.14378054149483566,-0.5121123233945629,-0.2534274239719951,-0.2559575785585463,-0.257145232539141,-0.2533228067972273,0.16743216739069772,0.5248658665271366,0.5822050139143193,-1.0149027267247328,-0.8228766509196034,0.7192288335626361,0.7955207818967049,-0.0761409224750424,1.2403108403353955,0.9957524593477924
2024-04-02,601328,0.5015715243659028,-0.8654913773034557,0.574611752056306,1.3915549920223802,0.8374235009184162,0.039948077954366425,-0.24640918743660517,-0.24894442081761348,-0.25072232231921926,-0.24734338151283738,0.2819670553472151,0.7904436495190654,0.8553659051743207,0.11728964323831673,-0.7040798553303013,0.35829862963466297,1.2967884020215659,0.19054803059273873,1.1430771534853499,1.4496399463802365
2024-04-02,601336,0.5820170055658042,-0.28203355459789475,0.8880551289030802,-0.5659160851916529,-0.5952520875782036,-0.3142752155946223,-0.03727380562053307,-0.03587560686107276,-0.033085645126728826,-0.024734468883394558,0.10119177829776718,-0.29669180194865713,-0.42928318360162665,-0.3807878234790001,-0.16324992488813572,-0.29417003578866113,-0.10349786103314379,-0.563694091985051,-0.17786807018486478,-0.4981063549947905
2024-04-02,601360,-1.13946635142475,0.1475855389356307,-0.9090772887646976,0.9748658343214904,1.6485745205959756,-1.001909714905542,-0.21718670255218006,-0.21608853361692693,-0.2159467070011366,-0.21847475075307993,-0.6476184943497105,-1.1134819616855047,-1.0727813623852578,2.7569501208157896,1.3632660243134633,-0.9262790517992426,-0.9306961206724482,-1.313296047103548,-0.5429525034036519,-1.2162439312371072
2024-04-02,601377,0.28252819869254,-0.8042898191042684,0.2262531636114028,-0.17696395519232289,-0.16842525961967034,-0.034749680238145314,-0.24937378735241647,-0.25039750673803696,-0.2507273717769393,-0.24602497432170492,0.08928605822230158,-0.47530700525229014,-0.6509049712332117,-0.6063567701748542,-0.8580783969500253,-0.1586956258687071,-0.48171643641626416,-0.5480307727989883,-0.7321439500512676,-0.7176890127742254
2024-04-02,601390,-0.5344838486293152,-0.3459256412590182,-0.5434929871103646,1.0749271073500861,1.403093954061841,-0.6765390372960716,-0.23604317140444886,-0.2386214562579383,-0.24187567239366664,-0.24104815974156618,0.2319322568115799,1.2323775905159682,1.4467564360659766,0.001250869433067803,0.04055239149627396,0.44184438409789567,0.9905569216143866,1.1843010289869416,1.3984753651326685,1.0799439181900183
2024-04-02,601398,0.9558567439467606,-0.6154651763905418,0.9388630796355525,2.9949314503285827,2.994931450328582,0.299780078268432,-0.2559483422677529,-0.25801611694581283,-0.25950332929441106,-0.25577497514617914,-0.2171631627761648,0.2873111033388904,0.4964220302167809,-0.703927402848858,-0.7875520911788078,-0.242391340822901,0.8399136195335325,-0.3325116409453892,1.018062413249575,0.5789592745329055
2024-04-02,601555,0.18750706753984542,-0.40761026146594315,0.42832658580792765,-0.16169003351498012,-0.12400046797835963,-0.08707170750452783,-0.23888676724206373,-0.2401249965505987,-0.24018915351516515,-0.23549497343127274,0.7517657536327385,-0.08493690548162257,-0.513351131152052,-0.06560177551886752,-0.34080644207226796,0.5864867001095811,-0.10568766059152972,-0.2469605139649345,-0.2991660692346806,-0.16502849022101776
2024-04-02,601577,0.9077477644322588,-0.5066266371148291,1.0795015124015621,-0.4816219058272476,-0.5418983340510453,-0.3281165495892492,-0.23311890618136977,-0.23529146769030115,-0.2372150229180473,-0.2347425839871186,0.05397145485472683,0.5371460218970068,0.662307201662996,-0.7899491397770205,-0.8150045649930953,-0.05165166800612747,0.8497250910662802,0.3113208608146818,1.0180624132495784,1.3709707584470714
2024-04-02,601600,0.3722393254572927,0.08171485075239689,0.8001416826495164,2.12903150045518,1.9171814368418167,-0.04313630860783781,-0.23328024495229824,-0.23635100950727658,-0.24043152748572824,-0.24290324839401042,-0.47284630757310436,1.3270974801404782,1.9860696419766015,0.4014242502562866,0.49418544098833295,-0.11914885532007886,1.5491057672872726,1.9826031532054862,1.547157055795819,0.8423407921331588
2024-04-02,601601,0.14144687075537077,0.06163180054408148,0.1963354349775866,-0.1615200553346593,-0.15899593728084124,0.10609598486142684,-0.08978957555776085,-0.09297986535882626,-0.0886246305897158,-0.07369500399701985,0.6627981063189667,0.09526311557352683,-0.23792309556478103,-0.4760773715944999,0.2560235552421874,0.85618794181721,0.5971190337727652,-0.9244900195424908,0.3637796606137483,0.0018079058387271876
2024-04-02,601607,-0.8850041687721879,0.23483495629040957,-0.9714944187616962,-0.49061839802858903,-0.5972291274172866,0.0034179951858342847,-0.13750551705986563,-0.13915570683006137,-0.136715665915608,-0.13223987620429647,-0.2738987623355408,-0.3867432439633269,-0.3385732876909595,0.18100958140438891,-0.7385038094720692,0.1467528884228787,0.04315162981407871,-0.9428276586034735,-0.7489620765403839,-0.5250853557744405
2024-04-02,601618,-1.4120153068639139,0.4778649575770732,-1.3728170132749933,1.2301224794211596,1.109300281525203,0.8861854166309276,-0.26919828883025626,-0.2708718909917817,-0.27247033671953613,-0.26919546300669883,-1.8024817890043372,-0.5455184197947716,0.3225319342635244,-0.15374336475747385,-0.3042698436831998,-1.1625320027373853,-0.4839374327602695,-0.1026744358322355,0.2751176712769738,-1.1145725628930503
2024-04-02,601628,-0.4987341219055206,-0.13869419979464973,-0.16685636098043463,-0.5200234469045083,-0.5991395218682447,-0.1741115685656449,-0.025415405957288112,-0.027520362818637772,-0.02630927286640257,-0.019407344539119856,0.007342637358954654,0.07158524906922016,0.09326287762173843,-0.02113809208442109,-0.2528593279822694,0.07826888616308379,0.2315756318129128,-0.30500379660698684,0.10399670261553778,0.1352413031689469
2024-04-02,601633,0.5736515081070018,-0.702485167800131,0.30999176074731805,-0.5152455308220294,-0.5444822229524667,0.006259509703510918,-0.07484557190050822,-0.07551256169040227,-0.07369843356920582,-0.07173292418508581,0.812281317817228,0.19050325708301147,-0.1991520439755311,0.20553879366394387,-0.3706663489744582,0.26001987617143385,0.03818131409172839,0.14027773997352957,-0.29243693267026505,0.26439328663289285
2024-04-02,601658,0.28252819869254,-1.410666921817647,0.2262531636114028,1.0839215409921503,0.748509912461125,0.6698457611181174,-0.2602036523509922,-0.2621130119714513,-0.2633813128234204,-0.25958524095510643,-0.8601950426960091,-0.17775134413563695,0.2615384253936141,-1.0090629196287577,-1.2424749939199367,-0.6913883695907481,0.28658692079669457,-0.31191785439386777,0.10366888466790905,-0.5299447063545194
2024-04-02,601665,0.12808879059119213,-0.0111442881903287,0.2262531636114028,-0.23743442804120563,-0.3656406440258356,-0.12251298166978528,-0.2627850726858483,-0.26498891118895607,-0.26649682823670007,-0.2629451084958589,0.3268877520128064,0.6403930427481023,0.6390331049911127,-0.20479695612040336,-0.8293688071524422,0.4491659935103758,0.9159267329957025,0.06449888956239246,1.181346971924869,1.6231372781888735
2024-04-02,601668,-0.3623297949653116,-0.8233794360445968,-0.18497268601782477,1.545467881663732,1.5968480986347982,0.28537895300738364,-0.2544156239439322,-0.2564015770342312,-0.2576047331916669,-0.2541804617370085,-0.7665967438370823,-0.1251111668101691,0.2765494414744655,-1.391637879629192,-1.4217067807028179,-0.39486307238165425,0.23029737782434825,-0.32615179509859527,0.2612164183086657,-0.4364435666169591
2024-04-02,601669,0.28252819869254,-0.37831179320837,0.09313469270050215,0.6351170940869036,0.9820405528714639,-0.3644571946148323,-0.2539114402847806,-0.2556750340740195,-0.25635246767709097,-0.2526066562941907,0.3591331254393017,0.03609240969064054,-0.14680713594668768,-0.6492976753825922,-0.5697836396583407,0.30742819131352545,0.08937556603194108,0.07239854463381429,-0.0855159833145039,0.028696216643864958
2024-04-02,601688,0.3288834921576112,-1.154101660731128,0.17726799032476637,-0.041318720577217236,0.029879652872312278,-0.15222577412200944,-0.1714068263012173,-0.17244550163198546,-0.17197602917481689,-0.16692226851762096,0.3064145191635669,-0.0547805791614525,-0.23336648441398591,-0.7450359751916179,-0.5832205804032866,0.2950997192146786,0.03599022073074341,-0.31950928943638873,-0.1249294974775035,-0.13213155894511844
2024-04-02,601698,-0.7112642331375614,0.4211244929594807,-0.34437462520490925,-0.42004716296607286,-0.43943757033607245,-0.31858853955388555,-0.14365655770151478,-0.14297005737117302,-0.14120463382874515,-0.1396050095704657,-0.5395107889478343,-0.731761136271385,-0.6373606163256943,1.2689366603005034,0.1848894079012551,-0.5181088080222844,-0.78336160310654,-0.6754835687797145,-0.7682444632744303,-1.010083149675795
2024-04-02,601699,0.6792993609691762,0.8760196560693332,0.9647126550207478,-0.19844796204931142,-0.15119066624279093,-0.24140020144376304,-0.11661214622462444,-0.11040680552946064,-0.09054342452334023,-0.077142880394772,-0.052027579821102204,-2.7228331881851275,-2.994931450328582,0.03516488970577832,1.1736463031085018,-0.14026523189043008,-1.5582025798639076,-2.994931450328582,-1.9104965767143378,-0.8675278817875489
2024-04-02,601727,0.8460715354133961,-0.7244198224928754,0.8226731025655668,-0.1892729633506435,-0.2592045989185874,1.269267720776722,-0.2588726074908321,-0.2609222887866598,-0.26218964080148527,-0.2584618337804635,0.7210175631343971,0.589244517036653,0.3533502575149696,-0.8112583249741228,-1.0311623188551793,0.7223730305319814,0.631020410852193,0.5763347915070048,0.4624413455350237,1.5490516968283843
2024-04-02,601766,0.6668026314486442,-0.27382010420118685,0.5307930616858688,0.5240822297111238,0.7194358018867554,-0.3398742150875647,-0.2389069345884298,-0.242122989691181,-0.24343595482916652,-0.24450639012249478,0.612175741262239,0.966031021775114,0.8901159613964684,-0.8448207264950669,-0.6267902383017079,1.1185382387995606,1.437663820678017,0.18219027834990767,2.2813692619479244,1.1554157444920012
2024-04-02,601788,-0.2535985601275775,-0.7532505951855575,-0.461442195198378,-0.3511683577093465,-0.16880977070649938,-0.8434676814662975,-0.14317254138872929,-0.1430003299945152,-0.14269927331388416,-0.14200885933126084,-0.4101986160722464,-0.42259416994285365,-0.3093013661235054,-0.6307858919441397,-0.6435153954477807,-0.3837455446821105,-0.32524635448773226,-0.2135936255856396,-0.43210857348540793,-0.8785638473541931
2024-04-02,601800,0.5076336090247586,-0.4522376818615654,0.7848900100174834,0.6576500839355953,0.26240981239609323,0.38503281832868225,-0.22253104933918674,-0.22585650008199587,-0.22784827884732808,-0.22453355657515586,1.2624023079112703,1.3936339683567616,1.0593127849038262,0.4921737747836606,-0.17967303236082927,1.217538329750171,1.460884267017374,0.5085840796994704,1.3193027511671025,1.8922287325730205
2024-04-02,601808,-0.2349994042769808,2.119163378351142,-0.35539060568399206,-0.4068879698262513,-0.5823040007554316,1.2095640244268804,-0.12159348077704202,-0.13534135628894972,-0.14779922561114908,-0.1490650988659998,1.6567404666115622,2.9949314503285827,2.994931450328582,1.8704405801001887,1.15834717015176,2.994931450328582,2.994931450328582,2.994931450328582,2.4299935970889095,1.4234078580527174
2024-04-02,601816,0.5367097245260196,-1.3340658072659828,0.4952634069105265,0.41521591049397016,0.40617271529317206,0.34149218047887636,-0.25381060355295026,-0.25588694243741456,-0.25713513362370094,-0.25275506338638626,0.051215617429846295,0.295667141331124,0.35521622475349246,-1.5790327951347822,-1.574446588307542,0.3099881837692819,0.4384633615030345,0.02257975216726591,0.9609128177132272,1.430518481578587
2024-04-02,601818,-0.1627533064171826,-0.8409609143530243,-0.01023935797023387,2.9949314503285827,2.0926665844087613,0.8047629932127398,-0.2735746029916919,-0.27471651415623555,-0.2760150560390212,-0.27246732169045157,-1.9195432574953777,-1.1924046491788276,-0.4702773485569903,1.2395517260791045,0.11746830835360683,-2.4309503608138257,-0.7416242773088135,-0.8079046542081314,-0.732143950051263,-1.658727846959125
2024-04-02,601828,0.8223827668344176,-0.3844469425443576,0.4155858861679623,-0.5760221408434277,-0.6301449085818084,-0.10899278472782913,-0.26814958681922096,-0.2697215313047798,-0.270728273806114,-0.26489683432461647,0.6495547071329327,0.09136119091070513,-0.2356412374920778,-0.3919150072480328,-0.5006118786083066,0.2726051402437389,-0.0678568763431965,-0.027239040299287774,-0.2220838098893062,0.11622952986094064
2024-04-02,601838,0.8450086917355808,-0.6850177474187741,0.7669772707453053,-0.4394099715278118,-0.5188328692617434,-0.5110189925968418,-0.1821156872215967,-0.18636081749492983,-0.1884776570039869,-0.18843439423052286,0.10975196395903351,0.8741187697185796,1.0607966590202977,-1.196181741654533,-1.0358288765120895,0.6033868593592003,1.3649656768755318,0.35184483039734754,1.4975710059347347,1.3939408540364702
2024-04-02,601857,1.8041591016411784,0.9708947950768966,1.463639626588177,2.1254299039596964,2.1510033808033717,0.3843328659430191,-0.2142422699827349,-0.21818743550198308,-0.2219959573497736,-0.22381222908053106,1.4099476055290867,2.071063874141208,1.8190137919314149,1.3178363768328276,0.46433533268079336,1.8466197952746142,2.3222490040390724,1.3110665285438567,1.9720210464333308,1.648444759582959
2024-04-02,601865,0.0755961559515875,1.3390519572829351,0.6020018088220797,-0.42942301823422024,-0.4838650021908383,-0.3858396847948174,-0.01180244716019565,-0.017590942362410652,-0.026536498463805437,-0.050912789681142184,0.4509665304024489,1.3486360845924654,1.4669983887447888,0.539952519716217,2.038732604757108,0.6785061433484469,0.5749452889800005,2.994931450328582,0.8129100190165097,0.8147081495488416
2024-04-02,601866,1.357480907063144,0.05455407359842239,1.075759195082307,-0.15612310106952404,-0.20683668509428127,0.8895306406123566,-0.2791206232423592,-0.2809930380625092,-0.2821551966266194,-0.2775908176989231,0.7805039426963933,0.3607647354768612,0.03257318797027855,-0.9283948577794641,-1.1103233814431936,0.6651352452661802,0.34130517426403456,-0.027239040299287774,0.618015244495102,0.798421388263439
2024-04-02,601868,0.28252819869254,-1.246188273684656,0.2262531636114028,1.7215820390302428,1.4195944880917257,0.6014681486077531,-0.28083484768347455,-0.2827084867185647,-0.2839780508635626,-0.2798945789556794,0.42646615850110153,0.29870253979890576,0.14937618908531758,-0.5100347376401361,-1.2517719826264726,0.27739671781889536,0.3611051839857276,0.08663248533854316,0.4916845596252684,0.9225808172269508
2024-04-02,601872,2.178584985990835,1.9047851322303067,2.232924167680491,-0.07306846846991531,-0.1373154644649264,0.7233209415566038,-0.22763338796980065,-0.2302460304666085,-0.2333622866776383,-0.23459762822264857,1.2323678376051665,1.5522069499186808,1.2741797108595851,-0.14350347985491504,-0.048200181196657824,1.0495659857812312,1.384226701847398,0.9932312463555296,1.8329733125642536,1.6205289002261236
2024-04-02,601877,0.5359178817663921,-0.9723261738548643,0.4944253687693958,-0.6264400805817439,-0.6610877302371324,-0.4873294874197369,-0.10933173418647577,-0.10855008463114177,-0.1054898193747305,-0.10192859045528939,0.049163901954446865,-0.4969555733971348,-0.6568064221214156,-0.4248919006169993,-0.5312612250564388,-0.28192851297471677,-0.4944444645561761,-0.1556721421056401,-1.2051962423720002,-0.6918641723324127
2024-04-02,601878,-2.0397988339920636,0.7056399647409587,-1.6495071083149673,1.0394313697326012,0.3818576294749098,0.853339588318597,-0.19199768694096753,-0.1947261524118122,-0.19998537114801343,-0.19894713848232762,-2.944594844543041,-0.13256722114781974,1.5686544221215406,-0.11708771863172991,-0.16405055011000333,-1.9312234923476577,0.5160617818076669,0.46544127916891687,0.41333994885327235,-0.18494079849318468
2024-04-02,601881,-0.9364831154696996,0.35573691359465476,-0.8432208638027068,0.2310066158096532,0.38103308281222575,-0.6194476198035157,-0.18774237685772827,-0.1870369060829046,-0.18827567869518436,-0.18565952673923886,-0.7214463297511298,-0.5650400251103208,-0.32050753005458,0.17724939861106032,0.5183437788731582,-1.0653439781346339,-0.5790759227991557,-0.4069736987567776,-0.1453985503200386,-0.8949415162917402
2024-04-02,601888,-1.023402668510989,-0.1858731301629262,-0.8329027158544593,-0.4511872832328105,-0.48709110301360314,-0.15281348873765446,0.5315865333270028,0.5306059028662434,0.5332514338402405,0.5367827467409099,-0.5450344387136681,-0.11252047138573994,0.1669128812983584,0.579802369226984,0.2856093522314312,-0.1126135375839082,-0.23084836508707773,0.07330930866428127,-0.25632607447244593,-0.206886135098296
2024-04-02,601898,0.34257107881068166,0.32145000543244334,0.3534698303932487,-0.33848116280380686,-0.1499182433703545,-0.9181456488920196,-0.20004445814102662,-0.2014567656682182,-0.1985008305783145,-0.19283828840823228,-0.20717637636402306,-0.8120359452459615,-0.9218793250561956,-0.7636388164386814,0.36171292065151245,0.5741919311600631,-1.153254180245789,-1.3079187974727904,-0.4544516334424375,-0.659758143910256
2024-04-02,601899,0.586217389482989,-0.0985628221701509,0.2262531636114028,1.904822340454772,2.1832796702664736,-0.5740100631356794,-0.14353555362331843,-0.1500033968610006,-0.15627221566541696,-0.1698766050506298,0.8140501026603627,2.0077969216152187,2.087260786518904,-0.31935585665819516,0.4675714206941769,1.9869749955135008,1.7192272357446639,2.8130047600925945,1.6963602117565495,1.293082923971458
2024-04-02,601901,1.1930291867527227,1.8047323671090667,1.7653832883842737,1.9929630848686526,2.051530778674329,0.13577577536250388,-0.22255121668555278,-0.22395941568588748,-0.2276210532499252,-0.22573461862362207,1.2752227741347233,1.3268759300271693,0.9688331234004071,0.8315278165640168,1.616990276317554,0.9898613223157531,0.8211329960636661,1.1651891998704562,0.9131320083303684,0.9794422139248148
2024-04-02,601916,0.9705383438056819,-0.8196735138603256,0.7098670841491425,1.554614354612415,1.1862274609091366,0.5074254865970056,-0.2749459825445842,-0.27690623391131813,-0.2790396812133397,-0.2761464370458107,-0.05443034267895891,0.9039753589965619,1.1940488280917008,-0.7048456628385557,-1.293015920473052,-0.20587576862690088,0.9640773550416404,1.0377132844917658,1.7828584711625486,0.9757211087422087
2024-04-02,601919,1.6465830950907725,-0.25996278343679047,1.181554644131088,0.2609795329661945,0.2518267967838403,0.5062996582388916,-0.22053448204894652,-0.2230209643622806,-0.22364713002423459,-0.22051275977497448,0.44606800811230735,0.4046799074122126,0.2728897840145249,-1.1165777563746548,-0.6016112215692199,0.8197306679976649,0.7714053854407962,0.10495824683554109,0.5564695262251804,0.8528950748984154
2024-04-02,601933,-0.49956880387197095,-0.6390823145500906,-0.6014706619243378,-0.18291407374324267,-0.12701711186701753,-0.5416004701499545,-0.2785962722368416,-0.2799738597433233,-0.2803323423896762,-0.2747400209976786,-0.34812897024798467,-1.2407111495767709,-1.3979801138727874,-0.3592969444339973,-0.12420601476992321,-0.29417003578866113,-1.3753712591655396,-1.0669355787316601,-1.3973167188529332,-0.9755439911091238
2024-04-02,601939,0.797761021327939,-1.0646803275513328,0.7715441973258281,0.6355946798392237,0.6312570728411422,-0.41156661212971635,-0.24213371000699985,-0.24433289119515839,-0.2454001938822715,-0.24075652254876337,-0.14216457949678213,0.1856530667172285,0.3233563179906275,-0.8971454494965095,-0.9446559040755464,-0.21463099847991274,0.8168164025017429,-0.37718568006433206,0.48674976724753344,0.3088972651516523
2024-04-02,601956,0.8006051940218992,-0.6618920291828174,1.0522121195831011,-0.6358603419143003,-0.7041414510305467,-0.052148739750681655,-0.25556516268679774,-0.2573803918556276,-0.25941243905544986,-0.2529690457053658,1.1767135753563889,1.0459096372721932,0.6731682336468942,0.11902749072104495,-0.4896274879574614,0.8003677077937347,0.47947943565519746,1.6031941676969348,0.9755042038076099,1.2527892734234782
2024-04-02,601958,0.6797607227857749,-0.45769358433457935,0.7071653304031216,-0.3723332878783625,-0.3815147274086393,0.1816946993222904,-0.1953252990913679,-0.19781395999271215,-0.2023182206146831,-0.2057548824208322,0.6114682807287922,1.3130333366558642,1.3290590060738643,-0.8704448288195346,-0.29068294492112823,0.7564976529856886,0.6932001845185841,1.8822143558463418,1.612727123560289,1.0195792100308687
2024-04-02,601966,0.4031482010653151,0.47933427760393144,0.19441763186002298,-0.5874383224352188,-0.6331442710733055,-0.21043432863310416,-0.10003458751172077,-0.10189010749586742,-0.09782474255567292,-0.09570757223011604,0.03857562732154946,-0.30258446289477464,-0.40255068943088806,-0.5590511689098584,-0.2318376707231495,-0.11775703678752217,0.255203192654784,-0.626745408875218,-0.7407656562744216,-0.40805608777770985
2024-04-02,601985,0.35438163355712476,-0.6098337201646993,0.4549277505952994,0.7730720322110748,1.0215252651188196,-0.6407145064488293,-0.2153918087256005,-0.2182479807486674,-0.2198549872764663,-0.21795532593039557,-0.9750150006784722,0.11821769959267739,0.7137224804881789,0.14488147754585995,-0.037221759891159924,-0.09768125145239681,0.8981438713139959,-0.19368697800655696,0.4076008245657932,0.1325989533626458
2024-04-03,000001,-0.36935837391710535,-0.7643306471070211,-0.35193928752702064,0.822617082233233,1.4305925844186806,-0.542435356090374,-0.21197632626528856,-0.21273776537165445,-0.21490123588080604,-0.21433709994468592,-0.5201344105212018,0.013781063798814563,0.3382884686000263,-0.8517224319434488,-0.5503807087998781,-0.7510400212845183,0.21767227204709844,0.16558428686409596,0.4996699723530148,-0.06815116936754273
2024-04-03,000002,-1.958085987295705,0.34647806749816656,-1.4922108194915829,1.6799060679282702,1.4677320655896713,1.1270886909702527,-0.21388911451756254,-0.21156724105942715,-0.21123441475216484,-0.20205279666542497,-2.9949314503285827,-2.233444231838186,-1.2963416890803,0.5800273683945547,0.5740852387057329,-2.964979387516126,-1.6077058288449289,-1.423055067478527,-2.1196660511465146,-2.0199975214783805
2024-04-03,000063,-0.9491444507727683,-0.44029186779846,-0.6930125316790048,0.7617118368814517,1.287264903043706,-0.9912594146760596,-0.03640249931971673,-0.03773428996684199,-0.03107093371356195,-0.04554307902545438,-1.0099770575534,-0.8356978605803433,-0.580219943480145,1.1760086117499298,0.6978059397409071,0.3427990460531957,-0.8160631218999396,-0.9701569004163842,-0.6243273016794677,-0.8661564200903449
2024-04-03,000066,-0.9323672528157497,0.3406723363040261,-1.0536471690219853,-0.27333224356230523,0.01039525378750799,-1.132689922084252,-0.20337884643664647,-0.20182968966891549,-0.2010611297226334,-0.20142314202465395,-1.1649555099371798,-1.2341265808219013,-1.061076211076737,0.28617784421359277,0.1937202784684222,-0.5158656065534977,-1.1006101068030951,-1.1188969310171868,-1.0544667768733482,-1.3599214432273283
2024-04-03,000069,-0.2130212883545748,-0.4565589293460818,-0.08097769003415509,-0.16598799314945176,-0.1882654696965016,-0.1552751856189523,-0.27503793475078525,-0.2750379128172701,-0.2760973029424345,-0.2709145883100731,-0.6270738965272032,-1.0722304676575747,-1.1378958710223697,-0.5985793026598998,-0.3174891777038748,-1.1306364212442037,-0.8965430678677109,-0.885919548540836,-1.7997162871780106,-1.2403987197532687
2024-04-03,000100,1.5851948208198776,1.5941453922828006,1.1089533223070094,2.9949314503285827,2.994931450328582,2.6945196869693486,-0.2540778024284985,-0.2567837879826218,-0.25881734532658196,-0.256606764774307,1.7795781537755153,1.8876275436178847,1.5516426583733711,2.994931450328582,1.045404258211101,2.3005414536440565,1.8850274846636121,0.8148183138648727,1.2319536262622854,1.6391193500830519
2024-04-03,000157,0.1534638222600712,-0.8766975837939353,0.0790728894867545,0.016927991041186162,0.030925786344450572,-0.7279044705520733,-0.22655378620893463,-0.22941773682089361,-0.23229215644690634,-0.23120321891131063,0.685675471893579,1.3175907396880209,1.432284313245102,0.0124072021691114,0.18749811774012615,1.1130325586995848,1.6799072528555028,0.33657268615212155,1.1114146124495798,1.3240102740828055
2024-04-03,000166,0.5071782397491902,-1.180164975690734,0.6228325982903369,0.19652553738303957,0.19049786122434764,-0.48389689970176814,-0.25860809039441063,-0.2591853809680537,-0.2607541531854516,-0.2569483308534102,0.276404825226476,0.10909724102349698,0.0019331816485193903,-0.8848437363225632,-1.086115585101683,-0.1831011808987296,0.10293809614561976,0.020240727550011602,0.2584532588586954,0.24424595488140877
2024-04-03,000333,0.7177687117607413,-0.6950455206758319,0.7586739089180881,-0.29288990519181807,-0.28915791372946054,-0.7085179450139373,0.28814733055822733,0.27317109437829296,0.27140902489131075,0.2530339763845285,0.7407142015183223,0.9363914026256525,0.8739403592577628,-0.22968957199519727,-0.18981734642728043,0.5770177303694047,1.4792553785696783,0.4409117018759985,0.5889550207114554,1.1612483227166324
2024-04-03,000338,0.1951580444862259,-0.8504407646542632,0.12511794912670016,0.10202191739853626,-0.009591601908246863,-0.1496224027131241,-0.14349850683387916,-0.14863137782355015,-0.15227778177735438,-0.1535900903005495,1.6840346474366112,1.680346283451794,1.3287964746168008,-0.3025937068688805,-0.031687877444047365,1.8875608678555043,1.7985922332565072,1.0254078794020278,1.2494727899622209,1.7751404033479892
2024-04-03,000425,-0.4450747389666561,-0.13585636955514607,-0.15688641717475993,0.6706650284572,0.6469663972780718,-0.6652441759529982,-0.24099030386030793,-0.24319157894322363,-0.2455976229357035,-0.24368245636702945,0.22990992503436383,0.9415308797317378,1.1879861442915434,0.21125426764035202,0.5262364966421893,0.5215460952593782,1.5405114132784121,0.3639704808033273,0.7933466067495267,1.0007483935072468
2024-04-03,000538,1.738223855501826,1.2365560779979754,2.0430524602397253,-0.5461677966740227,-0.677738027451885,2.6655882639123636,0.1526816530708641,0.15333362255060726,0.15518037827726922,0.15554101193747993,0.42919333764695533,0.10147425663625928,-0.09719073084758191,-0.4283498976941296,-1.1305610764247467,-0.12237006973043961,0.20139242276378094,0.05484135902681582,-0.040338183074224696,0.22470188130601382
2024-04-03,000568,0.7665998938710847,0.4482623708848561,0.008558823878551702,-0.6240724774774591,-0.681696362512509,-0.5102238045724669,1.485230622670845,1.4724337966161496,1.4425120018059563,1.3198052192659933,0.803424895565415,0.92891304010946,0.8264367636397378,-0.08937237897519104,0.741046182521792,0.4256174347029176,0.4756307632944031,1.7501360926167087,0.5190078119525581,0.7806191630566816
2024-04-03,000596,0.2786021603524171,0.5116234310994118,0.3677837972418421,-0.6896166171319653,-0.785002875617863,-0.8735020521449713,2.2603125571054536,2.2543339464571632,2.142153578199819,1.946692829780011,0.20488468679435498,1.1462981559685523,1.4884469292308988,0.0648384599397124,0.11766967570575808,-0.20786012282962224,0.776924591827186,2.0040166295765056,1.2824136706562959,0.7728364713139807
2024-04-03,000625,-0.403636622785938,-0.1414011880803086,-0.14817944116769166,1.865154717897179,2.994931450328582,-0.926228378994674,-0.13421645015705477,-0.13288984396945872,-0.140878860524632,-0.1521599979794559,0.22139520126894224,0.7291164143406486,0.8973634309301814,1.3783545911463042,1.6799603507965932,0.1160614562168086,0.33154337611692475,2.2191090679352423,0.5034882399912319,0.4067740874725932
2024-04-03,000627,-0.47743127325476004,0.25601358372258665,-0.35865961481132463,-0.40096174257939865,-0.46609209545564867,0.14399197706721967,-0.2770513960689684,-0.2776413203392929,-0.2789369457146835,-0.2739127794488676,-0.11254942733754687,-0.3479731974508655,-0.4110770771347513,0.35679261067123724,-0.18862541475590794,0.21659633149617444,-0.2995886315278632,-0.407660862684777,-0.42232009300236456,-0.5435143857222065
2024-04-03,000651,0.8900471770621712,-0.5151075739384816,0.9505932659154726,-0.24258374864157004,-0.18893122418353725,-0.6486800764769796,0.04469972257670105,0.03676554621569444,0.037060317738550196,0.02496444009123631,0.6172832723701085,0.6926813802552102,0.610969311618626,-0.7707999500387979,-0.5920873861935341,0.5133725198405241,1.1334187395099427,0.07702930492280007,0.5683516284831789,0.8447579328884739
2024-04-03,000656,-1.824547734471679,0.833143484846387,-0.7618792518696628,2.0149391981076064,2.242209461440298,-0.1635969500324923,-0.2879442218003393,-0.28822649278348644,-0.2896650454954536,-0.2850309278317965,-0.6677501960659027,-1.0909724461998154,-1.141375901241594,1.1993051739659903,0.5033473639282127,-1.3197174484206575,-0.8459802492202098,-0.7019975587389569,-1.1406685974012096,-1.2282476273004808
2024-04-03,000661,0.0766892981277124,-0.693265559397713,0.10834779030317158,-0.6594514292794883,-0.7360221843145646,-0.981549747225365,0.8580374220567898,0.8691294209312664,0.8941986706976818,0.9275269279032485,0.0959170486873008,-0.4564515678292765,-0.6823859122554418,-0.16366992672537006,-0.2456273497036103,-0.16119261204589683,-0.5325625618311991,-0.5988183263746403,-0.6528565578187692,-0.6290396160101318
2024-04-03,000703,0.765470761726349,-0.18363961925614267,0.557310074748525,-0.5092594216139471,-0.6107968252331851,1.0226645332662332,-0.23611772747030466,-0.23777285863575753,-0.2388541018229204,-0.23318016197521083,1.5091000011137827,0.8528459044763124,0.31142473863599024,-0.5913947146950237,-0.6685853959561986,1.306289087997132,0.7300786698092486,0.3807965902345355,0.7169155653037835,1.245961587958986
2024-04-03,000708,0.533475616001363,-0.33227482211041115,0.49873932700393153,-0.5713295936179588,-0.6282051905515743,-0.5332550395674989,-0.16355258156298347,-0.1648269943849711,-0.16447361876367414,-0.1651067324424321,0.5813697367608116,0.1610469720646414,-0.10246288593351331,-0.18152609023862215,-0.4651886306238072,0.06560642806349712,0.6820384527114823,-0.32054434104640106,0.07031525682004994,0.17357267647096636
2024-04-03,000709,0.5149734401576022,-0.798849617472993,0.7940516888549766,0.17036446849430056,0.08677142665207191,1.160150048399209,-0.2812192609976075,-0.2819601514223385,-0.28368313372300724,-0.2798177324224542,0.6448581528233465,0.4075210519626208,0.2011827200865042,-1.0453946969252728,-1.4382552643001838,0.14757295609640597,0.4081465086619185,0.2724352910767761,0.8973608698299063,1.3727611925925867
2024-04-03,000723,0.7800933079293051,-0.00948292347653205,1.078041546129334,-0.123284797050614,0.2495193573599003,-0.6306513700395159,-0.23637947744166848,-0.23591616489912112,-0.23697277543917467,-0.236200779169704,0.4291527480628521,-0.22879924688762188,-0.5550453011256179,-0.6402694300328852,0.4494802088404972,0.7609103559377858,-0.20180836058596208,-0.571906395220552,-0.11589171000705263,-0.3347429173145936
2024-04-03,000725,0.8008836579809094,0.47162060338770473,0.7940516888549766,2.9949314503285827,2.994931450328582,1.5229795508875306,-0.26068195555213924,-0.26259604663644015,-0.264597506280396,-0.26170437974274063,1.2587006033054717,1.3892334241139441,1.1863230851454956,1.2709155578075004,-0.17067545799957512,1.5840550734883878,1.4166645307146672,0.8407032710645949,1.5116951111483719,1.6547911818626035
2024-04-03,000728,-0.05417517632845433,-0.9049472913972576,0.05993758643099881,-0.24053120525480595,-0.2620534850418625,-0.1759396532112495,-0.23976209245621619,-0.24003318144557576,-0.2406749029610765,-0.23639571334616186,0.28195689018824327,-0.2224281140040266,-0.4623593115827902,-0.9138155828403508,-0.686821992558355,0.19882281233073462,-0.31072154384545486,-0.27720577083408493,-0.3235410610836688,-0.3925234432273861
2024-04-03,000768,-1.0747877451214776,0.040939115291210325,-1.092718286146745,-0.5144014674813364,-0.5699708873790317,-0.03037117103896698,-0.08859141668702429,-0.08777420431455954,-0.08726862424357634,-0.08923076060771584,-1.3420108421162609,-0.7616445969619973,-0.27779072862147075,0.40810690995041193,-0.05657354311388081,-0.5832120309486417,-0.7468922459511328,-0.4588887770030934,-0.6319177998561376,-1.27374943494295
2024-04-03,000776,-0.49109122378907705,-0.7026658220838095,-0.5274187016557107,-0.3057063483453995,-0.36707587587649326,0.49192094117560775,-0.17686156087617422,-0.17549289264380097,-0.17485874215276942,-0.1670577992882184,-0.7055559187184385,-0.8243640240974802,-0.7410618784940144,-1.0672277278991726,-1.101933524617296,-0.994481350920265,-0.7231049347123042,-0.6805284704779269,-1.2009495907773315,-1.3512468828888426
2024-04-03,000783,-1.6480774341287219,2.3394888242575425,-1.5536084762640308,0.8781783460980449,0.007765072164119135,2.994931450328582,-0.25047370666895064,-0.2521420536410307,-0.25369287453332273,-0.24993415066334204,0.855711545102575,0.7886226085876091,0.6027566189090909,2.994931450328582,1.0320494617690876,1.526975933432553,0.6847664153350674,0.404556720199164,0.48203631231882593,0.8479103744778868
2024-04-03,000858,-0.1474497559829885,0.10750823795877094,-0.4376670759890334,-0.5305135674458388,-0.5191631861621931,-0.9380312793254099,1.125324412045605,1.1235872793919224,1.0911528636169538,1.0021746419181594,-0.21389584151079877,0.4843811157414643,0.8176016804533096,-0.33438203161419905,-0.06910706007431344,-0.28449678151099883,-0.034861030488815205,1.4229734316121225,0.5804751346148185,0.3937619952027862
2024-04-03,000876,1.6885074223176635,0.37358049994129494,1.917890324417465,-0.34323515512802943,-0.34705594417478214,0.49041917024076276,-0.2064393076402848,-0.20719795634223384,-0.21139581540707067,-0.2098329129116638,0.7627470631527791,0.9845848388211748,0.9271931282212987,-0.3542138703259899,-0.008845021729513272,0.24482486193540492,0.7747254875134374,1.1782219754608263,1.0844834455367256,1.1033484112432708
2024-04-03,000895,-0.26674806796390627,-0.891893399230325,-0.19335131439783346,-0.41095305579052394,-0.5566170491772354,-0.9007471698053165,-0.06380570786018956,-0.056281045879547215,-0.04992454771474609,-0.03834431514617391,0.24063729253331229,-1.0235652894869178,-1.5538842394086947,-0.5064758584979961,0.7756251456323056,0.14264895513282058,-0.9731298267421811,-1.211032965068216,-0.974895865616861,-0.859672722173276
2024-04-03,000938,-1.288349145463074,0.6253817901186757,-1.2087636061016784,0.4161226487498801,0.9858193725386268,-1.1773728376528036,-0.08639674385020464,-0.08448462736812762,-0.07581422151573007,-0.09909822511514078,-1.562540511980966,-1.5992061172475738,-1.3584661408236662,2.074605379272665,0.6649063512444685,-0.19353502162603684,-1.3853455726514823,-1.7136898621674836,-0.8292723056516054,-1.1017494717688705
2024-04-03,000963,0.5412521054519547,2.466851168966179,0.8526706730976112,-0.5518332439175107,-0.6245854451364631,1.5336668430511216,-0.008596598515607243,-0.005938409726943288,0.0006846451391548038,0.021014004125851155,-0.029039960130986597,-0.6288751093928324,-0.8524965940969624,-0.6323719590452368,-0.31758032288309523,-0.5020296218573542,-0.8494217804534528,-0.6360934071197357,-1.3579235440254203,-0.7062872824783446
2024-04-03,001979,0.3021391856302725,0.36786995397500943,0.7135380564574259,0.08056274222587304,0.17917532121442475,-0.24382271324521784,-0.21344615302756226,-0.21257631374238173,-0.21605625931747569,-0.21351596128987227,-1.6464285452608132,-0.5284673038470119,0.2432140004479955,0.48230137861111927,0.8954613710707364,-1.9949817152057236,-0.3840236406781407,0.4450974114027396,-0.49984564916022106,-0.5124639712564455
2024-04-03,002007,-0.5079458532862119,-0.26735734309773834,-0.4754893646464322,-0.5116083997403179,-0.635986041324693,0.8298010111287347,-0.1130348370897679,-0.11421190860796945,-0.11368285017300418,-0.1091243970936641,-1.0340484697625427,-0.483306056314623,-0.061809922945860706,0.08513203349038756,-0.1942006304544506,-0.5012622719223607,-0.3060260298067395,-0.1307033914984064,-1.031529966155285,-0.8004046927900136
2024-04-03,002008,-0.2540436823341342,-0.7996360863317502,-0.40641560093623935,-0.556948290036321,-0.5510602801765994,-1.0115649021420152,-0.11730337508431624,-0.11689604194462865,-0.1141418332853926,-0.11237272500755942,-0.11419340547968874,-0.48916831242975206,-0.608175434349668,0.14008382039542158,-0.319022864840869,0.3821122287243388,-0.6154400356331727,-0.5530037593860468,-0.4529579576225757,-0.6501763720757038
2024-04-03,002024,-0.14352611434314294,-0.9172679348744278,0.16552591336451491,-0.5286387724038863,-0.597875052345908,-0.5937192996069288,-0.28625291429306543,-0.2867734281200318,-0.28825278976502783,-0.284014855000525,-0.26532232331046063,-0.5204333257261617,-0.565260110630451,-0.8936463948124493,-1.0753350348450357,-0.16963591190666547,-0.4089057825981914,-0.5617456690931057,-1.065317355681049,-0.9188208029497152
2024-04-03,002027,1.554747477007357,0.6996439488238698,1.6265820168986957,0.4338527648974538,0.861386878875385,0.80427186581365,-0.24344672666849138,-0.24411992581154182,-0.24715614800963767,-0.2454575649296414,1.3046941652945347,1.1174506217574594,0.7891460116416732,-0.44564170495889954,0.4508892615335768,0.9039020992235788,0.6722536115386502,1.2276793849223409,0.9089849803562705,1.2722375674632234
2024-04-03,002032,-0.05670255105476812,-0.5935041435513767,-0.08955956197399088,-0.6769616099750956,-0.7765543529080879,-0.7816787261821592,0.22367629915000248,0.21014441460095,0.2140210045313661,0.20437978600561035,-0.5526109818737912,0.16787481240758625,0.5759630683897636,-0.19810591891463655,-0.45419604835676375,-0.12951772370306683,0.6330722600933608,0.28519101115758005,-0.19675761673638287,0.1785310988750393
2024-04-03,002044,0.5963864711437185,-0.16697104377905092,0.703533777983125,-0.2586393178824851,-0.2844159010301311,0.00623310817922131,-0.2520844757234972,-0.2519705112849284,-0.2520132989682092,-0.24691180838764126,-0.31610637838446837,-0.930412856775346,-1.11355634101415,-0.6837844164127711,-0.3185987726570934,-0.49631927058427083,-1.2406424154750457,-0.8699858970884842,-1.2188632822051488,-0.9341045268748488
2024-04-03,002050,-2.6539565431560384,2.280250524393064,-2.6010475955298085,-0.18219543597612367,-0.21772101119395013,2.2755545183458463,-0.07268507227337732,-0.06967144038235441,-0.06486419583446448,-0.0588883072473843,-2.616513503957327,-1.757859757092746,-0.973098260447532,1.8635870961875523,0.32483119621685685,-1.3978316593646603,-1.25191650602855,-1.2611094417146174,-1.3502303526757662,-1.824579011417425
2024-04-03,002120,-2.016772867245412,1.19362150248582,-1.3287719866747716,-0.376974434698648,-0.382239546838978,0.10000046961759945,-0.2315874395043926,-0.23210187015755282,-0.2341583515192547,-0.23250047997941964,-0.701881933542269,-0.132443402875348,0.23983541938350975,1.195583181186865,0.6586909424543845,-0.10811722556904714,-0.7165845578095985,0.5358605129612751,-0.0381994588353942,-0.19855571789497417
2024-04-03,002129,-0.721328846838179,-0.6506387243744471,-0.2817554985359485,0.23928695168975078,0.7245931467639688,-0.8820774039724965,-0.18364692551845146,-0.18219313525861938,-0.17800605492343258,-0.1651757356907358,-0.1729093960259031,-1.1824322678705512,-1.5481209807246632,0.3979607131025225,0.8501772588796652,-0.02120963921912718,-1.3848161727510377,-1.134702916388793,-0.9852837130393775,-0.83484687256196
2024-04-03,002142,-1.425257026173221,0.4794797964629009,-1.2410385872406589,-0.13759438255008893,-0.2398973546752818,0.04793598544221836,-0.10723606849340042,-0.10907572865173072,-0.10927459478588941,-0.10235172827265886,-0.13985325178243777,0.03221847815950588,0.13827199993427194,1.0677702092703316,-0.2137883649720446,-0.3135448436109292,0.3752170067303638,-0.24651414690519374,0.05308029237546971,-0.009182383007365092
2024-04-03,002153,-1.7215875324680359,1.9177121292224164,-2.531493175153109,-0.47121311965022017,-0.5464591201306532,0.4251595062708154,-0.2311847472407559,-0.22902419847454136,-0.22792425122351803,-0.2201109467464956,-1.6143582215439078,-1.9492326127616222,-1.8360669216966652,2.1190161387591018,1.3831673180500135,-0.7702203630371895,-2.18423164529166,-1.5109979340606716,-1.1633532870138064,-1.2686945802573981
2024-04-03,002179,-0.8365166409577279,-0.23147946141710304,-0.6323973520645066,-0.5140271272171842,-0.5056289479085876,-0.4396837420604749,0.027424224466689504,0.03507030410833083,0.036485327905448395,0.03796982731527066,-1.181923624851328,-1.0066998843885113,-0.7247482377323642,-0.2636839797641955,0.30732021296422213,-0.8485538963426303,-1.2283705635906397,-0.6071630417432241,-0.6130152412264848,-1.2037035503289149
2024-04-03,002230,-1.1766877013130697,0.399800724723799,-1.055062042988678,-0.04928298615374442,0.05710232920312381,-1.0056198785670525,0.1876353415545238,0.190084049663813,0.19734125560094454,0.1679615966321406,-1.2942505221952485,-0.8715529740470265,-0.4644359780979776,2.73376310203673,1.0878818954485223,0.26948861142224667,-0.993248912533985,-0.9900635750270202,-0.4041102095866593,-1.0912893401042352
2024-04-03,002236,-1.142252869095057,0.03753855205880037,-1.2776355035548865,-0.13150931421410278,0.2542156708432709,-1.0630704738552579,-0.12596125875250383,-0.12441363343264027,-0.12230769766953305,-0.1270980181955627,-1.2993493157213365,-1.0496934883222,-0.7178630274364154,0.6016132353099674,0.6689256349108637,-0.39266898732623085,-0.756074557857998,-1.117308964670163,-0.5441909331276171,-1.3152047937437774
2024-04-03,002241,-0.1839111638599256,-0.37539564953175986,-0.21052022641380386,0.2388130498527136,0.3096461034142877,-0.9864852223204497,-0.14440456442706157,-0.1406193407208908,-0.13730282726437532,-0.12881274891590896,0.13338708890486883,-0.9283697296143377,-1.3621015300731996,0.4828720476802937,0.3385636228808496,-0.16642989547998127,-1.130969925946891,-1.1935023983801591,-0.7996749470468766,-0.8630764328237535
2024-04-03,002304,0.15238600527776336,-0.3349183910951457,-0.14021540963452384,-0.6385741549381782,-0.7296893275799714,-0.7102092279380559,0.6051466804929846,0.6118562496851674,0.6249622032329386,0.6280718061586014,0.12327757874408424,-0.2838081154214255,-0.45702410741878197,0.15194822438615824,-0.041868830717109874,-0.31909956015260227,-0.318735346757744,0.06706137386310937,-0.8880912351552392,-0.45511106685403196
2024-04-03,002311,0.5154418028563826,-0.5225673206236571,0.8427960275004946,-0.6397970185509008,-0.7278286025106014,-0.43513456911949255,0.12270121404311676,0.12180010120827671,0.12256735844536537,0.11729941172758554,0.19423325193358051,0.10821110611101166,0.0485652850871494,0.14286616110993394,-0.30943442834202917,-0.5070937268304889,0.24919119704549328,0.62015788424769,-0.11729826651916314,0.18294262942855863
2024-04-03,002352,-0.535468747400234,-0.7272662293703666,-0.5620391263528783,-0.381142520885527,-0.5332532451245837,0.31643896465830473,0.03175316630078337,0.0404789336889673,0.046577912607526854,0.060059492178483144,-1.1685432014055863,-1.2948950132024872,-1.1462338429665087,-0.7285786926312616,-0.3208277651447792,-1.2510590455138888,-1.3478408625984377,-0.7612590839687955,-1.632506702447334,-1.439719716858842
2024-04-03,002410,-1.0908035038857244,0.2496730116061047,-1.3521203913628912,-0.2303531437826761,-0.19879714163164158,-0.5159405797324991,-0.18789532889981791,-0.18308111921961942,-0.178671832624919,-0.1652361135330015,-1.2226467792777813,-2.1425199574018077,-2.3332321941058733,1.5296065207061815,1.2123566476965837,-1.0939076080242238,-2.3979327813214604,-1.6009542631248181,-1.5933704658703016,-1.1700085441544765
2024-04-03,002415,-0.5836867703027863,-0.15866117473345212,-0.7350001687434645,-0.23854672373425148,-0.2659824192083032,0.22051934814042698,0.0027995925453094747,0.00486875870750022,0.009233836078696607,0.017189499088620223,-0.9512307855279305,-0.8089336540932883,-0.5763180386116445,-0.048208483003033965,-1.0099660633085221,-1.0564137382531555,-0.575824239509804,-0.9504942567592375,-1.1612446039224522,-1.3366644361620759
2024-04-03,002422,0.8741568518436382,0.10602039619829313,0.9707123264660444,-0.5287951459477396,-0.5329169723973627,-0.4100177101841508,-0.015361828544702678,-0.015988773649170906,-0.02386842948839049,-0.037711210342987786,-0.4119758609593035,0.37599336369488034,0.7850118093455639,-0.2938894736639512,0.267231369943349,-0.4917621733008057,0.1505035830560812,0.9360013152199411,-0.11113268421419994,0.3034791063329207
2024-04-03,002456,-0.75543313781477,1.7841848338092916,-0.9246684564054477,2.9949314503285827,2.994931450328582,-0.42030762127673443,-0.19860694311255234,-0.20039680645911997,-0.2039865165928011,-0.2145251337963134,-0.7324822407867254,0.38102781545401854,0.9881664293000046,2.2848447422455416,2.2542889558177044,1.3530157160774658,-0.26680427032619836,0.543010933280874,0.4026634939082857,0.28280065958887063
2024-04-03,002460,0.6509832582998583,0.6537111723577088,0.7322735143409533,-0.26675246108308565,-0.402566829736132,1.4140819714358581,0.07304925793672001,0.06830915828485451,0.07519626623051213,0.08976021532959069,1.9025677596570993,0.6878857476660596,-0.13389854587284822,1.7345836240889088,1.3520432327299696,1.968342330598473,0.31375877379537603,0.426129169331929,0.15961126753227692,0.5839648863473076
2024-04-03,002466,0.7070288043096623,1.1647561998534495,0.8263280277427749,-0.32569628719955696,-0.40560694610966846,0.9139744470899575,0.1825815536458841,0.18244536945384687,0.19482945790897296,0.217392073554475,1.28556927796355,0.08394206816941929,-0.6067066596469922,0.17505061681065945,0.8106003182714593,1.0524523947835722,-0.14841160152055372,0.03824072434770524,-0.35925330535870664,0.03885034317284386
2024-04-03,002475,0.48779827455472624,0.2132513884633018,0.4246392925676054,0.34570111701353484,0.9580207471946203,-0.7359229900286844,-0.01290540573651922,-0.006675032785500134,-0.016837413459056445,-0.008182995312639487,-0.9304598498289407,-0.1609389782875338,0.3367940907301987,0.14671175524419305,1.2014530372128605,-1.0667427408628185,-0.24048680713172454,0.3315101841387008,0.38661460362836647,-0.183291247845341
2024-04-03,002493,0.39359103379802196,-0.37084517271906325,0.40404918427906594,-0.391902764436391,-0.41276143000670906,-0.19198415463261945,-0.19196252076254794,-0.1938378340199152,-0.19691010662927483,-0.19730709826334,0.6936532389942744,0.881958130995385,0.8268959508772875,-1.229047856235261,-0.5202203546139544,0.6387174116753846,0.7954246844860416,1.3387368672366953,1.298558741711356,1.457530856874924
2024-04-03,002594,-0.9880844485891558,-0.5377817917309742,-0.5972138899846978,-0.526919225916263,-0.5767038519344666,-0.8559056245809838,0.3746053595610123,0.38820538023511486,0.3755174910760197,0.34278995161552817,-0.292306050325983,-0.08609815553730388,0.06186972966812498,1.1738446931932047,0.7781129972978368,-0.9831032008100199,-0.5050980538116651,1.0301603221804563,-0.19468191130544363,-0.11039985284912188
2024-04-03,002601,2.0016716341792065,1.0708818946846352,1.968613591720759,-0.3641644602348303,-0.583277748065122,2.994931450328582,-0.12344443210477488,-0.12837928907665175,-0.12984813451591354,-0.1342191534205015,1.7853109889078156,1.3417905139978743,0.8128230071077605,-0.30239653709331904,-0.5725113438508304,1.4238413618740935,1.5427309139211252,0.5586801915337962,1.1495702116194593,1.8640365750464816
2024-04-03,002602,-0.7156893399023351,0.8936417358004323,-0.2307458156050602,1.2560105777331503,2.321274058460478,-0.7000561008168622,-0.25317174483531607,-0.2530199468752012,-0.25438387108713817,-0.25119000978246886,0.8919758414994208,0.015666368961773647,-0.4796143874654878,0.8109468177954693,1.89584009477418,1.0889575043571518,-0.43629738240097393,0.27941779778890713,-0.1860463143672004,-0.024723607109824953
2024-04-03,002607,-0.9651391583201302,-0.07066371880031391,-0.9396319085395418,1.6685813608836775,2.9410006467148566,-1.014792457214878,-0.27229962735805613,-0.27216205567084956,-0.27342914836602294,-0.2655409603484248,-0.6144791781189134,-0.9438848073005845,-0.9630547184138991,-0.3148611039553716,1.7205747002536147,-0.7280332982225997,-1.4115385485500076,-0.6731024663002927,-0.3245566870782601,-0.8845734351363722
2024-04-03,002624,-1.5806754859980043,0.35013720597446024,-1.0757350885769883,0.2528307005706784,0.38426325593311017,-0.5353712869159163,-0.20021771216709885,-0.1972989533224494,-0.19721777662768897,-0.1946487481224411,-0.9694876373177711,-1.245359518557745,-1.1893346823047157,2.994931450328582,2.161212674949552,0.08467486936759926,-1.8661484362175993,-0.8283320338883977,-0.4397937416640958,-0.9102886738687617
2024-04-03,002673,0.23174782531857718,-0.059839680433281896,0.16552591336451491,0.4524901850962331,0.9663593361261449,-0.7117872814987218,-0.2349297852925766,-0.23539144710398474,-0.23538903151291146,-0.23476033636136487,-0.09416188425442606,-0.46847363110496426,-0.5906379015970463,-0.2701418268103893,0.016564700980675563,0.14692852489089767,-0.2991073817158628,-0.5819350078877127,-0.6510607616660401,-0.5929195856840536
2024-04-03,002714,1.5603407880039064,0.8097915283885349,2.0056930043818086,-0.2793703435856592,-0.37628914140996983,0.6123831706583159,0.11635881089083985,0.10870233778352627,0.08842607616232222,0.07620452720033453,1.3770162117823714,2.014882239148146,1.9663211889506313,0.19144876872397518,0.14239581605070625,1.0255649264856017,1.7779323549865498,1.9052610021543077,2.265906149134121,1.3668471786133347
2024-04-03,002736,0.5315921716150844,-0.8291350907048192,0.49665934314851073,-0.4980354011317631,-0.5674161254407216,0.03537657025835711,-0.22282888277029578,-0.2237467483426889,-0.22507452091033747,-0.22132367883543258,0.7635829438849653,0.4010989481706231,0.12351636905611726,-0.7492392009860347,-0.7015928036808574,0.5117388429640612,0.2736660108430305,0.18403067430201014,0.42056414522452473,0.8188494682719382
2024-04-03,002739,-0.04568241390328752,1.1809484060616653,-0.09725930188348055,-0.26394167475706215,-0.06480304575383904,-0.8743516717634636,-0.1486126985820644,-0.14700677080399327,-0.15675160618052464,-0.16740109044852916,-0.7122739122399337,0.5704169777171139,1.2448527258843305,-0.11258578872262825,1.121879368169411,-0.9614927287564179,-0.4318493241531538,2.0377701706458127,0.9983666720817482,0.2462942660100345
2024-04-03,002773,0.3044841431209711,-0.7244816959064292,0.44752244143238085,-0.6540407921632144,-0.7376716703507266,-0.32517865083871245,-0.13687421909705658,-0.13797557029154978,-0.1388462210269121,-0.13580277796907078,0.1261378136148553,0.12859909824139745,0.11680826009893822,-0.6843000243206414,-0.7198374561792147,0.12917283410116645,-0.09029383949915329,0.050096815575779635,-0.04911891734426415,0.197593361682971
2024-04-03,002812,-0.3088031230688381,1.149705398814019,-0.21275487188432288,-0.45241876341282544,-0.5057645275755143,0.22891245270836216,0.11007681157810843,0.10976186410062862,0.12456469154982469,0.15892389618556732,0.8295791843891936,-0.3017861639789864,-0.8807614016594304,-0.07987627794702869,2.4539283918973767,0.9596186872812323,-0.5404650594109869,-0.2505138850986717,-0.5146087481947184,-0.24040912303437717
2024-04-03,002821,0.15156303306355526,-0.16025523351426993,0.6527372970106912,-0.629138024057208,-0.7282396557730277,-0.06962173526062547,0.5402930914343048,0.5734307619182571,0.624689839627785,0.6791393851469404,-0.9420387122443395,-2.050283870707159,-2.354618110535934,0.13922042722167025,0.6850435242926882,-1.6562743938683655,-1.7355256589838601,-2.17356554751135,-2.3594218548548014,-1.1676088229318546
2024-04-03,002831,0.15423857788415196,-0.5255132371935612,0.07992849170241727,-0.676102399226046,-0.7715850425349776,-0.34334159099897327,-0.070450130210194,-0.07071078524579764,-0.06746173762435476,-0.05615232845214373,0.21169427784664188,-0.22792972709868847,-0.4298085894643851,-0.31804930627520756,-0.95562051437781,0.13492993889272864,-0.20466983136614592,-0.48523035106824836,-0.5134344680478896,-0.4004440796681604
2024-04-03,002841,-0.8884065459547927,0.33432092982826567,-1.0907813797413455,-0.6601643913904018,-0.7622354782909667,-0.04081390388643107,0.034088781429875835,0.036119739698603506,0.050441440784334546,0.07450532221085657,-0.5282279350921917,-1.1112031357543921,-1.2490839360967716,1.0770000402029347,0.27880294832614544,0.3159682391847517,-1.102032566863143,-1.408774703496017,-0.9227050560137148,-0.8284433243960073
2024-04-03,002916,-0.6703428580580914,0.929472383080123,-0.8306989134571677,-0.6052364966276718,-0.647316410920567,-0.9388058901312505,0.39500172271420775,0.37998143786903493,0.36746763341259275,0.2422504937558724,0.441567753429698,1.0539534945889122,1.2157940585360671,1.9753732050020125,2.17222648463937,1.0034819607348338,0.47894694167977847,2.224819510363583,1.1731592311791312,0.8861917155564526
2024-04-03,002938,-1.347597305730278,0.5586538896647908,-1.0180005529292724,-0.4359188233098814,-0.4377617773105834,-0.46043006847921975,-0.08830953210247866,-0.0846359882705708,-0.08913986308639048,-0.1022809999431476,-2.0967995799875263,-0.8906892141881106,-0.009231063561790287,1.4820134459870262,1.8744611269596747,-1.2881579288691254,-1.437511916672682,0.0739898258347807,0.0848579267914285,-0.7628121669123504
2024-04-03,002939,-0.10416171507792935,-1.130825755145384,-0.11308530224154487,-0.494765337832516,-0.46675697111160813,-0.9793728810701063,-0.2305404396189373,-0.23061853331360957,-0.23100095120765993,-0.2261004286992542,-0.2660542156512257,-0.5051253992180682,-0.5432960529015025,-0.691291969295795,-0.6060618252559978,-0.21401103197554305,-0.5145074201188098,-0.4456191564105463,-0.6584206503921931,-0.8030385176347156
2024-04-03,002945,-0.2297333643593816,-0.8283931808031555,-0.1751049221538628,-0.6002856989793836,-0.6264563966038098,-1.0855380357625057,-0.18473419463027033,-0.18342420393182396,-0.18138033736505701,-0.16649887297695865,-0.3788417208444787,-0.9386363256588864,-1.0896794055845929,-0.7367201383767291,-0.36924087686377394,-0.2639095949371922,-0.9136673415319767,-0.8996389082111087,-1.094731575340487,-0.9650348924152453
2024-04-03,002958,0.23174782531857718,-0.9672404648178365,0.42970706601091,-0.2473281107121815,-0.2615009399761792,-0.49041394583748676,-0.2771520691348775,-0.27789358851003154,-0.2795623732524435,-0.2756671870369884,0.2574843730266065,0.2022012084283671,0.1424908827174431,-0.9244100473461976,-1.2688237655497114,-0.3241041009464404,0.3171747108667385,0.13340714192741673,0.5170587204422821,0.5941712174611343
2024-04-03,003816,-0.08261777858652679,0.36666234748034593,0.16552591336451491,1.03329274542639,1.3878742835764168,-0.2251808448513143,-0.26394376288759597,-0.26505818398284936,-0.26709921643143597,-0.26458354027821135,-0.27064727230943536,0.37702234403946766,0.7009004450865131,-0.5015719281261514,-0.011170244197144972,-0.23819665891362626,0.7140524177700635,-0.18652707549381206,0.9149132767247163,0.47043777017521327
2024-04-03,300003,-0.17033139574755485,-1.023325365887364,-0.18035060317774096,-0.5654453359120287,-0.593933175394528,-0.8094295069037122,-0.168626504084805,-0.16831838586799394,-0.16586065564177088,-0.15942086478220965,0.10112257895320832,-0.5602638818184502,-0.8302852778107361,0.16424290837399155,-0.12783953797338865,0.08106466990642543,-0.7506312897692835,-0.5446357320606396,-1.0451054931961161,-0.6073874806352759
2024-04-03,300014,-0.8651489752942658,1.060427480431477,-1.045833260794597,-0.44603444786342233,-0.42874616887550193,-0.18947112047975428,0.08947910229309461,0.09037757786107117,0.0930562574499324,0.08487133518727556,0.22337187445231038,-0.0704429434279321,-0.2172004200213582,0.3696576052025598,2.3603787035057393,0.3490941352747084,-0.32133473789760714,0.4674782859063319,-0.28010123936997905,-0.11158620617813049
2024-04-03,300015,0.13636445701694713,-0.7876504390116448,0.0601891868923271,0.019140845435137825,0.32324873070436305,-0.7336092037908348,-0.17589509944344625,-0.1751397172047669,-0.17241251347685338,-0.16070260011945034,-0.09787869255127553,-0.7826542366449518,-1.029037557645174,-0.36363755741960674,-0.19926866336205765,-0.3234782363812149,-0.6849171015493739,-1.0321084492220292,-1.584814407087579,-0.7841527429173822
2024-04-03,300033,-1.9120146616378928,1.3128532056887519,-2.324707593636886,-0.6244552551630422,-0.679558326291753,-0.3660021296103734,0.9969058491718825,1.0302379654917946,1.0275912682068624,1.029432650079317,-1.4853940919466408,-0.9623004189086706,-0.48208644615534824,1.4614099537703646,1.1693222113181203,-0.6533420147072926,-0.6894739919867715,-0.9948368551007576,-0.2956130326595435,-1.2862847683404106
2024-04-03,300059,-0.4224262017960166,-0.9218081405022353,-0.403432091671894,1.0861543156806854,2.1374301073450837,-0.8158649007871169,-0.17319706127708082,-0.17167859790223267,-0.1703697864382018,-0.16493077415925775,-0.5600786086882394,-0.86136308581441,-0.8772433546845438,-0.6907117817975579,-0.5738470143461575,-0.5493176917994174,-0.7655852036467461,-0.8363277267280891,-1.0170414753925396,-1.1185751564660433
2024-04-03,300122,-0.7422965336256192,0.7051998153646386,-0.7794320105080189,-0.4706984369429335,-0.5026343709635416,-0.3932303475692164,0.14694328831404213,0.15393906616038003,0.17710060472166364,0.21116625547627638,-0.5158833962301517,-1.3904880686201604,-1.6512224916950948,0.45907271688154344,0.7092898342465314,-0.6654805478777814,-1.017147897310269,-1.7470018166868797,-1.7919186151254363,-0.9108013909799297
2024-04-03,300124,0.6105103673410315,-0.17678057060829683,1.041081333024425,-0.5191092673924139,-0.6199231663838589,0.3596367005572321,0.30415434803778346,0.30277728689618016,0.32111033906136655,0.31385861468300674,0.14203612357567313,-0.4143748124818143,-0.6499088332743728,-0.9976717710503707,-1.0008365394423924,0.12400383729216334,-0.1275875591505557,-0.8930585071572631,-0.9356983723870649,-0.4592313431202359
2024-04-03,300142,-0.3019751110892078,0.36181875324615625,-0.7560207227146792,-0.47479536754241175,-0.522609082811699,-0.210595982487953,-0.14492806436978922,-0.14160823195018626,-0.13404959531393024,-0.11127557335953103,-0.214409360053778,-1.475092205987335,-1.9365185270902312,0.6096428674553178,0.5609026797143141,-0.289948964718875,-1.5147482111733364,-1.523466506024408,-1.784985263348569,-0.8932109317404856
2024-04-03,300144,0.3460082065666749,-0.2799664396448028,0.16552591336451491,-0.41093224348432766,-0.5103878181858319,-0.02136439290350581,-0.19862707772573418,-0.1998317257566654,-0.2002591702185702,-0.1983248961758192,0.8914058745339043,0.35074709081671307,-0.019296216450411133,1.1893550824473336,0.019181769566956493,0.9014632552771804,-0.015225515688899155,0.10487784785321959,0.1257677545553627,0.45101234256640066
2024-04-03,300146,0.2715383026849564,-0.4055862544660367,0.6075890421261375,-0.45551951578869193,-0.5990474928951998,0.2257982594130661,-0.1471428718197907,-0.146835228447891,-0.14748115606437254,-0.14440058270770814,-1.0846375230911067,-0.5807986549842421,-0.17125939654131944,1.0654639286917145,-0.07130528822396605,-1.205570949635606,-0.5956070572941251,-0.18025668855052523,-0.45032735818967456,-1.1206239699239684
2024-04-03,300347,-1.8799929840322547,1.5684256322800672,-1.8651527699927635,-0.45094558963098524,-0.3931171586431765,-1.0208010357589719,0.2141123578886325,0.20287909128367707,0.18298668485525965,0.17553815329588363,-1.8750008169050982,0.44418901973248787,1.8021128481202753,0.7944383056648916,2.9949314503285827,-0.8711039787492891,-0.06896566253227282,1.5913707268411386,-0.40353872545001734,0.17402944932678902
2024-04-03,300408,0.2557942131223005,0.31523149174546605,-0.15149146981115452,-0.5752521508411976,-0.6339808683839011,-0.15765504921711276,-0.05379880510881928,-0.055988414801490353,-0.05371746310503244,-0.04702664886398331,0.40460574184758025,0.10415810407258964,-0.07926174373540522,0.7921457023585607,0.3526056663096453,0.6550649859289471,0.08073799391492635,0.1061899651808125,-0.08512529246124938,0.09482668546603322
2024-04-03,300413,-1.5125696683627512,0.4730777384635917,-1.283114595149467,-0.4803196286006221,-0.41176020172979433,-0.7977096680870007,-0.058610977659277017,-0.05403081379655848,-0.05723297111969949,-0.059850902561220436,-1.0578690248209086,-0.6080747442929026,-0.22623743226463527,0.9833218202799918,1.0287183596132816,-0.6013223115298477,-1.1530126853924714,-0.32930188850775044,-0.1108914432753924,-0.7549956771076364
2024-04-03,300433,0.8321861287773321,1.7740153372230663,1.1911944255724654,-0.13257552303559123,-0.1519744599826477,0.11835642832889612,-0.17122386918526133,-0.17374719690228957,-0.1787374016409745,-0.18237479533042567,0.24092187507987137,1.021134935956753,1.2921032902746032,1.044252767490993,0.8472538498206216,0.868003033917353,0.8341453883502937,1.3555127305063206,1.1482702760826862,0.9755958779318913
2024-04-03,300450,0.4763255456683659,0.9795868779086089,0.40851663967892526,-0.23054664198082545,-0.2303478164145842,0.4793361290656393,-0.05881232379109533,-0.06059987696259278,-0.06641767713793288,-0.06875749683601674,0.736917358064478,0.8713963784042986,0.7866793904685903,-0.5338297968610899,2.4854497059853724,0.8598284536740117,0.26626636169677376,1.343316084389843,0.7001647523242129,0.6973466485080204
2024-04-03,300454,-2.0542101379741062,1.0608916533422186,-2.1888526437173175,-0.5892923013496448,-0.619864604276695,-0.7133173143503116,0.31377869313869905,0.36115214160510256,0.36564683227443673,0.3510651661683459,-2.6678427701270633,-2.4807901110694432,-2.0156864904106406,1.699612188630546,2.9949314503285827,-1.7269587846402517,-2.994931450328582,-0.7244056937960229,-0.7481981127493753,-1.0140081016093416
2024-04-03,300496,-1.1787168362715859,0.49041979322356155,-1.4423661650604036,-0.5303948810510437,-0.5024382318460962,-1.1507039652842337,0.2139915502095415,0.23489696751382577,0.2752876843795159,0.3042878641432875,-1.0358194875661237,-2.4002619317137115,-2.8042651896577433,0.7761929504004087,1.7800444622627705,-0.4930492994665422,-2.8197475865296076,-2.111745207307542,-1.104565869830994,-1.0448059065595283
2024-04-03,300498,1.796407899478185,0.9043405512167947,2.26484317331327,-0.2732883689708644,-0.24202907929103654,0.3342025064712159,-0.11696108666022507,-0.11776384445196961,-0.12184871455714466,-0.11023017414773044,1.0802353080154345,0.8529811045795994,0.5595646438974382,0.3240414800549493,0.08881424856381337,0.479547701936568,0.8745452605716741,0.19340737153488005,1.0098558412921148,1.151966866573239
2024-04-03,300529,0.46487745133793396,1.5604817358021719,0.27970493930380413,-0.5965856084345401,-0.7045165695977073,1.690380848841476,-0.08071878293292815,-0.08358655268029802,-0.08369763475378544,-0.097279989522339,2.4953386090426006,1.2320828200302365,0.2612533940373728,0.9608951278696585,1.253701739268921,1.9129231642668207,0.7166674031952801,0.9133543982364162,0.6762005429552548,1.2002209989544912
2024-04-03,300558,-0.49740897442068244,-0.41168881520889117,-0.6234811582972899,-0.6532206748001281,-0.7175879035553947,-0.8021267387809267,0.10570760051765092,0.1176629032081629,0.12741442186300528,0.14308247545625222,-0.9108591693257437,-1.3203339351277237,-1.3297875388173594,-0.11820177748250325,0.980120346683518,-0.7915927438473092,-1.7030874795833404,-0.7622571779606916,-1.8673500069478723,-0.9063923039750074
2024-04-03,300595,0.0993468763750826,-0.02760143652130805,-0.017144800999782262,-0.5978886275508566,-0.674548749476609,-0.19090070366341677,-0.12191420150295566,-0.12069015523253787,-0.11554904524535252,-0.10351960825019846,0.3198683696967246,-0.648814255465154,-1.0765159771717285,-0.2697988643154242,0.2553799029667351,0.3077137398759648,-0.7962173126912269,-0.9100356569735164,-1.0004649245039052,-0.5881639076956003
2024-04-03,300601,-0.4985149761853124,-0.3862527058140559,-0.1354703159330093,-0.6158676476306426,-0.6647343634870596,-0.5124394058888199,-0.08168524436565604,-0.08017588701191157,-0.07519888151890174,-0.06097565550857032,-0.11565959097775344,-0.6743160697644629,-0.8670412162798383,-0.12506304190479708,0.09183839516158052,-0.040284615207699236,-0.8454969208067418,-0.7763363984173323,-1.0502135433095263,-0.7318609228076486
2024-04-03,300628,2.1548598292790007,2.994931450328582,1.672559306870057,-0.5164284173564266,-0.678754195857094,2.994931450328582,-0.06070497743018749,-0.07069060379213855,-0.06370412862732903,-0.05340944933207281,2.9949314503285827,1.8214325639697684,0.25824576369293695,-0.041202210632979,1.4557969417086756,2.994931450328582,1.4612059490818836,0.0025992932301203715,0.5940770250323538,1.0523086453405466
2024-04-03,300661,-0.6286550660245737,0.8568585426680128,-0.5024765530001954,-0.6694601798282375,-0.7690756602376896,0.42526884500397444,0.19313209095316392,0.20424133940566572,0.22630258561560465,0.24797948844628465,-1.146365435480242,-1.6266263692257912,-1.6349017028094244,-0.4147337074643894,-0.24518511596311893,-0.9950189304958393,-1.4825397358266725,-1.3760413345513434,-1.5486214386926147,-1.2107376342965919
2024-04-03,300676,-0.5233378283659561,-0.3300364003382343,-0.7158227604594165,-0.6728615856544261,-0.7555327934607912,-0.8575226021341378,0.11285538819720116,0.12028649218384485,0.1270764892417962,0.14187491861093793,-0.60647168728217,-0.8662893692263405,-0.8576211885288823,0.15288420812815018,0.3163160807256921,-0.588477936480032,-1.3916234744679519,-0.8416655915084683,-0.6365600675316174,-0.9789698558995557
2024-04-03,300725,-2.0340570933937094,1.7246225424927868,-1.862119016079298,-0.5780710933412712,-0.6265661705945917,-0.601634185991274,0.07675402676217706,0.08141701243643455,0.054037649126454444,0.036579411861951655,-2.9949314503285827,-0.17538177187927728,1.7388681015083138,1.7576403710311221,2.9949314503285827,-2.1262404212756616,-1.9784334213179677,1.999656539285624,0.4119442824259156,-0.08072608536621027
2024-04-03,300750,-0.4232990173669849,-0.07175139225801301,-0.29153641853702805,-0.3917871717627873,-0.3345403510321457,-0.3204900132057362,1.540379328175882,1.5097493044318098,1.4509956237294421,1.2898854108015219,0.5633949644572475,1.348332515943857,1.5491805337500224,0.17253549212231625,2.596966954231634,0.5945446033812198,0.8668359577131065,2.5906697408725043,0.8811777996431989,0.8223615603729746
2024-04-03,300751,-0.8085444396956314,-0.6648634455131639,-0.5058167033547565,-0.6834511120450043,-0.772424006637745,-1.0215196618290754,0.7454245305308055,0.7675561646650588,0.8299259036519113,0.8843602208456797,-0.7761942042168387,-1.6643866756884271,-1.8955649598208961,0.19280445986715142,0.5438647710725114,-0.796840509450796,-1.2702016747996225,-1.793752339067167,-1.6732054807590901,-0.9905671459485214
2024-04-03,300760,0.1983443666831154,-1.0008869993803202,0.4422683698854315,-0.6641150733517438,-0.7600978415388817,-0.005691576651000543,2.411221482903282,2.446955830906363,2.506581125665724,2.5404312798089452,-0.15933177392715298,-0.6106872819717599,-0.7528917552075446,-1.0973535805381427,-0.8129161630922941,-0.7447918582467132,-0.3503257190746261,-0.6859736139836318,-2.1904623703057187,-0.9051714902511767
2024-04-03,300763,-1.6452113702248068,0.8076221519293891,-1.2446421374383136,-0.5918645898965542,-0.6704580304984262,-0.5700685087939047,0.31496663531642705,0.30921517061343035,0.3402413604381701,0.37451592010434837,0.11884788757577144,-0.6581847128572591,-0.9769700557790384,1.98751976408091,2.4684284539201387,1.2196600352582536,-0.863902026133039,-0.66593027518126,-0.6301456849846087,-0.42294673285370543
2024-04-03,300782,-0.2902680875515226,0.4673628392591795,-0.08087866277558257,-0.6425957112395401,-0.721578595578367,-0.5862006590244391,0.7113164958007827,0.7273950718834664,0.7663693520122856,0.8052065947165391,-0.8303232055391591,-1.2456418124667559,-1.2689858945542563,0.3119509555825913,0.31685707822642134,-0.19925587200221692,-1.5084780200403616,-1.234253101340762,-0.699797066415238,-1.0472149658644103
2024-04-03,300832,-0.6492041257019885,0.2680333108684496,-0.8174433661548552,-0.6013668139120666,-0.7545888489912933,0.3469331808164213,0.34806793938735825,0.397155854932922,0.4452930116999848,0.45640379994752184,-0.7229244992425009,-2.7246427953114476,-2.994931450328582,2.994931450328582,0.7923750092139509,-2.994931450328582,-2.2405955754989213,-2.3658411556748966,-1.99014648203707,-1.259408807248198
2024-04-03,300869,0.23174782531857718,-0.20767116776387,0.8089167617743992,-0.6791657457002354,-0.7640799849322953,-0.7557009839095733,-0.13641112299387442,-0.1365023241744361,-0.13485659858845925,-0.12217291134788824,0.3328398997162327,-0.19124980072935896,-0.44809217356922193,-0.986504038584198,-0.3097606364016808,0.43121995915431993,-0.6340485355343021,-0.17105401863670286,-0.41906964728110246,-0.2872668261118811
2024-04-03,300896,-2.994931450328582,2.994931450328582,-2.994931450328582,-0.6721460923170833,-0.7655334117447461,1.9770523273290572,2.07394657749442,2.0688966595106004,2.0717526300380933,1.9844048300591748,-2.902497459145605,-1.091103782056082,0.19419916149450886,2.04408379834882,0.8694748621425247,-1.8822724075737236,-0.7631759831902363,-0.04896945398869009,-0.7048239208944925,-1.5507651663754884
2024-04-03,300919,0.16946169425439128,1.1196012073410964,0.4074051656832785,-0.6377838497974812,-0.7266064680586414,0.8339399047047138,0.07345195020035664,0.06826879537753636,0.06317696121049554,0.04123023079761908,1.3309911109791923,1.1199882678952926,0.7772100351125221,-0.2138012243101284,1.9814873906815398,1.2990146881243914,0.5594581581180986,2.2180114491756857,0.5924099621624398,0.7979156499729902
2024-04-03,300957,-1.1555029009045552,0.8964161923082609,-1.0723400627338773,-0.6715315667895306,-0.7606035688763274,-0.2368685812505378,0.29370448379641284,0.3032212788766802,0.3304312268821767,0.34450813249828954,-0.8142562656891756,-1.3926217029904298,-1.4874354773801866,0.5629152469782509,0.7433820481253394,-0.6163320897630901,-1.439193865885479,-0.8977987055553404,-1.9591035654636513,-0.9395814901883807
2024-04-03,300979,0.7678534534067621,0.8978037776350993,1.3007215581724347,-0.6779344446660818,-0.7743413763646583,-0.18161622002036554,0.2656771022473033,0.24928634397275806,0.23807474588279662,0.2326090148866421,0.843075425844996,1.4084975724514965,1.4620093594979222,0.060375333642892076,0.5239987630981499,0.4369724633511998,1.6580689370461188,0.9995036451312074,1.285460180596989,1.4539761543814507
2024-04-03,300999,0.6236788327981738,-0.679149911186336,0.6856001824958341,-0.6370843875608571,-0.7195900405342873,-0.2105931978668898,0.00434995776031051,0.005413657956295676,0.009148091980777921,0.019809897442952137,0.4269569091709247,-0.1425367106326425,-0.43420213318605244,-0.2783799924856478,-0.5473174311298156,0.08547874527569786,-0.23552187196436017,-0.28157948708356484,-0.40850569868700304,-0.28305286073396924
2024-04-03,600000,-0.13549272725558673,-0.8205718630025223,0.16552591336451491,-0.286287904169497,-0.3531293859544486,-0.0879356906320012,-0.23710432351621438,-0.23813612480162116,-0.2403420141103333,-0.23694256408896844,0.021821780814480676,0.377795923966073,0.5265704135118189,-0.9297034099126703,-1.43085772268964,-0.38284596085377376,0.6608459469818676,0.1933097091657832,0.9196496404899833,1.1595860773003268
2024-04-03,600004,0.05339981439024083,-0.7360543782553595,0.034089898866512466,-0.5091331415398642,-0.5240149728523045,-0.4020215955466051,-0.2016472697030089,-0.20276812726406324,-0.20371415298764756,-0.20130583650253772,0.1833073309030371,0.13393897300858051,0.09079886382800281,-0.39794915222471716,-0.6874145062575904,0.3295667328168839,0.03095725872606212,0.11000707802143717,-0.19648477723817792,0.20850802058277343
2024-04-03,600009,0.21507361528084476,-0.907112654766993,-0.0913453014665351,-0.5663720460325258,-0.6233869592298242,-0.45723145841134927,0.0568811635517092,0.05528202994791095,0.05362910371872419,0.048991371150574455,0.2675614373486995,0.2891442914633432,0.2575518620226329,-0.9967397567681424,-0.6056368930457088,0.49585004860545695,0.1453273967039639,0.4663603101103437,-0.1988825231649766,0.41775443999630146
2024-04-03,600010,1.7052160546652184,2.3136129533964955,1.3785040105762898,2.9949314503285827,2.994931450328582,1.5751039873873196,-0.28595089509533794,-0.286702793032225,-0.28869664156601876,-0.28560883003633974,1.1591961538740077,0.9760362972682396,0.6815528351686222,-0.8762355126849838,0.4803413762507269,0.7865942232031313,0.3768201320106873,1.2223253158452458,1.1114146124495798,1.1536974932299078
2024-04-03,600011,0.16488387170401775,0.27853451897227655,0.31370349842428724,-0.11254114709523083,-0.06960282162299039,-0.5263210955535985,-0.2131642684430166,-0.21475591073756362,-0.21656063636405634,-0.21462518850635376,0.4558794626068517,0.5341489684433143,0.486907844071128,0.28591371636119733,-0.24568525039912717,0.08421425771220882,0.7541724440886641,0.4505240299329013,0.6165223595128891,1.0899835382706704
2024-04-03,600015,0.12768572766541442,-0.5463517207196275,0.05060482269858383,-0.24341680338418373,-0.295522248595326,-0.3853376316741372,-0.24457426500667398,-0.2457243513774396,-0.24834647783956795,-0.24557659553296526,0.060091256108083344,0.6126975734588097,0.8320285801035803,-1.1259541064966303,-1.368892537822972,-0.39489365800483384,0.9131687840524513,0.38923080148672007,1.7650458899131365,1.111574248511692
2024-04-03,600016,-0.2799893651292193,-0.5655437438518226,-0.39961160920005784,0.7700738840142648,0.5279871303359512,-0.20620956828376807,-0.2670243587044162,-0.267863406041463,-0.2697522396964501,-0.26593772902617085,-0.3339748274667288,0.1403026959499479,0.4055542200603569,-1.0370953463106483,-1.3512473347761564,-0.8269056081745069,0.49761903706228516,-0.1376816715663164,0.7657178181188049,0.3027223376401049
2024-04-03,600018,1.5396332387930927,-0.22784758030407784,1.342617084623276,-0.34339124742450167,-0.4681904244905104,1.8986583390037823,-0.25190326420486064,-0.25322176141179215,-0.2552867060005175,-0.25013771024583786,1.271827035931478,1.0426163488450955,0.7064905795735271,-1.2138861767792857,-1.3130083458076776,0.7443162523959792,1.0632215693207014,0.4612509868593337,1.907519797245699,2.209445713573387
2024-04-03,600019,0.037116284489163716,-0.38721812400553374,-0.2629682340619387,0.17395684129220915,0.2135708520845344,0.9663524863487661,-0.2408896307943988,-0.24201096390416676,-0.2432774885214326,-0.24074636815170827,0.22928812093344514,0.20640919603734292,0.16484738516619804,-0.39083271665595876,-0.8863005198374085,-0.008762396486326271,0.41633478929154866,-0.06257944645179178,0.32842078427388544,0.346321210079098
2024-04-03,600025,0.23174782531857718,-0.8648880690571447,0.16552591336451491,-0.3693804741634307,-0.4291534671324211,-0.29111658793794887,-0.21080851870074233,-0.21188005359114306,-0.2129442529400732,-0.21075065611410265,-0.19005853523959212,-0.015709243435492296,0.1005730546807024,-0.5674729013961303,-1.0075119206628385,-0.46413142081473735,0.2493685089942858,-0.41292144511835926,0.09826445067129136,-0.10801672480199893
2024-04-03,600028,0.5370554372467459,-0.323606349172421,0.3899234406546747,1.3635221703377172,1.2184962115490605,0.649456566878634,-0.24372861125303702,-0.24510881704083728,-0.2471712793210351,-0.2450004184096296,0.739964136801498,0.7827683895370903,0.6628150790510321,-0.3802529401518059,-0.6304761846026846,0.48256996785687845,0.8650475133010133,0.23319270101322576,1.3252007878909766,1.3803535535333167
2024-04-03,600029,-0.2958781003921127,-0.6603133382917381,-0.3014421803977646,-0.1534516723873772,-0.15926827855212203,-0.3480004208582818,-0.24541991876031086,-0.24587571227988278,-0.24730746112361188,-0.24152782993874738,-0.23115836607422366,-0.15796882696802167,-0.07522349355661079,-0.45916866832850184,-0.9501451310783213,-0.4682069069369731,-0.24621951577858187,-0.047264661873175386,-0.27444770314778133,-0.5597099953287373
2024-04-03,600030,-0.2598774231465554,-1.2086436819365,-0.26952801324615033,0.4281687553268178,0.45400097852979027,-0.6140552791988996,-0.11818929806431677,-0.11500907602750357,-0.10995046002830747,-0.1003402835846068,-0.44747995365031273,-1.1168457915080154,-1.302550455345516,-1.0685834204426317,-0.43244785794716517,-0.8057682431564139,-1.0235083581743072,-1.1248634520107725,-1.5095129256213835,-1.0402151103557502
2024-04-03,600031,-0.19591478398252613,-1.0024909006422504,-0.1657847827095089,0.2676141879071904,0.38596251576567486,-0.8791798809979946,-0.16272706242252838,-0.16489762947277792,-0.16966365857298887,-0.16764432689879957,0.10386309361339204,0.8249033856349627,1.1019525077084686,-0.21620719654770162,-0.4547409497479696,-0.19048087334851616,1.024333249879191,0.5699689629278213,1.195970281733369,1.0341087291416515
2024-04-03,600036,-0.4651700459429434,-0.7638589685697051,-0.5803353162224025,0.08582178700377126,0.1488557289816719,-0.2206010200220757,-0.026657346539710185,-0.029712162137353122,-0.034838630251519294,-0.032763677439614544,-0.3687420791557355,0.38819189801892034,0.7759875033052924,-0.8156744780107434,-0.6814825180080804,-0.6383151449059177,0.7814086561039786,0.14894088496695454,0.7812590117235849,0.6532371228878535
2024-04-03,600038,-0.4856034777460356,-0.28750169641696616,0.18258959563786292,-0.5228284827591675,-0.6195991173979696,-0.15310249166665774,0.100794754901284,0.09693655030027593,0.0920323720453737,0.07763979476505087,-1.499355543474278,-0.19829274270008437,0.6309379761951928,2.3801277600238437,1.6414388192237483,-0.17158776564100156,-0.4561383759545136,0.6426035518040724,-0.01084126730436625,-0.22799902789531673
2024-04-03,600048,-0.13215417677763988,-0.4792645184833498,0.4090123367950249,1.1271649650404787,0.9482453493473573,-0.2904341261901814,-0.2171106526266556,-0.21504854181562044,-0.21584442095791184,-0.20987431486064606,-1.5797954318639478,-1.3222602969475008,-0.9473648335425215,-0.6256398172563433,0.6591412945793312,-2.2076756146490357,-0.6928071707087183,-0.5840313714162851,-1.457442233385164,-1.4413014400354776
2024-04-03,600050,-0.45056842861183816,-1.0056366880899812,-0.4386605951935142,1.4779763545430336,2.07642516936444,-0.855412110537554,-0.25838660964941046,-0.25915510878756504,-0.26080459089010966,-0.25777291967063903,-0.2764849399190412,-0.002199051731226468,0.1706346794317698,-0.6526973894346859,-0.6059603537551999,-0.1288608015785823,0.06952193517499129,-0.36783194484792553,0.249271999867561,-0.09789426606732705
2024-04-03,600061,-0.3493215006092544,-1.0127428887251995,-0.3700917709185592,-0.39569426038006955,-0.44428573985736775,-0.5116945615096293,-0.2398829001353072,-0.23988182054313256,-0.2404428895196494,-0.23522438320620703,-0.5964757483801091,-0.6873885472413989,-0.6097759713235659,-0.7658746985831656,-0.9426437505523138,-0.5481289017640062,-0.5791122158347386,-0.6484817958200154,-0.912731091197735,-1.1495900974372169
2024-04-03,600066,-0.747227669451122,2.3903052935388844,-0.5591677403430632,-0.32735902171621206,-0.5050067355066876,2.360679251467686,-0.12976670064387003,-0.1391662760574362,-0.1457914929583274,-0.159719303831123,2.4438669009692973,2.9152442608538203,2.5272426418936735,2.329877831300855,1.6533370245536168,2.994931450328582,2.994931450328582,2.0266113402190413,1.3909589018719128,1.6327454567057809
2024-04-03,600085,0.8880479536542802,-0.2744746585893107,0.7033974008311304,-0.5623743957585515,-0.6362952300760225,-0.16218467880426096,0.0985396782249189,0.10019585506621914,0.10753187868679666,0.15822696337770034,-0.2027647188419701,-0.49201087810582783,-0.5613025792291535,0.0973934888402121,-0.35046740360270445,-0.6532815689116409,-0.3009397131198028,-0.582583452950492,-0.8080015321289657,-0.7330977258616671
2024-04-03,600089,0.5920108073938302,-0.7063616714323452,1.0110829046199685,-0.20976752297549509,0.00221924860506751,-0.5435262358740945,-0.15179396746479382,-0.1520824063992548,-0.15083021965366797,-0.15160279674940375,0.28324033669285187,-0.18443662850685735,-0.4102580554598968,-0.9085712772397817,-1.1443125669612697,0.03250047347377056,-0.006577069256554937,-0.6177093922834476,-0.46601213083699744,-0.3472721420514951
2024-04-03,600104,0.474512638037751,-1.0564128475408174,0.032285184668783704,-0.3935874362487665,-0.5214555770774112,0.5619093546537886,-0.15394837107524978,-0.15575543096520947,-0.15854718846635169,-0.15772856011756214,0.36476546166648155,0.5743597573429402,0.5965594757103148,-1.2735975520284923,-1.3596012678129983,-0.020383924043028055,0.6521020217804843,0.264471635880505,1.4486547765261506,1.530994102551386
2024-04-03,600109,0.15992506174696047,-1.148280000071368,0.08620836633790938,-0.4361396025039907,-0.36145662997571765,-1.0398012397149348,-0.21864088322847483,-0.21850966111815462,-0.2186689324187634,-0.21372124595357567,0.0729863240249855,-0.38848912897107474,-0.5743880698737456,-0.8488973249681435,-0.6942970608274248,-0.13626668958787336,-0.3808460949953441,-0.4727614555076267,-0.4845821518885047,-0.6406300050658521
2024-04-03,600111,2.1483588687779376,2.994931450328582,1.9425538751358176,-0.07796403157652101,-0.0877990989479974,2.994931450328582,-0.10330981892294325,-0.10547333917358284,-0.10640973316131142,-0.10928310456476255,2.0102619686446364,1.045238512963987,0.28524709377162066,-0.952808909067811,-0.1122565748513171,1.7947951548686782,0.4867110233132086,1.1593831525746656,0.8223937110183811,1.496273433710131
2024-04-03,600115,-0.9135023447662372,0.030320326299876382,-0.9215145671968572,0.11120858185253202,0.03031076437862807,2.1027413696900963,-0.2655142627157788,-0.26587553285604254,-0.26751280560963214,-0.2624133881190609,-0.832131479353791,-0.45513219565227897,-0.141659203856337,-0.3764364832978545,-0.7989260509181674,-0.8195412418297711,-0.5603331568609381,-0.22745224231967356,-0.4065322137848087,-1.195241199188944
2024-04-03,600118,-0.5635346958188564,0.2534452423148685,-0.6106286240632315,-0.5528825778961373,-0.605489324683233,-0.5418287324135205,-0.04451674843199485,-0.044848252381671824,-0.044900952330802955,-0.044778868050491194,-0.6473546904547408,-0.2932316704610317,-0.020957927163464545,0.11569052367806018,0.02474607419833835,0.02800074749747974,-0.24170856500107712,-0.29639284393940213,-0.24847602970791596,-0.7921710374247746
2024-04-03,600150,0.8161160038672425,0.6365783015390236,1.0105760917184854,0.08212169645892768,0.04562847046063807,0.18288937053083523,0.06423029736307778,0.054515134708865466,0.05010855193359132,0.03339836211515245,1.0459310733137321,1.2293440167908671,1.0945764024907056,1.2454371561792195,0.4586063751238239,1.363312651958418,1.4288259155775909,0.1638063611501347,1.9316526983353866,1.250800532472983
2024-04-03,600176,0.46158066874777465,1.5793098971593444,-0.023569531447962932,-0.09251155236034808,-0.21303372570254336,0.6736828720344429,-0.19890896231027982,-0.20283876235187004,-0.20745663067327588,-0.20707968330434737,0.8402624166506827,1.7299368230110521,1.9054607901049203,0.38064346809612765,0.9610758869070242,0.884098762067907,1.983373569958656,1.5908607319327588,1.1629265066150667,1.3043380578343908
2024-04-03,600177,0.43122898925837067,-0.612948040988331,0.38582315361117664,-0.5209039069307725,-0.6140827746268352,0.671671016368677,-0.2423191883303088,-0.24344384711396225,-0.2449671516274777,-0.24125009186432508,0.4864438795686387,0.3996912962767751,0.28271923915666475,-1.0416743345745887,-1.2477081953321918,0.15329338652337635,0.49475970680843845,0.0904943539132205,0.6413882692805409,1.0983993343003264
2024-04-03,600183,-0.42257596691211424,0.09751380900903128,-0.5990932074915924,-0.4658275135508581,-0.4800281192985139,-0.6329163821961059,-0.14303541073069706,-0.14051843345259535,-0.14075276626298686,-0.14362429616429187,-1.288299073716465,-0.9581076943573446,-0.5925249421548516,1.1049644846860869,1.5071891662423726,-0.899072208709949,-1.5250986027440747,-0.32776939346688444,-0.2384823840363882,-1.1816567148629595
2024-04-03,600188,2.746083221052117,2.23583859674419,2.994931450328582,-0.1679806308440562,-0.14250377683759927,0.7492928693457026,-0.139693064942513,-0.1402459838281976,-0.13727760841204628,-0.1338310101487934,1.332220305406156,0.10956229581967414,-0.5977917164964959,0.5806743160467638,0.5109967196431845,0.8918761269677498,0.5572076904434301,-1.330916776095957,-0.05548407588853861,0.043187234037741384
2024-04-03,600196,0.2581523241514197,-0.8085142496505826,0.16552591336451491,-0.6035633559579185,-0.643273548289166,-0.6292968786219316,-0.07403409135656004,-0.07176022083607039,-0.067350774674107,-0.06069791743414802,0.005461186848456341,-0.6163464802158695,-0.8545122340708277,-0.8181992636975546,-0.5679006696587289,-0.060329661624072536,-0.6826242218522788,-0.7458966344941373,-1.234136201492384,-0.7729659505992922
2024-04-03,600208,-0.3400981779754725,-1.148280000071368,-0.15174427474190724,-0.1669400155342416,-0.043317143923408755,-0.6379229619896903,-0.28138033790306216,-0.2819197885150203,-0.28343094519971695,-0.27897244263073423,-0.1049258979083079,-0.28554899114001453,-0.3279366612426595,-0.978801312889665,-0.7635627628892974,-0.37441632036434236,-0.07167901144130727,-0.33138839684235877,-0.6688538992457577,-0.6865596751471436
2024-04-03,600219,2.0887735061188413,0.9817145320211802,1.5187803891654068,0.7979795304075389,0.7125090596797121,1.3755594362046046,-0.273386896469875,-0.27460401156359965,-0.2770455317900061,-0.2753618476632447,1.9096089149829354,1.815444592999757,1.3774120009654522,-1.070903794607288,-0.5016592857420199,1.7181635687388233,1.5171002421155688,1.9337405285774907,1.937967850022416,1.9037923602892282
2024-04-03,600221,-0.2002221771697326,-0.769959803373676,-0.31152062846457645,0.32841677796489543,0.5580052835095916,-0.045864919799444494,-0.2883871832903396,-0.28903375092985006,-0.2907091059818755,-0.2868181119628616,-0.21624846523165367,-0.14996695798146695,-0.0727125209690881,-0.6219444685566193,-1.179911640597948,-0.26694793991654225,-0.10653919453131905,-0.08971049666156555,-0.1791867530519864,-0.5801762102876054
2024-04-03,600233,0.9857681667406725,0.4468290875486673,1.0426352958280596,-0.5136108810932584,-0.5569716974633211,-0.4470552592209025,-0.1519751789834303,-0.15534171116519807,-0.16282934959182127,-0.17422896186817735,1.05106045636721,1.7560318501457817,1.8121227896184413,-1.2393715636837423,0.9502327281111933,1.1950191409604707,0.6896780507283448,2.994931450328582,1.0326271247991083,0.954953387384927
2024-04-03,600276,-0.7010236181371021,-0.4844648410501524,-0.3388414147527795,-0.4059423524500762,-0.3214158078474852,-0.3567403177450571,0.1541917490595016,0.15577557844335732,0.1495363991260319,0.13614764900173323,-1.1519404237768156,-0.2599871433992021,0.3291751616892046,-0.6189519798872292,0.29488403908156674,-1.1266497791075138,-0.07699192017666974,0.20665652294963457,-1.2463293479403912,-0.3473893803120729
2024-04-03,600297,1.0065069265556816,-0.3993208837627429,1.0211319690321754,-0.14066729143523327,0.09848656447182226,-0.4348323125209138,-0.28677641423579303,-0.28739905318346365,-0.2891051869737491,-0.28517410957202666,0.689498159229021,0.25638504668944173,-0.03310561525311284,-0.6506931859603873,-0.3918041528514976,0.5714702879873529,0.0193447999603888,0.3751245291339578,0.30850592884261524,0.3754330088869821
2024-04-03,600299,1.055206070062003,-0.8382807958700964,0.6929876010914416,-0.6203563558318969,-0.7426203681404149,0.89949692124037,-0.2161441911939277,-0.21846929821083647,-0.22059565273670143,-0.21871018080593105,1.534884480765152,1.2563313754868848,0.8431174370458712,-0.6213600010454097,-0.767390976222161,1.4902919725547712,1.1211258264593336,0.8953905254397609,1.4880132923220366,1.898517878481268
2024-04-03,600309,0.15863954534064928,-0.5502894188877766,0.18169698257905714,-0.5176203437572359,-0.6142173156752174,-0.2761023840762647,0.5098294216901936,0.4855506219597429,0.4682623424012668,0.44967253307549887,0.6294661172021856,1.398921648155381,1.5787087583273374,-0.5605240270341831,-0.8522650929503074,0.8604037393303169,1.5558645972784457,1.4137399754312632,1.9231394186198392,1.4761347343416567
2024-04-03,600332,0.3867853806196216,-1.2036852632459667,0.38582315361117114,-0.6279143167023422,-0.6909216121061146,-0.6432673871440482,-0.03030171152562173,-0.03165967241545547,-0.028942462576991648,-0.02265297648191922,0.1276175579228375,-0.08416634793878232,-0.18094190760504197,-1.305118200578112,-0.9947668502760881,-0.17196198681691413,0.14305579904023155,-0.37393150611283943,-0.6153188613965829,-0.21875955778021786
2024-04-03,600340,-1.0367838017069584,-0.785906829599851,-0.7750339350644737,-0.20583596583606315,-0.07133739448606853,-0.3645515725524105,-0.2882059717717031,-0.28870075694447506,-0.29020472893529486,-0.2857658124262306,-0.4793820128962943,-0.6818599709340106,-0.6696094560603414,-0.41055798559087225,0.08955833859379837,-0.5832120309486417,-0.49250827648339657,-0.33063059787720867,-0.974895865616861,-0.9872019940447078
2024-04-03,600346,0.2758328696253944,0.8250977233895912,0.21421127996822562,-0.32528257230206037,-0.4732470587150944,1.0911042624765437,-0.16955269629116934,-0.17466545304377823,-0.18074986605683122,-0.18042545356584697,1.4062189854535978,2.1418853651620022,2.1210099792229498,-0.5668311546238368,-0.5601812120890866,1.839499993741344,1.714349793639139,2.141318192867436,2.1920264023913454,1.6157608928328266
2024-04-03,600362,2.994931450328582,2.994931450328582,2.994931450328582,0.0025413437593087593,-0.1167788732583228,1.8537172625960292,-0.08033622528247336,-0.08715866997795725,-0.09687196321047162,-0.11449802505531245,2.9949314503285827,2.8776621419024204,2.0460784242756693,-0.014126103182363871,1.0394854851799638,2.7853178862606134,1.9521326662560823,2.994931450328582,1.8563343970487696,1.6619019978378125
2024-04-03,600369,-0.08934217653102533,-0.6504645664227164,-0.18907017922502353,-0.19593212056043846,-0.011996563094943916,-0.9567136000899986,-0.26468874357532374,-0.2650480932560198,-0.2659189741424373,-0.26202696992856034,-0.34724411439529,-0.626774486548754,-0.6679025746351231,-0.6606214537666861,-0.713027699119764,-0.2902153253603177,-0.5370150268724263,-0.681449312217337,-0.8264426729741604,-0.8867168576280159
2024-04-03,600372,-0.9099671855796599,0.006256043212182487,-1.039057871755833,-0.2223809055199721,-0.31700934883176907,-0.31288778186932276,-0.1864053675243624,-0.18781367010267638,-0.18808350831411366,-0.18256110410084558,-0.7995126905636981,-0.33218140674242475,0.014079918429697896,1.6017399682043343,0.44481854397660325,0.5539304707586162,-0.490678720469082,-0.3435319794036662,-0.18570895889268257,-0.5471700915263428
2024-04-03,600383,-1.2170309229733243,0.2074308053986748,-1.0855961491683812,0.21506958345131677,0.28675782686755663,0.25477277150184224,-0.26450753205668726,-0.2640793834803834,-0.2650312705404554,-0.25919611166690226,-1.5523376528143744,-1.4402151699004264,-1.1341627573709747,0.07898209591740347,0.4636413584398827,-1.6500872414276868,-1.1011583183944897,-0.9432689612590337,-1.4550651576818738,-1.5731613436482887
2024-04-03,600390,0.23174782531857718,-1.2237970475909195,0.3084342524038427,-0.34714871243507545,-0.2966623321822693,-0.2774928653468303,-0.25593018684122704,-0.2563095238216331,-0.2571831636956607,-0.2527684590874153,0.2919353565976473,-0.24251717780256266,-0.4959930993870702,-1.1466214149521459,-0.7487845568149702,0.13365324205745524,-0.2508821401383949,-0.46147147829197555,-0.47757767026381026,-0.43087776345880685
2024-04-03,600398,2.9575711449295645,2.4136706550426155,2.914536575889684,-0.26867141196385996,-0.3618332490387065,2.2097333886878556,-0.22190269056393153,-0.22472554884515483,-0.22657756450914776,-0.2270043712520323,1.6092414710039817,1.3826305554536216,0.9705641376332423,0.7284349736727068,0.28464402606886596,1.4622688008785192,1.8332233289128415,0.8498209240375091,0.9132274523336903,1.7229280837484395
2024-04-03,600406,-1.438310906596255,0.32968041167406,-1.2841782692818262,-0.43006662780538885,-0.4543243076650646,0.378736553384071,-0.07173874545383126,-0.07050897070920673,-0.07085619514784244,-0.0781557392549767,-1.222561573840955,-0.6532629259023072,-0.19306105632197015,-0.3548154544826209,-1.0601959979176692,-1.0165340093754498,-0.40009011504614117,-0.6846244561303098,-0.676504948405033,-1.8957240308209682
2024-04-03,600436,-0.6693588619423836,-0.35525857174869857,-0.7778302612523204,-0.6863215228158064,-0.7842964552201228,-0.30279177284292297,1.9618370512979817,1.9722678593908698,1.9746903111941159,1.9412605490573045,-0.37329761605735234,-0.15410740438597895,0.013806167207978204,-0.21982611687038456,-0.7564340304755502,-0.6196644334298824,-0.12723290917334937,0.11621827174579742,-0.6150274227483239,-0.48984762567779355
2024-04-03,600438,0.4536757403546724,-0.6502099389735929,0.547555777726414,-0.35656431225723034,-0.291122420759548,-0.4324794077382733,-0.05897340069655,-0.05735066292347901,-0.050549975252506055,-0.04401638215673566,0.3666903624220308,-0.5546742068820671,-0.9719227228786635,-1.4194811265402667,-0.40083760010811814,0.06024478805809366,-0.37296961546798074,-0.9277850305394639,-1.16854188858619,-0.5650264849439206
2024-04-03,600482,1.2981404708299273,1.170558866277198,1.6777894673829528,-0.3407649593804344,-0.4356080819179254,1.0288625967464493,-0.10091379995430529,-0.1049284399247874,-0.10469485120293728,-0.1032332447697382,1.2963427509463799,0.8113997944059793,0.3774624240344638,-0.4449489295046221,0.16166508802174429,1.335746223613605,0.7549564574784728,-0.08999150002589974,0.8711901860278694,0.9744389863049885
2024-04-03,600487,-0.7056661242061776,-0.2250830400263796,-1.030218615252987,-0.15015854680288554,0.07779584497782133,-1.199049706622866,-0.18068713738072217,-0.1795090019219602,-0.1791308157373074,-0.18169511333463453,-0.531830982914329,-0.7077011686686605,-0.6759179502198976,0.5572306753045605,0.4600136306864544,-0.08734450649523913,-0.4669368676394373,-0.47083919390852635,-0.8484872273331441,-0.9324795575783567
2024-04-03,600489,1.2437224940692826,0.43895287313542136,0.008889371677328547,0.422441433659503,0.1429436725450767,1.2201391032394049,-0.17800923382753858,-0.18374710719036946,-0.1897832589610904,-0.19968253508619388,1.063019236641211,2.1978484553659254,2.40915542981428,1.356675339595505,0.46474433733030296,2.0669016112813368,2.115576810524918,2.141346488508136,1.806094176624929,1.4800249235939051
2024-04-03,600498,-1.4246337014641832,0.6523820441170398,-1.0652763012850064,-0.3244945171404116,-0.1450585387759093,-1.2312626512313862,-0.12642435485568593,-0.12477689959850392,-0.12074412882513309,-0.13513689662294034,-1.6038462491136443,-1.3757560205216046,-1.01083600284576,1.8185326696074797,2.2562505441898413,-0.11569120072727353,-1.8283275668459897,-0.8982220227750745,-0.4065322137848066,-1.0062088680114418
2024-04-03,600516,-0.008427496064918088,-0.35071665514153094,-0.2315367771399296,-0.3484542627778212,-0.44219891552022983,1.051649104947492,-0.2531113409957706,-0.25396847519717847,-0.255508631901013,-0.2516350807340275,0.7394115729848078,0.41891059195072594,0.1620267798393398,-0.5999570635601407,-0.5700735358424917,0.7953750325246219,0.20139242276378094,0.5041826658764427,0.3804328425980374,0.7730019155245403
2024-04-03,600519,0.2735779832411486,-0.48552345487838955,-0.604026993439076,-0.6718232203236597,-0.7705600858190074,0.6629178847929867,2.9949314503285827,2.994931450328582,2.9949314503285827,2.994931450328582,-0.030890329572955327,0.12554800878396274,0.20484285135768218,-1.2767186903637635,-1.157487339571717,-0.39292365330329804,0.2511311152759506,0.24826103480553927,-0.0307328995893752,0.35048597268779114
2024-04-03,600522,-1.6318381278842182,1.158514078159193,-2.134802584716331,-0.09066825702507111,0.23104041600331607,-0.12180482519062572,-0.16812313875525925,-0.16552325453620978,-0.16543697892264314,-0.17358378149653805,-1.9795951815738897,-1.3906265235354514,-0.8115416793151093,0.5730014995005828,0.47147184801523,-1.2349077336814522,-1.0955997803810122,-0.5172036460059108,-1.566301287117782,-1.4476259010528107
2024-04-03,600547,1.6418202519479688,0.26067986124964004,0.029552975604611658,-0.06750162900216883,-0.33869530457262015,2.0551968417896647,-0.020435751066524226,-0.03526206189360331,-0.04743292510463776,-0.0672428755357512,1.8339996267403902,2.839946171969057,2.801031292486377,1.7656180401157688,0.6215047254695797,2.9596522421050127,2.8797976264442062,2.4474383976069043,2.1158750674863755,1.6385765835075414
2024-04-03,600570,-1.594177381321091,1.1626608130762535,-1.6804734533157073,-0.29754736182169095,-0.19722411389910305,0.30561579060634386,-0.07564486041110657,-0.06971180328967257,-0.06664969057935996,-0.058739950263531376,-1.2041202452151987,-1.2884722807528488,-1.1165459389448038,1.0307012013207923,0.8460872608122983,-0.4355738740366342,-1.3962907885234905,-0.9191382896892353,-0.6814781303585632,-1.2250741265390337
2024-04-03,600585,-0.0029129674352038567,-0.6785577491049002,-0.19028099515093697,-0.5045488092290594,-0.518688697274817,-0.5874496127394153,-0.09674593502566613,-0.09674486046602573,-0.09285712191968973,-0.0819733439673773,-0.21274479489626888,-0.5385618303117583,-0.6209938130405781,-1.4058431091261774,-1.064207676429618,-0.44521723505902117,-0.07023349374339763,-0.9034686661985026,-1.2899390662930017,-0.7020232911738193
2024-04-03,600588,-2.7412015668067484,2.994931450328582,-2.994931450328582,-0.2650874765873823,-0.3391607654680323,1.0787560048998246,-0.17984148362708527,-0.1778743041755738,-0.17772360377734744,-0.16849824209655753,-1.873679929974275,-1.3308136380353417,-0.7869553872091779,2.994931450328582,1.4837530971882902,-0.41664264737579354,-1.4517018948937996,-0.8253103352003258,-0.5561015958458729,-1.2686546663203568
2024-04-03,600606,-0.3904680331879061,-0.27996643964480594,-0.17983590598050436,0.10862729338942963,0.20965853581480606,-0.3262521313058313,-0.28289043389169954,-0.28304994991992943,-0.2841118542126008,-0.27910182372130365,-0.5807071842278192,-1.268143018962377,-1.4418064312633596,-0.9864922747879918,-0.20327796134605464,-0.9157783947143571,-1.0450676166221244,-1.0553714853148277,-2.1941275703533627,-1.1339164835658984
2024-04-03,600637,-0.5413487027399003,0.11669485480236944,-0.7817522196961051,-0.380778868021854,-0.3671697510141708,-0.5287184079705326,-0.2326545740030296,-0.23273758594781419,-0.2347888228274805,-0.23058909000140798,-0.26959560972681174,-0.0709429421553946,0.06980686844900826,0.724505863016494,0.06711477925291207,0.19177745338227314,-0.24580040347657456,-0.00629264079271183,0.0970438715171692,-0.1872766824041209
2024-04-03,600660,0.3817074415670156,-0.636822193537487,0.46421721658182813,-0.5243685934176932,-0.5903151077478347,-0.32656329217447,0.09876115896991902,0.09197191270013935,0.09374221023328205,0.08430550855118552,0.20082876001637956,0.3435336578913419,0.37255921057270236,0.2784582689890647,-0.46120147839203296,0.15951951479478846,0.7866061651193198,-0.3374203445586725,0.12809476876950465,0.45976512927531216
2024-04-03,600663,0.08671441868603386,-0.9558017578516322,0.16552591336451491,-0.6478707871181569,-0.7334139734680789,-0.39111543054841386,-0.21916438317120243,-0.2199324536011206,-0.22090332273511562,-0.2140145097588663,-0.13820171698066172,-0.09256172082133465,-0.03781607105095188,-0.7323390946231907,-1.0226796304939292,-0.21241964835927926,0.11431188117009879,-0.29377401184488056,-0.3257647474718283,-0.3465875050171346
2024-04-03,600674,0.03843220926618053,-0.9391659535545488,-0.0904952036788914,-0.5170831612594667,-0.5985901012669411,0.6626083336314216,-0.14462604517206173,-0.14495835325759546,-0.14740045573691968,-0.14689505013388585,-0.6862429452303844,-0.11750832244623835,0.2516793842921496,-1.140479252329462,-0.8779567686795238,-0.9250104764378797,0.025908737859810342,-0.14688393457040325,0.34674426997890845,-0.40813521904592703
2024-04-03,600690,1.2094970459821075,0.7077202816489837,1.3862860178945269,-0.09102178498302699,-0.2827062550121213,0.9351939046634052,-0.06489297697200846,-0.07549378976300235,-0.07902205953198292,-0.08115910563739398,1.33558488046364,1.7333923595521812,1.608756951534043,0.6273927945170058,-0.18426989656827367,1.9556172087743684,2.029745306388688,0.8919540807698733,1.3023562716790522,1.6192747437115587
2024-04-03,600703,-0.014333446590745294,-0.2966155197119835,0.2201465635409912,-0.321074548987075,-0.19662187493075134,-0.7103814204013084,-0.17955959904253962,-0.1780559372585056,-0.17576662083661454,-0.17114624175021087,-0.3085399897396197,-0.9366626482603332,-1.1266320339461777,-0.07996942339334433,-0.18858654623332885,-0.14984259638576405,-0.8991996694696545,-0.9528299441209351,-1.0961929864346773,-0.9453248378780357
2024-04-03,600705,-0.1658934352501363,-1.1190800750304803,-0.2736096450079599,-0.09987629628002516,0.09910845729878567,-0.8515480016308814,-0.2719774735471468,-0.27240423311475864,-0.27368638065977907,-0.2690877273112334,-0.3334495450224075,-0.47612594708119693,-0.4635151193032128,-0.9929090695744214,-0.8802964831758102,-0.29259097432454745,-0.39971370556626934,-0.6626180350816228,-0.7586705632894498,-0.9243610855378913
2024-04-03,600741,-1.1387776051548333,0.0016408574914283836,-0.9862514692650318,-0.3557959444122537,-0.595016214855257,1.0121322812810445,-0.14482739130388006,-0.14760212368693645,-0.14828311556843576,-0.14338105971402143,0.43540437398470394,0.44173511755485917,0.3708840585203167,1.4688532017290166,-0.2753557635286198,0.5456721531207549,0.634258584397075,0.15701837280969275,0.279210887882127,0.6739260685797019
2024-04-03,600745,-0.5822954277437241,0.34601688254924895,-0.751194860565117,-0.5300582279359497,-0.5236973153651506,-0.6679777721117782,0.06714981627444336,0.07014567056783187,0.0821970196370513,0.08404847145125434,-0.5497180806720589,-0.970888398901865,-1.0382646469520518,0.2931786002099537,-0.017388265671725973,0.09990405450243232,-0.826042335044637,-1.2902261852791788,-1.1730511103370889,-0.9175994656922144
2024-04-03,600760,0.2661568971500297,-0.24701634390209937,0.4324415460267963,-0.532249988776324,-0.6419596159366174,0.7542403306311221,0.0533777408580705,0.058137705640672416,0.06432189710623361,0.07885597701640305,-0.6855215826823555,-0.8538664221606197,-0.7945305783673172,-0.8562726083520483,-0.8868766340207511,-0.8568247305692851,-0.7619125003061312,-0.9545099669443544,-1.380570658877818,-1.2438986854393455
2024-04-03,600763,-0.8591952836910428,0.3037400254181796,-1.0392582950005005,-0.6667796110396313,-0.7514788256003374,-0.6401378532427418,0.12729190584857442,0.13519049571108394,0.14591497193158293,0.17036290967310833,-0.7145333907773466,-1.0666935456628475,-1.0802501458824922,0.7554958544094916,0.7943496773198923,-0.7049725868732446,-1.3852945102060907,-0.711608455555505,-0.7443210659531755,-0.9689714650393659
2024-04-03,600795,0.10178282456993014,-0.5434244099385794,0.16552591336451491,0.8200186376798878,1.1083781983475591,-0.41253392123051796,-0.25572884070940866,-0.2562590701874854,-0.2579649481178607,-0.2571587907607364,-0.30917890715412594,-0.09015026107487407,0.06612022216443714,-0.5817111424356254,-0.15727870258699245,-0.6297617240009852,0.04610501919221794,0.04423059217361015,0.06176741483738005,-0.3483939666750501
2024-04-03,600809,0.07909610590067508,-0.7337742080444795,-0.003055178917567187,-0.6674531985172005,-0.7579792993892689,-0.8541274708474254,2.1109338619094444,2.1046178324871923,2.096759644007561,1.944376045718215,0.5328661330818397,0.4538103678915482,0.3304570545188721,-0.32922632470212104,-0.28827521323532307,0.09343729174633575,0.4976847235684286,0.7926302630315419,0.27411380514379496,0.7232711928214921
2024-04-03,600837,-0.3958880319553835,-0.8957865306001207,-0.22134380258790384,-0.37605081829934234,-0.41475957229889204,0.13308143278511483,-0.2159629796752912,-0.21585579996198412,-0.21598060276048864,-0.20953619894395809,-0.45106185231286916,-0.5886538359348503,-0.5542287751773329,-1.1517606710569768,-1.1315157138074183,-0.6084241741962186,-0.4630915935045915,-0.6490355435516219,-1.070533980107829,-1.054427771864527
2024-04-03,600848,0.043128462975505474,-0.9192911142243702,0.09594619739993754,-0.6331058621087929,-0.7032826108730864,-0.8147489894245676,-0.2068017306775578,-0.2064714240105065,-0.20694720985622944,-0.20041569459942038,0.016196524151341096,-0.32217507037099136,-0.4491315944752589,-0.6810191672212258,0.4826436606093535,0.09248979734529099,-0.09640152811831307,-0.4626076727453446,-0.3918331538236346,-0.5960311607214029
2024-04-03,600867,-0.41641913621687304,-0.29031407506503787,-0.031238090535313658,-0.2892041582634072,-0.4401653803037991,0.18482620318348306,-0.20190901967437275,-0.20444318791776783,-0.20671015264433654,-0.20221667938014617,0.35095744972224846,0.750272939557874,0.8490391619590013,1.9717100031144361,0.29033797322936133,0.997097995806007,0.43482445522942076,0.5103794053504411,0.6472579046334221,0.9254725605403614
2024-04-03,600886,0.057328565054600586,-0.9883756486569526,-0.07507448327642206,-0.492722919351469,-0.5534284103518331,-0.11027020613447877,-0.16258612013025556,-0.16365647007274378,-0.1654621977749722,-0.16462198462309882,-0.6420712626151869,-0.07985201111562075,0.2786649559644077,-0.758220754478498,-0.772115220595869,-0.8309408509939452,0.1593509238157219,-0.16455884578527127,-0.0891612695136219,-0.3247844413660493
2024-04-03,600887,-0.009682936023907874,-0.6402870114369997,0.08531284564566875,-0.15879593512172777,-0.21018151939183036,0.23544580923519703,-0.051020228489726475,-0.047996559152490084,-0.04750858166162482,-0.043862849929260005,-0.5010641425291525,-0.5260505730342313,-0.43671453077509986,-0.7750623523971306,-1.0845476112426875,-0.9836795566770843,-0.5361096997311114,-0.3822269389016856,-0.45651859358762803,-1.234833311724307
2024-04-03,600893,-0.4346054208714069,-0.5088900180921734,-0.29384691622212067,-0.5615241849256949,-0.6448289195064479,-0.3704950002951896,0.03418945449578497,0.0364123707766603,0.04177624312407915,0.045670589825960305,-0.7769113907759445,-0.7503826644383588,-0.5944940546852212,-0.39695273825084587,-0.691095294191254,-0.3857284846659706,-0.591125389294164,-0.8598783320070801,-1.0483007652999714,-1.1534479962733923
2024-04-03,600900,-0.29311083155096385,-0.6635612443925432,-0.29898875783859336,0.5233223380088836,0.5798690827027575,1.006337550036797,-0.07117497628473993,-0.07028697471895674,-0.07073514465666313,-0.06528835852754974,-0.7088150343804702,-0.4035273411331467,-0.14120045636895096,-1.317678496411345,-1.1810526929381264,-0.9467717922911356,-0.14734940887163253,-0.6894883416804485,-0.5585364462515197,-0.9690704477509182
2024-04-03,600905,-0.41667366869735334,-0.7153927087102157,-0.5505590684307702,0.3409314426786306,0.6293884175619895,-0.3285866880865271,-0.25627247526531816,-0.25710669124116725,-0.25848950024630457,-0.2555699909685443,-0.06855277934842816,0.0015890804751044064,0.05337192756692355,-0.9053840864191729,-1.177011760563055,-0.24941667101232065,0.2968173854859983,-0.2053498419218234,-0.04374690410477174,-0.08931375310169161
2024-04-03,600918,-0.2252067435237049,-0.8286955670201197,-0.037255338361005495,-0.3983936727432049,-0.44082394435475725,-0.4936258326111952,-0.23595665056485002,-0.23594643707960974,-0.23690216265265335,-0.23235557315798194,-0.6401213923692521,-0.5661976001613631,-0.41252665533060356,-0.9833135701752902,-0.44887395845817224,-0.8116516475363197,-0.535940197979217,-0.4344714430737587,-0.4538958514374788,-1.2007959494281026
2024-04-03,600919,-0.48733996325478024,-0.2555647345081766,-0.6285994676443917,0.6421119505927926,0.6908607338876663,0.046923232104114206,-0.2358157082725772,-0.23718759647964388,-0.2399687750958636,-0.23790343432159708,-0.1773728909428111,0.5662267698799139,0.9104678940502596,-0.9493653163841722,-1.110885167611108,-0.3526734286036508,0.9146775839703946,0.33739933635181873,1.332660560821274,0.9591469808573035
2024-04-03,600926,-0.19539324421509432,-0.38811666222993785,-0.30618779110673244,-0.42194842215192985,-0.5048399173896913,-0.04403905319386043,-0.20480840397255648,-0.20656224055197242,-0.20909081230419715,-0.20563234017117787,0.26088378259728673,0.6166819241034471,0.7171972615667029,-0.7855187731439326,-1.1188796278425988,-0.08778681609626303,0.9164817424114765,0.22367245038645547,1.3204188821664282,1.2304626797266658
2024-04-03,600928,0.23174782531857718,-0.7174248370062053,0.16552591336451491,-0.4071190914923098,-0.47699527325478913,-0.7022580487976158,-0.2693801084466905,-0.2698109163195654,-0.2714772091957559,-0.2673747216720948,0.27445163531013794,0.03415868494521118,-0.10116755229040074,-0.7072786710786961,-1.2454589055077183,-0.5178443768751406,0.028065644166539522,-0.07614253215277611,0.1767883762533532,0.0008635190423551458
2024-04-03,600929,1.8343411619522547,0.8379939707335786,1.935351606805175,-0.5085068036223083,-0.644662660645591,1.7524377949201095,-0.24654745709849346,-0.2481965794506783,-0.25043964258287765,-0.24509874803846232,1.7859871506404006,1.4192556757659758,0.9167980697573341,-0.40887371536413664,-0.6347322693535227,1.6372884322824683,1.0793371625150652,1.117945344481636,1.467379628394144,2.0366670703209073
2024-04-03,600933,-1.2123849195047178,-0.04788282490016867,-1.0815624402080337,-0.6410806315979262,-0.718922368597631,-0.3796819019574376,-0.11494762534204192,-0.11434308805675357,-0.11197301198509584,-0.10209986641635041,-1.0182557233253966,-0.8337842042003234,-0.5726370301749576,-0.3093955156615434,0.11038132208125086,-0.8622082453077677,-0.2590355521949557,-0.9725494712736071,-0.7005134130082807,-1.1616981328682097
2024-04-03,600936,-2.1861245376025846,1.3183452468040862,-2.07465886076534,-0.5661976726562865,-0.6370364042481369,0.4927506364576967,-0.2728633965271474,-0.27306013035867915,-0.27493219196483326,-0.2697829350378929,-1.160581845279972,-0.6056478913716761,-0.16164676490041757,1.0781990639790364,0.3929884353376793,-0.43176162115862193,-0.9620148129974468,0.03439185733279966,-0.20405266281963816,-0.8102366423005053
2024-04-03,600938,0.4961610231719763,-0.04016105455397935,-0.5059623834885795,0.07047383617352994,0.21549788895328506,-0.25209695500614593,-0.03384540344562406,-0.04031751603520572,-0.0425707303756004,-0.07126403983064761,1.0702882642375484,1.0608961845604625,0.8497168157783959,0.2661893944924358,1.9669017934117294,1.1763663664299537,0.876604619157702,1.3256067947866568,0.656754842732463,1.1972557273227846
2024-04-03,600941,0.30121376282432866,-0.8641897720815441,0.4804853939578211,-0.6021551503210965,-0.6578037418332295,-0.4804546912951437,0.661402789723022,0.6588992181645098,0.6536309945605819,0.6564649177543543,-0.4080722030994331,0.06851001567059799,0.34859015071729343,-1.1245598102937469,-0.4134290261317054,-0.753556254237219,0.325602601513775,-0.13160579931294125,0.49199493871360844,0.06900136877685041
2024-04-03,600956,2.1758818091202667,0.5768399494839043,1.888915586135691,-0.5516628080046059,-0.7022968819806052,2.2117959022669003,-0.22264767125165927,-0.2245640972158821,-0.22612866893769099,-0.2220171614808845,2.0577816697202618,1.2640822479982619,0.5515417420822595,0.9469590159120342,-0.08119358461384386,0.6511860794572575,1.2498736863093183,0.6592414006099434,0.9584984668792531,1.911115019092036
2024-04-03,600958,-0.22718590980913303,-0.9011892572864563,-0.2573661103232619,-0.2898186837909598,-0.2189246901933115,-0.7016448062837036,-0.22349332500529623,-0.22302021601096159,-0.22311249419913878,-0.21780796333436056,-0.37365660124586497,-0.697967202498101,-0.7531336966028327,-1.1602920939894292,-0.7907576566135602,-0.5555694111669166,-0.6386241777413515,-0.7187615326653731,-0.9080295536366197,-1.0323574051957776
2024-04-03,600989,0.38261172065997007,-0.04656219336973622,0.2487247456283143,-0.300108400473359,-0.48074947982454835,0.09244522690858752,-0.14559250660478967,-0.15035689211140246,-0.15572267700550013,-0.15780273860948857,1.0199739120839457,1.5890299990925936,1.6024668066338104,0.12794218344932842,-0.3889106781826505,1.5170947524117189,1.2622758628463615,1.2946189943913236,1.9531348575853498,1.5445592647922923
2024-04-03,600999,0.27692753212511767,-1.0748939450744215,0.4157503258710982,-0.5203321310051365,-0.6043366977800214,-0.12120907330006381,-0.16947215783844197,-0.17034662196073264,-0.17183752364375143,-0.16808939785035829,0.22176850453688876,0.21244044075732324,0.17765016026510827,-1.2991002572870054,-1.2391863591577332,-0.03602882333411978,0.3110347410430998,0.06387426974145369,0.5436329751558014,0.7075498418666617
2024-04-03,601006,0.41205962815904656,-0.9622020463794012,0.2649404100875168,0.33121968936425,0.611940345057706,-0.12068382965751599,-0.2354532852353042,-0.23621888670400745,-0.23808744871211784,-0.23203815821578502,0.12891545413514421,0.23830094152305356,0.2682498028768389,-1.6060811565967958,-1.5786233210151375,-0.3225337498555147,0.3768201320106873,-0.040904825765162155,0.8049797809098326,0.9999524075355373
2024-04-03,601009,0.38790863245999313,-0.4797554004509132,0.16552591336451491,-0.4674809669039392,-0.492237799332923,-0.17337518080966785,-0.22516449789938822,-0.22599698042567762,-0.22841854072916706,-0.2283602850811994,0.14003026037169508,0.39549542859800857,0.4809874722514006,-0.8678725735482228,-0.8622263564721516,-0.4428337137803493,0.5868194803635071,0.35024062820826024,0.9904097738506019,1.0582738176280244
2024-04-03,601012,-0.3723148542173902,-0.7174248370061985,-0.16970901744561948,0.39803056722291974,0.9642161068126662,-0.9639035387490328,-0.10433668419521666,-0.1030616554613214,-0.0969577073083903,-0.08572712067509701,-0.11180001421314573,-0.8358395853612189,-1.09578152456359,-0.07786663422241066,0.1569845038420194,-0.23902787818887644,-0.6694628960621897,-0.8680155714567662,-1.1880322350538786,-0.7543982565161725
2024-04-03,601018,0.9662289304669051,-0.9524268443092792,0.7720149619704069,-0.30387655288441195,-0.46858493974995863,0.9613140533242108,-0.2697425314839635,-0.27049708574397446,-0.27230438755214814,-0.2672850174493,0.9362955344465308,0.5893652373352128,0.2822476852047887,-0.8990251462368067,-1.36560933527332,0.2257895310645054,0.5598515190577678,0.3549248659291181,0.9068486573406142,2.0570558639268586
2024-04-03,601021,-0.5060513187941049,-0.2266304486331469,-0.6492633734747718,-0.6711771950894316,-0.7614690576988471,-0.22716670846968548,0.24439481611410716,0.23882226025051903,0.23819579637397598,0.24373578867560894,0.15347428035350089,0.33258184910986666,0.38527270929405366,-0.2726003414105037,-0.8078530606783446,0.2973404373220318,0.3430989918903453,0.33210647513544805,0.29248529252705385,0.7385522473398539
2024-04-03,601038,0.7558211575145014,0.23327144702778815,1.2061641637449865,-0.5879245953356913,-0.6642108997406228,-0.8233219415344838,-0.14299514150433335,-0.1472085853405842,-0.14693642885406547,-0.1537487977716479,0.8899656664117439,0.6944783442244362,0.4534163822270969,1.5122535577096563,0.7017469383980606,1.5017723902012885,1.164972770357608,0.29516478507704236,0.3161553435115779,0.7243246669890127
2024-04-03,601058,0.6904159737940062,-0.17341232721487998,0.5793852918861458,-0.3413687975075079,-0.39911805691219515,-0.4505527841769362,-0.15872027439934389,-0.16342438335566423,-0.167525099895487,-0.17216748982510524,0.653954162672011,1.3234249448113349,1.4595969166700495,0.08860406675510218,-0.10167815544555357,0.8895818657280914,1.6016317346665172,0.6168272324585848,1.2133041939365445,1.3830440125488734
2024-04-03,601066,-0.4138847590456742,-0.8363120361346981,-0.6393509317196796,-0.6130987671643926,-0.662943465541375,-0.6786644924639411,-0.08748401296202356,-0.08622023238280949,-0.08314786377301252,-0.07540768489128302,-0.5347775197410771,-0.6837156064023747,-0.6402655359659112,-0.6976566912416581,-0.5841447551229181,-0.5220576474694506,-0.5936735350669349,-0.735478486292908,-0.7678903223734602,-1.0134462101405455
2024-04-03,601077,0.6754214485639717,-0.7535402726666918,0.6554973614993242,0.2622271755709232,0.29247062833107296,-0.2543881838409569,-0.2613866670135034,-0.2622529619242356,-0.26468829414878053,-0.2617595823413836,0.1461726194226285,0.6054661339075261,0.7702091327817332,-0.5484944608042992,-0.26541693426253365,-0.9450911351103735,1.0637605012508342,0.3441884261827242,1.174802140102757,0.8140667921046697
2024-04-03,601088,1.198176093180669,0.10045855582661982,1.2328020215520554,-0.2615687906033038,-0.2253150704165241,-0.3945204742201981,0.03445120446714882,0.030771654478944234,0.025525214683251182,0.024898887005347817,0.7345326730386623,0.8305194638813628,0.7317897695112348,-0.05543888320385744,-0.07168427137560768,-0.09942472912989235,1.1514659028208731,0.051819503493287185,1.052449122138144,1.0186196578828897
2024-04-03,601099,-0.14588632780013613,-0.914217108870557,-0.04365222327347318,0.9335846426559086,1.8250607065637083,-0.9839753245283749,-0.27040697371896394,-0.2705677208317813,-0.2714519903434269,-0.2665052807434685,-0.2660542156512257,-0.8036900271830117,-0.9634586172807947,-0.7399946241950348,-0.27966122664955967,-0.16696767888058806,-0.8596622702618559,-0.7610021178547113,-0.8328049526588469,-0.8903056570542904
2024-04-03,601108,-0.3503945741566638,-0.7070048355333227,-0.38628659133099025,-0.2849674477155566,-0.23477153247688615,-0.5896581606191107,-0.23019815119484613,-0.23039653732335957,-0.23054196809527153,-0.22590721960400395,-0.22679711284819773,-0.5163216339012268,-0.5816516524947295,-0.677427736071893,-0.5983096879514671,-0.2471814342270348,-0.45558317728637787,-0.5914362194106239,-0.6037628840101078,-0.7687701866367779
2024-04-03,601111,-0.7289534602154305,-0.011397672659545952,-0.8083114196884652,0.12671965616377115,0.05461260076444732,1.002118534860841,-0.22782226683939005,-0.2287921117574618,-0.23028473580151543,-0.22551045092625782,-0.2617964186031056,0.02332777083089891,0.19785979065127518,-0.12089018559284924,-0.5924149990108405,-0.045563076194072585,-0.1244848781882513,0.30011425399121394,-0.21378280142437156,-0.026631711218340393
2024-04-03,601117,0.4193847951494273,-1.1631779210106044,0.5812592632970772,-0.13728613542047896,0.006907093352613601,-0.7061961109234957,-0.237990246496215,-0.23895347367481437,-0.2397165865725733,-0.23696844030708233,0.08203735629564556,-0.05308958280430374,-0.11110008953780669,-0.9066564305534686,-0.9028207749004041,0.25197081138855565,0.11177764869028504,-0.6381306860556243,-0.2048547889411763,-0.16717524425720043
2024-04-03,601138,-2.5243624200658683,1.881989585957927,-2.279929692550846,1.9542004512053954,2.994931450328582,-0.7922270033271249,-0.08766522448066005,-0.08266829653880937,-0.07940538608738422,-0.12691688466876555,-2.207967548218607,-1.6808068236044489,-1.1018075960082414,2.313575692549806,2.9949314503285827,-1.0883855454831362,-1.7422541476003572,-0.057297400172934984,-0.27516229425933253,-1.2869996414909042
2024-04-03,601155,-0.09211317978322597,-0.552167993232172,0.021998923506847772,-0.4551187382707228,-0.524991753646556,-0.607614730342761,-0.20690240374346697,-0.204927542805586,-0.20485908888338558,-0.19627377461999254,-1.3974797575444937,-1.3086959496199293,-1.0339090210893758,0.37394592046806696,0.47157267095716443,-1.6894856004024927,-0.9274848862400533,-0.910709034122829,-1.3624165373205335,-1.5229836088935051
2024-04-03,601166,-0.5694300443817638,-0.6750208376161323,-0.47586032256194394,0.6779034923027941,0.08128440488138669,1.4545346882596368,-0.1646599852879842,-0.16190068360440282,-0.1622190533654587,-0.15891541598838527,-1.3726180483658021,-1.0961046537794996,-0.7417882523723827,-0.4671348129819774,-0.9709706395992148,-2.334559902888997,-0.6865711760512121,-0.8839759284795241,-1.2306595089412822,-1.888702390639187
2024-04-03,601169,0.11308412898285568,-0.5117216341798989,0.034479531320557914,0.12811745564749508,0.2905936848336617,-0.782387107383301,-0.25154084116758774,-0.25215214436786026,-0.25538253763936786,-0.25445213834602487,-0.07608823446081592,0.6459767252660767,0.9609032919717035,-1.1400611342167952,-0.7327582861884583,-0.6257139246051293,0.7982083408202637,0.9911337648649854,1.8718220801971286,0.7304726327606826
2024-04-03,601186,0.005735916864844327,-0.6226070492715747,0.08211777586232342,0.46779566757193863,0.38035421530648367,-0.4246380275867824,-0.22230538282756815,-0.223211939820723,-0.22576551746415294,-0.2227865476994704,-0.1842751482098144,0.3014481194103675,0.5427011107571115,-0.767559305209428,-0.842809722619651,-0.41946108026197104,0.4047138099177607,0.24739641122543854,0.6953426017952569,0.7080435522590203
2024-04-03,601198,-0.0003803847814492084,-0.9909037806951273,-0.09082512779879268,-0.4848848360895168,-0.4812635960040844,-0.9328634260450943,-0.22474167102256984,-0.2249576355622344,-0.22568986090716583,-0.221321953754225,0.006524380419797062,-0.23751785933263309,-0.32513322103157466,-0.9253561946370553,-0.6486903604434665,0.04678940737895218,-0.33930942080544474,-0.3413264161855842,-0.1933958443477862,-0.4962594383954836
2024-04-03,601211,-0.18912014439550132,-1.1029776811744663,-0.2479392109643624,-0.14172000038243227,-0.3462121864479631,0.3138253932370207,-0.17194871525980723,-0.1694384565460735,-0.16811522103998633,-0.1593449612090756,-0.8558597313054087,-1.1096336335963126,-1.0605979064489977,-0.48154448229953645,-0.9652173921797844,-1.4570432892404943,-0.8803905665871457,-0.996116711041433,-1.4645630118106328,-1.4377736732056339
2024-04-03,601216,0.774312557359627,-0.7314532755450271,0.7647078649992517,-0.3703316528060775,-0.4017138842298807,0.25935532844542175,-0.2694203776730542,-0.27016409175859946,-0.2712351082133972,-0.26734539529156576,1.0388210865517866,0.1860187450177845,-0.3290069803453806,-1.4200349234845486,-0.873206867232988,0.7098677336509568,0.07293574217618119,-0.07510618361627686,-0.09961584179549876,0.2073194387505303
2024-04-03,601225,1.5098426619491825,0.805240712116349,1.546973190744598,-0.09857468340061376,-0.05786579292007087,-0.37796854181413303,-0.07618849496701602,-0.07525161231909323,-0.07519888151890174,-0.07466762505322619,1.0230634137523216,0.2641192222746075,-0.2131805685307045,-0.09606493891806414,0.2153103020626559,-0.017770171224581584,0.6617722645710155,-0.6483500917275142,0.3661413862109075,0.21944544427416227
2024-04-03,601229,0.015373661910019282,-0.7739900518199183,-0.07342712920933096,-0.3015604807016219,-0.3413130227734748,-0.3822067479709667,-0.24690988013576642,-0.24791403909945103,-0.2505455617626595,-0.24753283762237432,0.08571782596531878,0.5929354752159558,0.7890074892560042,-1.2413297316735188,-1.3019822358529005,-0.3473148661568704,0.8580027522701557,0.4968901614954535,1.81008602836021,1.0916698930016757
2024-04-03,601231,-0.38589627816581096,0.11661164772107523,-0.5165700237401162,-0.6215944068031952,-0.6811036308985263,-0.5790734386046863,-0.16639156202162173,-0.16607824451183478,-0.164867032860007,-0.161401258008525,-0.2520545789570155,-0.5259638377773634,-0.5806810343932768,0.4922276655038764,0.15040670495986164,0.2286461749981682,-0.8173958265893634,-0.5400605783104862,-0.27945903959471396,-0.6695085716641901
2024-04-03,601236,0.23174782531857718,-1.2152230596629403,0.3582859985803439,-0.5012613085921883,-0.48913720340260197,-1.009330505535049,-0.2328961893612116,-0.23294949121123465,-0.23330091054006763,-0.22763747605521845,-0.10918274268523896,-0.4730566001081513,-0.5884506096817542,-0.9805704997890586,-0.6368751735398663,-0.10530184894457549,-0.4591911711846285,-0.6266056677681009,-0.5474488216770502,-0.7519346614517567
2024-04-03,601238,-0.39370874078428963,-0.8969410448133915,-0.21999425706712591,-0.2915365427942971,-0.2156748527675168,-1.048886452772181,-0.21499651824256327,-0.21532099144001818,-0.21670690570756473,-0.21347973458451283,-0.7993275844996182,-0.36690445343083894,-0.03546728656274371,0.15949854901949403,-0.1146634390102519,-0.4567063945358019,-0.6882629194104235,-0.04683488542827313,-0.08404762002792472,-0.6555053802776061
2024-04-03,601288,0.558072990241808,-0.8411223186302825,0.5259034639854046,2.9949314503285827,2.994931450328582,-0.5160873183053489,-0.26557466655532436,-0.26630943410971303,-0.2683702465888192,-0.26570484306314596,0.5091449653328527,0.5290248490017159,0.4484449638383844,0.003935151998445835,-0.8272351732037432,-0.5249303014359484,0.8555296436844448,0.08849004557598643,0.8113898972838817,1.0775610778163494
2024-04-03,601318,-0.6012686889138817,-0.7033796227600575,-0.5724759710455397,-0.1379015046901747,-0.04836834537406756,0.1329310256740968,0.059015432548983386,0.05952013521632012,0.06666725037283358,0.07297862534213792,-0.5999222115790804,-0.6439586726090027,-0.5462157459084989,-0.8484205815966549,-0.6164516719822208,-0.6735985181587117,-0.3546507627956067,-0.6240380838279141,-1.2209040134247628,-0.9069358649157141
2024-04-03,601319,0.23174782531857718,-0.9390640423041362,0.029645853294346415,0.09269519174878711,0.13860456394728576,-0.3896006969482477,-0.2537153793912255,-0.25510872732891715,-0.25689062500864396,-0.2531738531711994,0.27181689300693446,0.5405639707829104,0.6047883028091233,-0.7097857671677352,-0.8570955916491522,0.14735130459897058,0.7568511609975832,0.08973288273333917,1.1673978989808793,1.005059846427907
2024-04-03,601328,0.3391607597476865,-0.6471461513965816,0.403194262161082,1.1836782512900805,0.8338987205824551,0.03324121590670607,-0.24686961090940276,-0.24797458346042833,-0.25039929241915115,-0.2471602200815345,0.6393285121964115,0.7913694952540511,0.734168642737611,0.4330801473818958,-0.760288326975486,-0.2715314774677296,1.0206067253790456,0.40092835245986497,1.2133041939365437,1.3451116838289132
2024-04-03,601336,-0.084153574471823,-0.6667918743970711,0.0654739038371696,-0.5538765061407007,-0.5972058624283021,-1.1069017256370386,-0.03765084533699028,-0.03609959222045566,-0.03364830042158901,-0.024869705833674646,0.17045809200570336,-0.26206714319281604,-0.45374795390996314,-0.2730074303587851,-0.17893164142278298,-0.34498713121017677,-0.26427674328102213,-0.460836688815667,-0.19829041650604906,-0.4870241832670913
2024-04-03,601360,-1.201279151909963,0.5556490413099748,-1.1844872343506245,0.7221760487877847,1.5420430653190635,-1.1751191899756728,-0.21751334489029223,-0.21640069921077956,-0.2162882727589028,-0.21846694435566064,-1.4768792804029565,-1.2759236578443074,-0.9404032401983936,2.201356908438224,1.3638586952454494,-0.12678095824813085,-1.3328810671251365,-1.3253431352736744,-0.5308617626230684,-1.3516119448526822
2024-04-03,601377,-0.11005766052131669,-0.7169809160543632,-0.08660134638545555,-0.20643474151027805,-0.174512082930003,-0.6383066082187224,-0.24976899520758652,-0.24996245664584882,-0.2506262620901124,-0.24601821632210874,0.04539164347473139,-0.42642553740263406,-0.6116333338160767,-0.8305517120747868,-0.8508599284370792,-0.12207062726050706,-0.407152510135674,-0.5343018377768072,-0.6390446168070124,-0.6805427656428119
2024-04-03,601390,0.23174782531857718,-0.48950120341706943,0.16552591336451491,0.9971701755489151,1.3787271700548525,-0.6056731159280796,-0.2361378620834865,-0.23773249572843935,-0.24131546181023392,-0.24074636815170827,0.25832860534046753,1.082276990542692,1.3665711525356128,0.18446073054854803,-0.005946551793322129,0.3297767601440223,0.6981183077608668,1.3188595838668018,1.1413517741833397,1.0165741664621775
2024-04-03,601398,0.10064775906121028,-0.8749326841599299,0.02074541267839651,2.9949314503285827,2.994931450328582,-0.23831397926524983,-0.2566147636894093,-0.25721768923629224,-0.25927632843897036,-0.25562174340477206,0.1763832522261597,0.2938659503567056,0.31776804352160487,-0.4712934050766065,-0.9122478018862059,-0.7234682800150485,0.6251451663838397,-0.05681587375903253,0.855235093282355,0.5732176427419831
2024-04-03,601555,-0.2366127858036923,-0.8005521860985884,-0.35170863666858493,-0.17910987095883285,-0.13772844845111112,-0.760111112714171,-0.23889630408939744,-0.23960937091873485,-0.24007469427564554,-0.23547451998130783,0.3054086720595653,-0.12773264085971564,-0.3441243231361291,-0.14164763640688816,-0.3396190424337251,0.518746157308661,-0.132081909329989,-0.35980123731011143,-0.2515239451033369,-0.22567958787091102
2024-04-03,601577,0.14472778133903919,-0.43112641585588424,-0.3122080154124633,-0.48050834559329386,-0.5379842324885944,-0.3177905423250555,-0.23368143927530305,-0.23440255587468922,-0.23688198757079015,-0.23449467385539574,0.3521809141839334,0.4957340640874455,0.49484251805668295,-0.5173283168214293,-0.8361034032294277,-0.45762979334173576,0.6787556795600802,0.41217648278397595,0.9591193385338782,1.1645101871437706
2024-04-03,601600,2.5241701292727097,1.5878690878915578,1.9967467229148517,2.452476873767015,2.0682392573589596,1.5588043121510877,-0.23313780471939358,-0.2348566385820188,-0.23960057985185979,-0.2425301021203582,1.1955526866661468,1.8661209609432,1.8743869500764345,1.1173483456858964,0.590944892469827,0.6723753484183215,2.1002219476522823,2.411827017026145,1.7296210619210564,1.3221065699154413
2024-04-03,601601,0.06472743492671336,-0.3542110768071171,-0.23282117586152976,-0.16347757902636936,-0.15905991569334496,-0.6577721983708364,-0.08863168591338796,-0.09187103940735515,-0.08931639505269368,-0.07373263103871144,0.47315263454863965,0.16984308990966965,-0.02785765811138137,-0.18644093671670975,0.22855144991696788,0.47634981159207485,0.50362430912651,-0.743289578974046,0.5041413647188235,0.11836102432649812
2024-04-03,601607,0.5246445587130918,-0.33557272676571137,0.8156187497786689,-0.4616760209594599,-0.5878433553993518,0.6436675065889116,-0.13763933439796613,-0.1385305602671748,-0.1372120393959908,-0.13213870548414586,0.20085712065900688,-0.12015337389808788,-0.2734474741840486,0.5623511434170186,-0.7193585273428057,-0.1437713991987734,0.16634935735731807,-0.7810489669314131,-0.207460680909619,-0.22595975693308876
2024-04-03,601618,2.1379011696320895,1.0323853284617925,2.4884691059017094,1.5930217207432769,1.2186653465843487,1.9822739905934796,-0.2697425314839635,-0.2702347268464063,-0.2721732495200372,-0.26907910190519546,0.07917492051545999,0.14840690649565072,0.17201696774998296,0.8215815312500788,-0.1383060321250499,-0.45004820314565047,0.06901937996314512,0.32394703544759323,0.27550416841365694,0.243543911013801
2024-04-03,601628,-0.1577256688168337,-0.7480268518165684,-0.14567376211749258,-0.5134913509563203,-0.5989938841995558,-0.7207614473877313,-0.0248653659665272,-0.02703811952752352,-0.02657693422852843,-0.019271817315039384,-0.12927352837655057,0.02628856606755849,0.1237144040136112,0.06401496136329188,-0.2743643685181854,0.02643094646795811,0.10751489186949048,-0.20471115571499163,0.06478066353630225,-0.022561866994020848
2024-04-03,601633,0.1021195214630576,-0.7143739742227865,0.0223707550867848,-0.4966955386085315,-0.5507889610552776,-0.3916639233686905,-0.07381261061155991,-0.07483789251908185,-0.07368575037915981,-0.07187126841571992,0.6933263626470422,0.2032665666324511,-0.1085369095880322,0.1670886178462223,-0.4009684328234137,0.3488746445626712,0.20765769809402781,-0.021325158466572736,-0.16483117627891009,0.28063619261626827
2024-04-03,601658,-0.3540456414704519,-0.940996581571204,-0.3208516121678386,0.9408942620889035,0.7548014470249899,0.46171472583386786,-0.2610846478157759,-0.261465885231531,-0.2631953380909019,-0.2594565989292486,-0.533064058968123,-0.2538406188562601,-0.032777477154743356,-0.9380707464920416,-1.2208563311308087,-1.3000773039547389,0.1304473932889282,-0.3121581123118447,-0.20979094968909642,-0.9232020421455562
2024-04-03,601665,0.5365388423027107,-0.7132683290657336,0.3333979875777864,-0.28962490434542953,-0.37911713991922213,-0.37374485814825903,-0.2631383783603227,-0.26416010929501976,-0.2662014252885224,-0.2627808304162779,0.6819503171334834,0.7295806720957885,0.6237332405302964,0.13048663601278235,-0.8675070084129485,0.08884916249457209,0.8107728864635588,0.2940980837091218,1.2484090077261683,1.6137018095871645
2024-04-03,601668,-0.024849740262079475,-1.061936135703139,-0.2586284745730812,1.4607589523710796,1.5757545460370073,-0.2669895244039889,-0.25508453308759005,-0.25574444311917854,-0.2574151771370878,-0.254041569018618,-0.4449052956642838,-0.1073550854838755,0.12216830517454198,-1.1817488535612193,-1.4420314884668646,-0.7207767954913903,0.17040144629082796,-0.22598893067047288,-0.14603220669511185,-0.6031284898346699
2024-04-03,601669,-0.2644821775398958,-0.7641510071329889,-0.3824862297284082,0.5839949917765523,0.9076775481483834,-0.6442015545449722,-0.2542388793339531,-0.25505827369476947,-0.2561491907501704,-0.2525148721498993,0.10221579723403457,-0.045329501041347066,-0.11199468313156677,-0.5016005398552936,-0.5869751748148223,0.062889717254275,0.05218844324966107,-0.14944180086395614,-0.22484219393685542,-0.1542570520116323
2024-04-03,601688,-0.45212267975973,-0.7669712716868262,-0.2896878347881867,-0.024581028677794072,0.03272842866906174,-0.15006257655774208,-0.17140508070389782,-0.1720620455217554,-0.17204431823284946,-0.1668249133251935,-0.08543284544254472,-0.1702109359961937,-0.1775427939395162,-0.6363239914611099,-0.5632806738695483,0.04581599516737453,-0.10329780908610797,-0.3602750388542165,-0.13459960450309358,-0.38573301382757624
2024-04-03,601698,0.193503347391268,0.2057949552563255,0.5053566337450079,-0.4188451385496341,-0.44090903118167346,-0.4660441627681679,-0.14317635302296985,-0.14327320187706133,-0.14156481330798168,-0.13982911750758997,-0.4884428937884763,-0.5544111043970464,-0.4841600291648397,0.5087515713790413,0.17690947024200895,0.31643960648928515,-0.6330745185187946,-0.6485247544898269,-0.5561015958458755,-0.8024346041412213
2024-04-03,601699,2.947785385390487,2.0634748702323966,2.994931450328582,-0.17397485627596937,-0.12964496021286684,0.42827257389383633,-0.11470600998385994,-0.11101314820300344,-0.09391126994704327,-0.07737082730552246,1.7745264378777545,-1.3546059439699882,-2.8145870748010204,0.6701271731429712,1.3158527448387256,1.0371814947382656,-0.6808383646680443,-2.994931450328582,-1.320601591988933,-0.45338704087221876
2024-04-03,601727,0.23174782531857718,-0.8262715888236501,0.16552591336451491,-0.15945180401429196,-0.24995709432253993,0.6296002459849449,-0.25903091727122907,-0.2601440000168605,-0.26186882645839477,-0.25837152284967335,0.6245307074466254,0.570001535575791,0.437321202169809,-0.8621590945696453,-1.050602921168128,0.5568628610610481,0.5751028597158155,0.43437555743135575,0.5935692120350607,1.345970006810082
2024-04-03,601766,0.13778251961298715,-0.3116789731060964,-0.14481481665534865,0.5264256216111795,0.6970073583278541,-0.2104603002276794,-0.23883590024985196,-0.24099180049438265,-0.24315643803025325,-0.24416547910515515,0.40757466504509077,0.8991000487775715,1.0216062532023296,-0.5471247645354461,-0.6270996600518669,0.6650608324948035,1.3259670116016267,0.2159773010431493,2.1511042194594325,1.0887741706881433
2024-04-03,601788,-0.22457007471340437,-0.5634386534377015,-0.29670739617710506,-0.34877938475029296,-0.2010898521217966,-0.8884123796572547,-0.14359917989978832,-0.1430007522526636,-0.14289132494048876,-0.14180778565269772,-0.42487188220037275,-0.42430741044920045,-0.33729304879542993,-0.8591814351026087,-0.6818192198025795,-0.33330418884193186,-0.38354565246548816,-0.4270243972382683,-0.30435447862398973,-0.9443229385299445
2024-04-03,601800,0.23174782531857718,-0.08860530100670057,0.16552591336451491,0.5718988231657913,0.2584520360988887,-0.2917198553650408,-0.22200336362984072,-0.22460446012320032,-0.2274198741769374,-0.224254591807131,0.9163791577604076,1.2796004111988843,1.2408404501981682,0.636426869307658,-0.22322808391698992,1.0929458729097292,1.3088087667564487,0.6704631159643354,1.1337332826800572,1.577960914269194
2024-04-03,601808,2.479377838265781,2.171323547142253,2.064100326391636,-0.3754194179289278,-0.560620604091413,2.6700827399920968,-0.11627650981204278,-0.1306597933401291,-0.1450601462407855,-0.14817506038991893,2.15579908716431,2.9949314503285827,2.994931450328582,2.446755310806442,1.1910123348151758,2.994931450328582,2.994931450328582,2.994931450328582,2.4316543287503354,1.4941691606939003
2024-04-03,601816,0.23174782531857718,-0.9253098611607885,0.30338343792636135,0.4432123964907834,0.4092584101442619,0.44281864164495227,-0.2541583408812258,-0.25512890878257627,-0.2568754936972465,-0.2526615040525446,0.21772662159633357,0.3297757259497765,0.3434262475744304,-1.4929908751277223,-1.5829553007249182,0.012901948736595274,0.4767731291397367,0.11524909889042045,0.6165223595128959,1.3035871891489583
2024-04-03,601818,-0.20975092722462294,-1.0315888498150039,-0.07915847524892504,2.9949314503285827,2.133590254692269,0.07288007286527003,-0.27475605016623955,-0.2742508361245655,-0.2758552019600758,-0.27237400701169573,-0.7572695382549939,-1.0900896018664086,-1.089129656389707,1.6070078896103759,0.11177302793133224,-2.7338078499669254,-0.7967307505375749,-0.7685990676080892,-0.8034068327364978,-1.4250140968844918
2024-04-03,601828,-0.2949524408733075,-0.7552040860593386,-0.029501937559726944,-0.5613548740023142,-0.6260967949062042,-0.17520359084235437,-0.2684740508535081,-0.26912474689515625,-0.27048863018445785,-0.26491475587006896,0.263098718921498,-0.01164101467524784,-0.1583101822387449,-0.7088617699028414,-0.4861954233491107,0.2743875287825805,-0.09140960639832184,-0.07429898663300936,-0.21897220868022998,-0.08755685381808252
2024-04-03,601838,-0.11734421157604137,-0.07831661637564592,-0.219994257067126,-0.4814707741311819,-0.522708071148365,-0.6706404153533893,-0.18251938718026886,-0.18500844804406263,-0.18812890224830592,-0.18795198287456988,0.13017856773879055,0.7163164669154352,0.9344702720074053,-1.0578522935450008,-1.0338964706287985,-0.29185273285979785,1.0730925546283863,0.3738739810358374,1.3437267140423772,1.0982653400100186
2024-04-03,601857,1.6929914841783764,0.9645339593853302,0.9626889324428496,2.4482201946551116,2.2239596553133807,1.4114565997080302,-0.21288238385847094,-0.2164713342985864,-0.22119586142213238,-0.22323851897585947,1.8167371888752455,2.3185864506090756,2.109782135499769,1.5905718710240966,0.46705319555881414,2.049638608091922,2.0324991689176066,1.7200222920763792,2.0234283266565813,1.6935522581259663
2024-04-03,601865,-1.0353445781682376,0.3593582349347486,-0.2469034051069376,-0.45582607543401565,-0.4912548667211386,-0.8784060022349989,-0.012522848086064381,-0.016563945078454965,-0.024055048995625324,-0.05032327905169118,-0.18791097766475282,0.6821580729968163,1.079735849698264,1.2328110285909897,1.7956233299323163,-0.4780116764194428,0.38485027363114604,2.4160510906020165,0.526887143275345,0.5517722440936378
2024-04-03,601866,1.271467831307767,-0.23499230128153287,1.0229759476004312,-0.039849386499203575,-0.174089205394916,2.3097439382055813,-0.27940714581124265,-0.28025481858814527,-0.28186233258485116,-0.2775147490103192,1.3946326789233097,0.7154288019482568,0.1905130439245459,-0.8851386920761922,-1.0472809027668206,0.7791563611896377,0.6457323442115372,0.29750863341962264,0.8722860028373162,1.4438091582655528
2024-04-03,601868,0.23174782531857718,-1.1586591203465668,0.16552591336451491,1.7221609557017448,1.3525318521686438,0.14615212125245447,-0.28123939561078937,-0.28201060505648623,-0.28370835257533633,-0.2798108320976238,0.46894901741783357,0.3382023463658365,0.20778215364469282,-0.569851137518332,-1.2491179971998652,0.260158878470295,0.40913576266143453,0.04866035430572955,0.4908840785815988,0.9431485207526716
2024-04-03,601872,0.4678310376876854,0.9560612645423373,-0.17893886229389389,0.06545891412236673,-0.1094783436151762,1.9535858202628982,-0.22731890150984424,-0.229165468650155,-0.23276627087069215,-0.2341703585883685,1.1656128916824784,1.4539144078840127,1.3300418546727166,0.0311256056592257,-0.15517507022363317,0.854512193464698,1.0198534248708928,1.2895292915212897,1.7045327787342508,1.4633763550965833
2024-04-03,601877,-0.6685991653899941,-0.36307193174481844,-0.963582697249535,-0.6071928534101233,-0.6623666327804968,-0.45539073770911365,-0.10961195284885653,-0.10894454920294658,-0.10589526857379915,-0.10213954328412501,-0.36662631833949894,-0.622696373129726,-0.6510050543023344,-0.7293818245887449,-0.6059454749901091,-0.2623985896459678,-0.5546486376100088,-0.546003663223482,-1.2149805116493646,-0.8587761490842614
2024-04-03,601878,-0.6955700178609643,0.20579495525633473,-0.6689591796511409,0.7839180050981331,0.41318854271671546,-0.19200342914062735,-0.19484177044754983,-0.19416073727846067,-0.19969931169686572,-0.19888382248707892,-2.2009393602202487,-0.3695631712119595,0.8202073790806897,-0.3790059370603804,-0.11694579287416239,-2.60775161190724,0.06087993720193786,0.2611967124798311,0.26287386503961024,-0.36098403973679277
2024-04-03,601881,0.018826441113348184,-0.44711483414328407,-0.06961404874272703,0.10753886602483975,0.3634190605757234,-0.9680029349399573,-0.188358425003,-0.18701650268314227,-0.18832560929647238,-0.18560932259466023,-0.4677777902710365,-0.477589270604659,-0.3875678931880773,-0.4277288361814427,0.5078916912775195,-0.4871174903312011,-0.5782862850002434,-0.41435990310738996,0.010725693753528304,-0.7895380399564371
2024-04-03,601888,-0.6318267228031477,-0.7013716985104491,-0.318779401164356,-0.43907976262528847,-0.48336272397628816,-0.5295479295309952,0.5323600538406632,0.5282041242682329,0.5324191027263238,0.5372480056601024,-0.9061085275317933,-0.30599897927257697,0.11507132605802936,0.8330946781660606,0.30754806219341263,-0.2293809850675359,-0.3170817037317877,-0.05584427312506653,-0.55192043341157,-0.49375155904043994
2024-04-03,601898,2.652393886460061,1.7049575131427566,2.7710060435902,-0.321092548819461,-0.15469803738130894,-0.23573730502217666,-0.1993921930266438,-0.20082061698596088,-0.19880656432441796,-0.19251137250623493,1.4686069572704232,0.17261815673626368,-0.5878942537167262,0.20711101282991945,0.5876863164763287,0.8707730333724981,0.16047031339657317,-0.9524191206385879,-0.2690248786641494,0.10529039542402621
2024-04-03,601899,2.3137629952065257,1.2654962509913499,1.4601586272484675,2.044817794878813,2.212566169667494,0.8400073940653907,-0.1407199302147864,-0.1473195833357092,-0.15448190947091173,-0.16897953975347565,1.7503732066437514,2.393278561858777,2.2508039821635673,0.090964619343131,0.4981971124501125,1.996926384629595,2.1691403510941236,2.857865665677524,1.6417629468560953,1.6021862419065263
2024-04-03,601901,0.8939959541333774,2.3815613125403576,1.644547533756564,2.2126943566162005,2.1139183400967054,0.7233516466441917,-0.2216208059793859,-0.2228385829280298,-0.22703654762153616,-0.22558635449939185,1.2110932090235615,1.4044695162088359,1.235423541234604,-0.20717377903776577,1.5953885359992785,1.694228581684661,1.0363608465831857,1.170244381101247,1.0728849387780386,1.0809252740799233
2024-04-03,601916,0.008536560092280413,-1.3095904473946542,0.16552591336451491,1.4103175158305554,1.1991186254702666,-0.23818236168254242,-0.2754808962407855,-0.2761680742221792,-0.27866458210952993,-0.27599840262884606,0.1280797002893052,0.7291487500072854,0.953642173535933,-0.47837651533793196,-1.3158403834544754,-0.4215130971878673,0.5895514346031977,1.0822252580347456,1.5569058561804734,0.8620345132207745
2024-04-03,601919,0.3047050918384667,0.16357482297610101,-0.3138196479432744,0.3274945678024948,0.28031160092414265,0.9707416562594446,-0.2206140753202943,-0.2220918691426434,-0.22337477026336075,-0.22033865746589767,0.5680174759014273,0.4451107244229085,0.297872454149208,-0.8391744028262269,-0.6102648000551498,0.20128204139765046,0.6729368291981306,0.20869651802874872,0.2225304688254276,0.8891187217326162
2024-04-03,601933,-0.028182176178723584,-0.5463517207196215,-0.12152806635083213,-0.17843347100745335,-0.11897587105491376,0.04453063836055962,-0.2791051266135152,-0.2795585584369066,-0.28018275701973766,-0.27476151940300275,-0.2295968284267309,-1.0564426909574505,-1.3395392360047562,-0.2949437490297407,-0.12779742250049886,-0.29899231918411334,-1.2175081667332461,-1.0185617012965067,-1.3574483235807449,-0.8125730152929175
2024-04-03,601939,0.13117189509098415,-1.1114114078480235,-0.056244887017575955,0.448665501961593,0.6149375584959804,-0.8547834364849565,-0.24276214982030914,-0.2434539378407918,-0.24523447146216545,-0.24063251279200723,0.20995079143820528,0.2253289443237166,0.20252875668887915,-0.6427186872962976,-0.9769814717042787,-0.5832120309486417,0.7299637380164141,-0.21641768465346686,0.4328971796902259,0.3831434033482879
2024-04-03,601956,-0.14747636633958727,-0.4120157957140851,0.025336760480269446,-0.6143311931880704,-0.7015624987758974,-0.17650665538374904,-0.2555476291907722,-0.25666269926066726,-0.2589636146700903,-0.2530875991108198,0.6066621544980166,0.8009553215354901,0.7667789784097917,-0.4246406943791889,-0.5691834104352893,0.9285446672274764,0.3563473051285506,1.1262502488872215,0.8503131812458674,1.0347954995250561
2024-04-03,601958,0.06526770421170493,1.230818654450928,-0.32249226006138165,-0.2566300865923999,-0.35040405089363513,2.356547458498425,-0.19492230890027715,-0.19695586861024486,-0.2014192374257057,-0.2053563271779632,0.3877040545631485,1.0650026407316653,1.263771666400477,-0.9870120465791872,-0.2784866655539475,0.5718931452818821,0.46081028525861395,1.779473993507809,1.4025277024123397,0.95610019037182
2024-04-03,601966,0.3206138791111908,-0.1277462790306242,0.49379061293998316,-0.5651778696526683,-0.6286651387793272,-0.1675742383477009,-0.09980639622930453,-0.10113432663687817,-0.09827413139996574,-0.09534962365104387,0.27782315534071766,-0.12954747360443966,-0.33081285896792145,-0.708341845786198,-0.23164632005324837,0.004501401374168907,0.26584322638368385,-0.5506626861340612,-0.4444231239069425,-0.211262799643676
2024-04-03,601985,0.37302742613239326,-0.05547368176423748,0.5569631584308798,0.7814652466881621,1.0290521091353635,-0.06536898661747305,-0.21598311428847303,-0.2172886831717796,-0.2196928178233221,-0.2176958330558671,-0.44035573385821875,0.23150874003612823,0.59815473714523,0.5113979888741242,-0.04357072268945709,-0.4817688319383489,0.7113690866437549,-0.087377130063837,0.48476533113364195,0.3108708197811812
2024-04-08,000001,0.39838555158824734,-1.1958576367207647,0.4307430390232303,0.6946608448023005,1.341873276561725,-0.9668364162954912,-0.21239953030121447,-0.21219820968918937,-0.2148362395527105,-0.21411117594055473,0.010862681674263755,0.15529198821559076,0.23310841899220408,-0.9691735779746103,-0.5851857176568381,-0.27366976315809083,0.2458028812141394,0.10195469809428065,-0.22822245354474116,-0.07795392315741667
2024-04-08,000002,-0.4980664704363597,-1.1027520347352588,0.08057592613465044,1.8884027074631646,1.5055531189108897,-0.026164799156857325,-0.21670850770812797,-0.21240065400236016,-0.21180347310755837,-0.2024034968167212,-2.18131183042898,-2.0694449509387134,-1.757194257633154,-0.08493636813082876,0.5760784435870553,-2.8228626798449308,-1.6602911503276157,-1.5385133498253927,-1.7674402329085315,-1.473468795999168
2024-04-08,000063,-0.11203204673967257,-0.7776545129442615,0.11680831963471965,0.4929761633234666,1.1868299808631195,-1.4874465236940229,-0.03710709259743181,-0.03848074455733386,-0.031850920361184996,-0.04522553198400279,-0.7605010319250842,-0.7382721940059325,-0.6064201156383913,-0.2246115204498329,0.5771102450425286,-0.6057768809624511,-0.5862403999549524,-0.7539811544303713,-0.5949492139482097,-0.7244652565091211
2024-04-08,000066,0.17441649195207753,-0.4307315041632357,0.12790067493373475,-0.32166595392475816,-0.018844268793865502,-1.2470553043067123,-0.2043277838910807,-0.2022278272655279,-0.2014032540668619,-0.2014699884296919,-0.5450539756485526,-0.9827197405021811,-1.0953271243378817,-0.6804743769734858,0.05759104814793251,-0.8281582403018215,-0.9481206867960934,-0.860750063766628,-0.9060248317223549,-0.9953801664934612
2024-04-08,000069,0.38208446300588705,-0.36803031564213573,0.19888318153409623,-0.1368568925829809,-0.18461121399180444,0.09027698704897784,-0.27577993507051063,-0.27489521347818324,-0.27618794411204445,-0.27098099002505066,0.0582695427065304,-0.764758773560648,-1.1293392261083728,-0.7216482969848267,-0.3577250088339966,-0.6501794255543911,-0.7832714776929258,-0.8000515584830142,-1.5144210229473054,-0.853470871220208
2024-04-08,000100,0.36957584467580057,-0.21331309721347205,0.6666196380565762,2.9949314503285827,2.994931450328582,0.30581003700748954,-0.2536888396322497,-0.2557945925305191,-0.25857670468844884,-0.25645898154956315,1.2171473058747972,1.742024501015407,1.7518691959061903,2.994931450328582,0.9088778221997253,1.8029785617738658,1.9135628722512674,1.196749926640583,1.1611345721046793,1.4126274186326961
2024-04-08,000157,1.6131784244807468,1.221113624307075,2.2750803436008185,0.08708402139157623,0.04474444935632677,0.39456038417456885,-0.22565014157599547,-0.2279382550382183,-0.23204378294367356,-0.23085048252571447,1.4665607911083303,1.778394083224946,1.646353628700897,-0.10440201648636369,0.21704690937287738,1.6079779807414445,2.1027344365810037,0.7287148661585636,1.6017172975262957,1.6173509391301732
2024-04-08,000166,0.13789702954819277,-0.7154898616799037,0.15805434650170494,0.1719184077923561,0.19134009239880234,0.008682881630635509,-0.25898908414216215,-0.258831257228081,-0.26073143226262513,-0.25692659850498817,0.2958658843622138,0.14255993338701997,0.04131353109319617,-0.9315895640614035,-1.1208901499932231,0.18850302521527604,0.06620503869800691,0.0617417734467522,0.09813409927935467,-0.1180580105483426
2024-04-08,000333,-0.5155839038478471,0.39111774463595933,-0.7405658385998117,-0.33357109054553546,-0.2879897648907872,-0.16701710415202484,0.29171036642591314,0.2800957488638809,0.2714408627552527,0.25504322120877726,0.12627454536259947,0.6269970474179145,0.8451040455481973,0.18241781575108038,-0.19751037766459106,0.11745632378082077,1.4793726404529612,-0.06353421931246495,0.49106879915712204,0.7062829843939692
2024-04-08,000338,0.4956465560113301,-0.3913712753188754,0.6699416022670083,0.08186968499748422,-0.012534857800568795,-0.544235589151709,-0.14056301024511147,-0.1461001414389262,-0.15160230224122723,-0.152915473637422,1.2562967204615831,1.6255198802244442,1.5630869291342413,-0.11162529349994317,-0.06000077638365563,1.7880869511370994,1.8633207826812197,0.9803453142013024,1.3209785389417252,1.531561271897604
2024-04-08,000425,1.876182155277224,1.2708790132349725,2.1786646767398454,0.9045094536989841,0.6828816587724391,1.5855564074778954,-0.24049891818010127,-0.24196764594095413,-0.245375844421364,-0.24349857213186032,1.361655423174867,1.5321365150455077,1.3660789229272092,0.160191072187424,0.584423804571265,1.430399684678285,2.0282896496359535,0.8213341675515679,1.2418782433848548,1.4882112401338128
2024-04-08,000538,0.5013817754773074,-1.0517433834631698,0.3143567967581941,-0.5397766431080115,-0.677708439069989,0.22934485891107395,0.15552240443839258,0.15525846314711275,0.15567597919745696,0.15593776056362213,0.7761886349946432,0.26857448973509895,-0.06595888497139266,-0.5394344656861757,-1.1865711426052612,0.17167887770802895,0.3630342115446138,0.17987945992419033,0.04083682952200734,0.3043616735475022
2024-04-08,000568,-2.5103455460186654,1.9262000223678628,-2.3393649286942857,-0.6008471911937985,-0.6751643629749613,1.4468644509768385,1.4833348038758396,1.4681503229223247,1.4499305060178658,1.3218862849156001,-1.3790996693315767,-0.2603331120638777,0.4904500800259947,1.9257396519651795,1.291427794091686,-0.6872643739438328,-0.43235912037306057,1.0352472391206728,-0.24701249262213432,-0.3287170857710127
2024-04-08,000596,-1.7829104135209188,1.1269756345025344,-1.7301140653600344,-0.6860516667398104,-0.7843302295374595,1.7002475459422284,2.2541562411323,2.24976757164343,2.154314482356387,1.9535556920752506,-1.1467421924000005,0.20643576312890288,1.0392614510204194,1.1599549611398563,0.5542260367194536,-0.8282547402108285,-0.3492052140497849,1.2106186383842057,0.7019950672802309,0.16667840728980723
2024-04-08,000625,1.6521757531311227,0.8411503031031912,1.3079160307409399,1.9856085261245073,2.994931450328582,-0.24620714311952802,-0.13261264348024288,-0.13239466143726367,-0.1392845270455261,-0.15176109820133585,1.4010506736507091,1.1366435592701378,0.7865137574792972,1.2603264394267673,1.6748312166533976,0.7828683793509507,0.05719932496749172,2.566058747612964,0.6883783403004278,0.7918450347920336
2024-04-08,000627,-0.34983335710495517,-0.21331309721347205,-0.00784242964925458,-0.38442595478772756,-0.46711992143746284,0.036313712647777996,-0.2776410896312432,-0.2774257673928181,-0.27898858533843285,-0.27397995042552564,-0.4012786577412676,-0.41014332880370524,-0.34048841202737434,0.4700763722284934,-0.16989209376940392,-0.05769345467062482,-0.5008080837705251,-0.5226485504862619,-0.5259512385772508,-0.6795532066792377
2024-04-08,000651,-0.48143008874829873,-0.23921626947994198,-0.6990113179739349,-0.2743262414286392,-0.1951949508920491,-0.2636626827157348,0.046361643463249884,0.039794349130152326,0.03652509516595559,0.026380255529754492,0.06518496416575176,0.45446390357995603,0.6333823598183203,-0.22468386464585674,-0.6495344895187364,0.07913425033367898,0.9731347656688377,-0.4296491656420305,0.6648040328656433,0.49929523907904727
2024-04-08,000656,-0.09050729776682725,-0.19980443229506933,0.03612777971355417,1.9455299014860812,2.2044399633485647,-1.1176737983597071,-0.2887270972321287,-0.288023727187309,-0.28971680740564326,-0.28510267697412267,-0.2782835309995265,-0.9523537362578455,-1.2069419087397488,1.0097392508431444,0.48909175756445605,-0.9667656516705909,-0.9024170567229594,-0.8437053511866516,-0.8751641553558736,-0.9877467417066358
2024-04-08,000661,-0.8187719275281375,0.014819215941138558,-0.9482016845487511,-0.6592626068619892,-0.7373452455549947,-0.6352909838257601,0.8587556092230311,0.8642488145181976,0.8918964339094644,0.9234990707031375,-0.47757802155783424,-0.6831017054713764,-0.6950376977936658,0.27006252008216614,-0.307648624599991,-0.48902916700991,-0.646310888150464,-0.5438224373089426,-0.7523415253037973,-0.8933906482257506
2024-04-08,000703,0.28522594755704833,-0.5355227320421996,-0.04220421478454204,-0.4935154999540076,-0.6115663759147209,0.5325645584863841,-0.23554258266510683,-0.2370178824839283,-0.23874513708537412,-0.2331523313026038,1.0430398692378016,0.8472098131298624,0.5955052045118598,-0.4303986947348794,-0.6900534571136928,1.4209448938769802,0.8110179590960299,0.3238410511085147,0.6678696629682714,1.0895158393821134
2024-04-08,000708,0.9060101150735318,0.4184505669420525,0.7174227920586722,-0.5626267977782017,-0.6302506607706714,0.2959535985739298,-0.16239111645196452,-0.1634091302150288,-0.16464673029566695,-0.16490441314403886,1.0483662873722008,0.5209083330328949,0.13042219624541274,-0.48401649444607286,-0.523254140609563,0.764244990526541,0.9731860193245409,-0.3517680367806261,0.274979539479014,0.6345282276702126
2024-04-08,000709,0.3385241242076274,-0.5336797287378936,0.15291719730515102,0.2244379780544611,0.0989543090081375,1.0319456852792424,-0.2817275376885039,-0.2815657535971608,-0.2836613669161548,-0.27981567198732443,0.7074827041260462,0.47804703946418237,0.27385281971932746,-1.0310446809618092,-1.4669680279442932,0.4431173670136915,0.4944570112130603,0.20591605657370257,0.39012357566993217,1.047024358242959
2024-04-08,000723,-0.19932331691490818,0.23087504601724876,-0.0581275095056615,-0.14760087798626093,0.19780196098151184,-1.062324870958075,-0.2365743096498608,-0.23596517205544018,-0.23707989095076482,-0.2362323913226543,0.11245296275694405,-0.2524625600492817,-0.4191774977521629,-0.548360109004835,0.3722444815118077,0.2038454260763705,-0.7215053772590779,-0.4418834976569862,-0.09369218930138723,-0.4090425603149968
2024-04-08,000725,0.6569106005149695,-0.5410256617196654,0.2654303668579141,2.9949314503285827,2.994931450328582,0.4559330203258599,-0.26056701953060935,-0.26181731084735016,-0.26442020476080524,-0.2616165722498046,1.145818793760983,1.4297689498411812,1.3560033519081065,1.1532349627787628,-0.2153722346127492,1.4806788672581124,1.4832413502599153,1.0038218460536763,1.529594703047756,1.5047072040201181
2024-04-08,000728,-0.5308182162041577,-0.9097818948771276,-0.465453737765005,-0.23653766502472182,-0.2627751333839267,-0.3067452222381027,-0.24009431936255074,-0.23994320280924622,-0.24077370964935277,-0.23644117970496584,-0.25409162364584276,-0.37458739660303786,-0.37728371007701217,-0.26157374220943835,-0.6181043103050979,0.025405131558326497,-0.5045159892031915,-0.4356843169411334,-0.5984382557060052,-0.6876718419479544
2024-04-08,000768,0.11353922541145149,-1.0315409164133318,-0.08449262537117021,-0.5249363742430048,-0.5726411087411118,-0.9228048191948459,-0.08992746822865816,-0.08850473434183627,-0.0874045406518337,-0.08942655017650376,-0.7346962216825884,-0.6252644745643013,-0.45500575077797406,-0.45643989108086586,-0.18162097794344853,-0.8910713559777463,-0.6953615694840908,-0.23444285813350238,-0.6074950236057658,-1.0925097339254801
2024-04-08,000776,0.14678528767700227,-1.0056392412999842,0.22098946058039226,-0.32345411567756593,-0.3756692592045012,-0.41170703919679624,-0.17764449187362086,-0.17576835553410558,-0.17520338154900852,-0.1672166150638527,-0.22980760125288094,-0.6354457215154786,-0.7726047855171196,-1.1435776028380993,-1.1277736849012283,-0.6504125914538426,-0.6575694595500937,-0.7025203018790986,-1.1379885969385546,-1.0489202409957625
2024-04-08,000783,-0.9104063500271783,-0.27268715013542383,-0.361326341959069,1.0766025745525936,0.05903359285711542,1.995594308323595,-0.2504115892100901,-0.25168497297315207,-0.25363647448910787,-0.24993477598328245,-0.46846298814759896,0.3179943173633954,0.7691237457904591,2.994931450328582,1.1114811507926465,0.980838293475151,0.3050433635963278,0.2010102102753329,0.20495951747102895,0.2835030622427265
2024-04-08,000858,-1.7830331400861095,0.33559960130302513,-1.2395562983377901,-0.49805861531384693,-0.5068547799611401,0.9093753756734523,1.1196004668978812,1.118903516055735,1.0963836130390816,1.0046418283742167,-1.452951911994201,-0.3372069916535214,0.42220599481537874,0.8860371089482902,0.359768861798363,-0.9685275296642591,-0.5512790054323033,0.8979735447790617,-0.25795062802621394,-0.40393096536426504
2024-04-08,000876,0.0386090912562307,-0.7189996747745706,-0.06620845833131009,-0.33413859764201825,-0.34198516114113897,-0.2738435516424683,-0.20620916839269082,-0.20682331317450486,-0.21095066523862208,-0.20976285591224808,0.5521327535764398,0.8091217521814518,0.8421337312363169,-0.2712391265945236,-0.003672255481773552,0.395360158251237,0.009414052075035973,1.1222825093291902,0.9268546342376549,0.8918620810228395
2024-04-08,000895,0.7211032136395864,-0.30878959333163386,0.7377112673407229,-0.47566029750391375,-0.5576048591286831,-0.823101751986334,-0.061463941413975855,-0.05711574358470515,-0.05135953113815363,-0.038257866795787625,0.6013071536452623,-0.5528162709124372,-1.1365690353208417,-0.7472375875555506,0.7073925785589917,0.6946098626795042,-0.6542813389244966,-1.32834586508755,-0.7410972826162359,-0.4707181262192812
2024-04-08,000938,-0.36256932867119224,-0.12007408699254178,-0.24718608381163515,0.17770748067269485,0.8561306918935605,-1.5062204244926194,-0.08887551130302666,-0.08606528036812822,-0.07793786868660005,-0.0987012407130705,-1.1507987431407694,-1.406665075404506,-1.3663672871938437,-0.19016841661406306,0.5723891882873957,-1.3994592232227945,-1.1528351582420748,-2.1001326899417614,-0.747838318426611,-0.9047654416647204
2024-04-08,000963,-1.9068352717814603,1.0419063446562873,-1.447805631608972,-0.5258172475804165,-0.6211119149851753,1.5601544823698963,-0.01036311075733935,-0.008134342013032324,-0.00018601280156817468,0.01916411491135041,-1.4074992923867087,-1.2280421311402103,-0.945375787025511,0.82438463719523,-0.13560035294882083,-0.9707796287896072,-1.1318723252933884,-0.7768151557152716,-1.7815995993864921,-1.1792616204109758
2024-04-08,001979,0.33902121472488883,0.46948851138911485,0.3768969022753223,0.09479249725428665,0.1841922445681324,-0.32203725795741883,-0.2150698824970482,-0.2124715095119699,-0.21580006383062078,-0.21348653631744086,-0.5105681273574705,-0.3913806463563662,-0.24662675322125913,0.22992423329159836,0.8233997697026126,-1.5598487884671832,-0.38637627985931816,0.6719059983946847,-0.3234354778770456,-0.43192236733110523
2024-04-08,002007,-1.140948536666717,0.3156177263519074,-1.3084286495247217,-0.47980968917506145,-0.6253344628428887,1.7926764742617822,-0.11501259491679325,-0.11450870636862429,-0.11384663078926664,-0.10961862992699746,-1.4513859244294116,-0.8463256004615024,-0.34461447502727155,0.04685494392813074,-0.0677822652587651,-1.266191212106042,-0.5109770601478418,-0.29384886671846366,-1.1757435754571657,-1.3196971345680937
2024-04-08,002008,-0.3588444057358388,-0.4105816553408642,-0.5829639214712584,-0.5717144187651427,-0.5694908778906936,-1.097262880585249,-0.11719742853156633,-0.11736317118433248,-0.11461869945167645,-0.11261413927983094,-0.3695312129057134,-0.528362903249879,-0.5328049847372196,0.09498371565859647,-0.30045235648711394,-0.16148231221048767,-0.6019559753876953,-0.6663436775505994,-0.7254214646121027,-0.7084649844284246
2024-04-08,002024,-0.30225368974428396,-0.8271780049475189,-0.22699774530249456,-0.5401292148857382,-0.6010823597018908,-0.6206575724621297,-0.28694686243490625,-0.2865155170541866,-0.2882988250910214,-0.28405700953874413,-0.357359116470304,-0.5331812527890377,-0.5471573167663681,-0.7342601078577906,-1.037996169686899,-0.3924366597108564,-0.4147284973472452,-0.6869892068793151,-1.1837709190207022,-0.9805278905257347
2024-04-08,002027,1.1505944402286927,0.44940611113609197,1.0901346006604238,0.7134769999841163,0.9445119066214374,1.1891045309925437,-0.24304789073066985,-0.24343536721144235,-0.24676859573394636,-0.24533107842950383,1.6968237451160297,1.3436787333378586,0.897192107169896,-0.5990175427088641,0.3902355318076065,1.3367230926589702,0.7516023297767745,1.633063299959485,1.1190605642757137,1.4841164176501995
2024-04-08,002032,-0.6189919015333406,-0.2651092700430661,-0.8574782163303442,-0.6793842230031322,-0.778398606533022,-0.30596579320652806,0.22292856744231693,0.2135320586933249,0.21350038967166382,0.20511346393136434,-0.8123508480119579,-0.07291387720534792,0.409962442878233,-0.13471996839401928,-0.5175486364450448,-0.6190188713176136,0.7010795345320033,-0.3159980144774737,-0.40203524284985903,-0.23762170092892002
2024-04-08,002044,-0.5408290008317365,-0.4582310655165663,-0.5868945554751371,-0.2430883263113645,-0.27835193624183613,0.1426087955942083,-0.2528391821153935,-0.2519987616585668,-0.2521983073728543,-0.24709111272667558,-0.5119221661144093,-0.9714592071327148,-1.098262797219467,-0.41918268132169156,-0.32550528811082896,-0.6613170769925774,-0.8833229358977546,-0.8989283345990622,-1.0879964061592053,-0.8870305533972646
2024-04-08,002050,-0.6218950473367708,0.19570068811126903,-0.7526720555199483,-0.19288966821699188,-0.21683729652371253,-0.19655512968795838,-0.07689938630352994,-0.07145892317285565,-0.06601874332312362,-0.059675068459018536,-2.0452497960370493,-1.7107356696938472,-1.290304802231849,0.6184674130677715,0.2848092018381522,-2.07974698639052,-1.2356694676828608,-1.2422319796003525,-1.4208712374461219,-1.4370143184644792
2024-04-08,002120,-0.6218346996205187,-0.13798171617522562,-0.7934212964216576,-0.3928801700099514,-0.3829026047399257,-0.7879961060433112,-0.2320832627750495,-0.23215921896782932,-0.2340118011027573,-0.23248282806015022,-1.0812327338366137,-0.39133810208950714,0.10581675856864427,1.294890360030719,0.6917717115687644,-0.2861321312524828,-0.7210979661254129,0.4557066057168491,-0.28674408205235874,-0.6006014680790519
2024-04-08,002129,-1.4833240149794968,0.6570463375955656,-1.497187768346188,0.24153604095349052,0.7079432733591081,-0.6210355147004057,-0.18440129212671533,-0.18320818404313213,-0.1786247054255695,-0.16576027295913412,-1.2708621428765945,-1.515903138681814,-1.458811713364824,1.1747528939825633,0.9020819781870676,-0.6418315206134413,-1.4006079632268742,-1.2399176888555967,-0.9086450778289432,-0.9092523008122027
2024-04-08,002142,0.6207676568681123,-0.8905019055365614,0.6239589279544947,-0.16719252424700393,-0.24617387625250517,-0.8736774347074764,-0.1062530305168235,-0.10814183271940299,-0.10933532762459777,-0.10201424644892314,0.33566614016433155,0.2765956015355496,0.2102622576983837,0.8237062164997916,-0.2462538442427789,0.2707155464225461,0.32547032559421063,-0.14809499409601498,0.2436428165376515,0.2710198729827339
2024-04-08,002153,-0.7050759925775864,0.1922937495885905,-1.0160279782691253,-0.4772043283254565,-0.552200125717845,-0.426902984346072,-0.23242717176996747,-0.2300234314638775,-0.22831464084223024,-0.22058706683985427,-1.5429934704224488,-1.9053691220151152,-1.8843042679873796,1.6976964140152804,1.2329387464861707,-1.3272401003844279,-2.1368297185672276,-1.3083366857424699,-0.96940313352198,-1.0412445602668112
2024-04-08,002179,0.5649013502308529,-0.6073623562321336,0.6013684070995766,-0.5288485863191992,-0.5104599864478876,-1.0626693915808954,0.026596991225904806,0.03372101973502859,0.03636361675290258,0.03725105560052103,-0.28453268639731827,-0.6831500973784583,-0.8098864684839916,-0.6365845527311735,0.11505308097148495,-0.6384713743273345,-0.7103120425474175,-0.17158601023438436,-0.36137740673818036,-0.8364714155521165
2024-04-08,002230,-0.07794095057452592,-0.6509735267876747,-0.29645771529986,-0.2501300299950619,0.01857504021010929,-1.5159368936871387,0.18392524143044237,0.18662720947292682,0.19592951985133156,0.16871526445632465,-0.733287368723322,-0.7581669259489316,-0.6522348710244543,-0.38316671642459676,0.9663660331947985,-1.1994413804969286,-1.021386105302508,-0.7476486149799841,-0.3711992205548523,-0.9119977397770452
2024-04-08,002236,0.1802007944591651,-0.9639507024128798,-0.01414963181194398,-0.19125332364923042,0.1918234340960548,-1.336537771098117,-0.1268268803892698,-0.1250762995161396,-0.12288437571982819,-0.1270032824211202,-0.7198772195097698,-0.8168987775036815,-0.7470600258447879,-0.10565912470440182,0.5298865457793068,-0.6903147456548174,-0.7683691188303691,-0.8251217324272876,-0.4945491468359172,-0.9756232120947376
2024-04-08,002241,-0.8531048549249707,-0.02517375417513172,-1.0164701766439086,0.03696182799663154,0.25457307617369823,-0.9827242127046635,-0.14430554930745426,-0.14175771092141273,-0.13796746873906235,-0.12950529196121727,-0.6390660848913671,-1.0769298475843003,-1.1787492195430964,0.7206502978851254,0.15572670265725405,-0.08686238543971377,-1.167122209048288,-1.0157805817191699,-0.9757967956813627,-0.8926935486655906
2024-04-08,002304,-1.1046733963153015,0.4612751800907676,-1.3699817584361593,-0.6357782122667245,-0.7283348262310273,0.24349193879053255,0.6047889314465409,0.6087843357279766,0.6240743934602053,0.6267089735330028,-0.6859237738280134,-0.6570024440193684,-0.5314196245491999,0.68471981574516,0.13223652651804574,-0.5737819879613595,-0.562916821659159,-0.3170627502539815,-0.8069835912903917,-0.9874042873545299
2024-04-08,002311,0.19998021665542784,0.7810084103334675,-0.00440564201099578,-0.6391523909123974,-0.7300709090639261,0.4244965169129263,0.12590577099369119,0.12317103950954256,0.12335001938440436,0.117543130027967,0.2273249366632401,0.14426177216121533,0.0852350322623942,-0.5798167907256405,-0.36600571630139855,0.32121882198117424,0.22732947990591382,0.3694333346841506,-0.10720467286428502,-0.07327544353615462
2024-04-08,002352,-0.14584194812026388,-0.6439033849913878,-0.38713118896264126,-0.4024365891177498,-0.5296446326376445,0.0545018654839473,0.029570792534901434,0.03787112815502984,0.045547701495293386,0.059461998221299946,-0.7528145402838197,-1.1589943289735176,-1.2330093399477928,-0.8249777581810173,-0.33728179569237166,-1.0360292568453942,-1.1403179123508451,-0.7925048441749203,-1.6245322537286042,-1.1481582751811374
2024-04-08,002410,-0.9562475461089415,0.5475867345952901,-1.2548688331239577,-0.25333543019508814,-0.197849534768082,-0.6744651665345157,-0.18962061687311763,-0.18513140501825462,-0.17945228229246626,-0.16612608400913453,-1.3640306600273437,-2.1457614254764508,-2.349064484688861,1.3911503504363443,1.1620974948936045,-1.461989018217004,-2.340019895882107,-1.5696363958471602,-1.3717649955763518,-0.9710493647715851
2024-04-08,002415,0.27751252274823246,-1.2675745040619235,0.12040401432560437,-0.25916676720020165,-0.27780147485113155,-0.9410552267928136,0.001592784301279858,0.004346349893946963,0.008195726075965375,0.017010661183046158,-0.28498683251649365,-0.561735575515554,-0.6321789018635526,-0.24909261349131903,-1.0746771389737326,-0.7611438784931774,-0.43553822802078374,-0.8463278944581321,-0.8824426167630636,-0.9975175212244336
2024-04-08,002422,0.2955333367692717,0.5780386424325437,0.15782243987249195,-0.5403232961955593,-0.5332360156637167,-0.7422952464652871,-0.015501515740231599,-0.01534135956191247,-0.0223035091894248,-0.03750381288611701,0.06889629650790406,0.3555138701690751,0.4877038145575268,-0.5520148687103478,0.03757005753879089,-0.4053764577149383,0.056932589803104894,1.37564843117679,0.13056324408754244,0.31753962641626055
2024-04-08,002456,-1.2718790558563167,0.7428895661683821,-1.5013581039706436,2.9949314503285827,2.994931450328582,-0.857412777185538,-0.19945236813959638,-0.20034509515303955,-0.20360844364511732,-0.21427337517970588,-1.5261777120127484,-0.22495845252604385,0.6383214799190505,0.926339946486924,2.0240043012151254,-0.7356382043330817,-0.41100874612790106,0.90225386105768,0.18597914704061858,-0.24632724479492768
2024-04-08,002460,-0.35482906508009265,0.8622844407365605,0.5148165997116219,-0.2170149760201904,-0.3931634479720273,0.6374153287132256,0.08053001360539525,0.06966500753850256,0.07602170575864416,0.0893946599399646,0.6941882728837965,0.434715517277238,0.22003020747164778,1.971676329407763,1.3366865764629192,1.678575593694641,0.2705535113991699,0.44954330899418604,0.08197232014334709,0.3718975921155474
2024-04-08,002466,-0.16844083692561948,1.3398546425711255,0.9899281942620854,-0.2977021951774423,-0.40107861772676995,0.2993502948752755,0.18932663564474242,0.1826997897974135,0.1951372663872901,0.21663651200637687,0.5963838352887925,0.0005262654823933898,-0.342094649377285,0.43775489276457374,0.7864210403935654,0.9661014653457157,-0.09808218438965811,0.06848694550159587,-0.3271926497896688,-0.035306105771461045
2024-04-08,002475,-0.6010877697779896,-0.1651668299402071,-0.5405584276986666,0.3523753764961379,0.9437552918865583,-0.8309462045596562,-0.01572404508988436,-0.007162609309812564,-0.01626825350156794,-0.00891533422382175,-0.8393886065031039,-0.40610279703892965,-0.06660689416860466,-0.07212082683228395,1.1571173798373413,-1.3083551044990127,-0.4579033176068349,0.4199381127480874,0.277979423576729,-0.41803420400390334
2024-04-08,002493,0.06464328437333404,-0.7813867181387097,-0.09376179615080166,-0.35772865254922004,-0.4147512988049593,0.13386261349202125,-0.19140085167034013,-0.19289514442835448,-0.19641256186344186,-0.19713029602048907,0.4451816401065727,0.7312672065523366,0.7967606411709304,-0.7808515413377413,-0.5228876485192097,0.5735176483503175,0.6736416164072803,1.0836867794224923,1.021859774230872,1.1564261630848591
2024-04-08,002594,1.4141254411037258,0.7478658228434004,1.5724524373134585,-0.5381658794578769,-0.574863329925157,-0.4707198723310818,0.3795285397752633,0.388312356469327,0.3797272773085301,0.3440302101690157,0.9433686416315099,0.3609440712485807,-0.03389202452365498,0.9815383367943232,0.7222856084044202,0.22128462172182614,-0.1284027143516639,1.5547916756081834,0.330124063249255,0.3156369551453003
2024-04-08,002601,-0.01099576766517593,0.2948445355914249,-0.2159051369731349,-0.3118506670527141,-0.5690322266521038,2.1150052049233663,-0.12063651848074612,-0.1261897432385789,-0.1293586508431729,-0.13371039351240108,1.0040227930101555,1.142598607019693,1.0377243102486489,-0.004400816342863037,-0.5923740184779631,1.4297554522301028,1.3404673877462305,0.5890904662691142,0.856903709521811,1.3810733572452973
2024-04-08,002602,-0.9894686333495686,0.36324344780987033,-0.4020039492944333,1.1374776510612967,2.321391954064704,-1.567893157252124,-0.253547230046107,-0.25309196094968905,-0.254332850145399,-0.2512513506585197,-0.18416652757450247,-0.38588943050326135,-0.43577425609033976,1.265247227965229,1.9323561788387384,0.1127472349690593,-0.9799426053790904,0.1849801633516101,-0.14034642889988747,-0.3661263742846936
2024-04-08,002607,-1.1350476350634748,0.4544620675378328,-1.2458132051616688,1.615858606104484,2.8873776504384656,-0.9108080697703305,-0.273190502638187,-0.2722128263286703,-0.2735033654950379,-0.26574920180051664,-1.1260893342415235,-1.2221339563067153,-1.1056284548686635,0.1328804249712166,1.689199870531412,-1.1424955754184025,-1.465127270025064,-0.6419512427366115,-0.3505326571256638,-1.0163920448510733
2024-04-08,002624,-0.8563841573555185,-0.5927455973307134,-0.591786897900258,0.18612693921336046,0.3855507655938264,-1.308897783065483,-0.20111122329155368,-0.19862431849108783,-0.19752777215358933,-0.19491644895845836,-1.334359686051158,-1.3742009515254634,-1.2087551355818826,2.9577765879474893,2.126238920684549,-0.7811351703494637,-1.8942595448423705,-0.7862430124177798,-0.34620976082530003,-0.8743408549099226
2024-04-08,002673,-0.3264442477019663,-0.16998145666753073,0.7427533222036058,0.41644778965474616,0.8729501679330983,-1.1608132475557384,-0.23527959343369897,-0.23524649474368386,-0.23553070742553733,-0.23467251778869036,-0.36746924761686156,-0.5060021873377162,-0.5012971485635301,-0.03936514841787248,-0.016602828692891362,-0.04758461935021501,-0.3804536468261226,-0.5548769671096067,-0.7478920228955607,-0.6404910393715666
2024-04-08,002714,0.16139570745376594,-0.6887489256785679,0.25399656299075096,-0.27320957876353646,-0.37222593902600853,0.026586554267881306,0.12335679844312274,0.11250222420544187,0.09135710879827362,0.07695190766848885,0.8617008485368481,1.72671640841542,1.9563242526372706,0.11218539930905608,0.15095886811096382,1.2893873818590083,1.0203611907469365,1.7869102708490778,2.124631622440432,1.1919921849737538
2024-04-08,002736,0.43845660828255034,0.32759921772328643,0.7360513099941217,-0.4610914088085136,-0.5593845697623259,1.6596299049474155,-0.22245381091734606,-0.22318081367870474,-0.2249387327693404,-0.22128590398726064,0.7653442979395595,0.5019875971569224,0.27309016462276203,-0.7798841719526377,-0.7678780420551895,0.7992579327492274,0.3379917217751848,0.3398454128153415,0.41861035385437034,0.7833981935270837
2024-04-08,002739,0.8206079798012036,0.6877329852797005,0.6934707387626967,-0.292980013394215,-0.06435829273256746,-1.1088872921434991,-0.14873590635963294,-0.14689979647595083,-0.15539704494797332,-0.16706822001526764,0.20024235615062627,0.6731468071012543,0.8655502910932392,-0.236266268141258,1.0295610639604884,-0.21809208838200372,-0.25311305634834175,2.4527656360839813,0.9917080909341556,0.42088658466087747
2024-04-08,002773,-0.4338471825028963,-0.3818995624953675,-0.6621087708712639,-0.6537660462136445,-0.7387820065168557,-0.34009483010082714,-0.1366990915375036,-0.1376784580110213,-0.13867898299657727,-0.13601741886075264,-0.26532488366710905,-0.07018822023593124,0.07412397437576641,-0.24771561358461283,-0.8273798231138135,-0.06483705951873746,-0.09842587500213752,0.16884447751640266,-0.26595945407287797,-0.4988028316026289
2024-04-08,002812,-1.2758112582518757,1.578275271121377,-1.1308728704105238,-0.4567273598720623,-0.5044851351646911,-0.7100959515336116,0.11314067829997089,0.10826101584451377,0.12434412086476206,0.15675393333083987,-0.5883167236175815,-0.7453443400993343,-0.7203459886492429,1.0635518360784335,2.428599257712007,0.32454289040176126,-0.6268214945751972,-0.2112621189807066,-0.46131457228739725,-0.4794789988426067
2024-04-08,002821,-1.7740665212832523,0.23534194206743708,-0.8965773289770871,-0.6141225752283276,-0.7291233228202962,1.7860648888466026,0.526478830309629,0.5608961334474261,0.6172367919074913,0.6741315446988564,-1.5943052373774411,-2.3217657060190886,-2.4829262830684193,0.6056255314998384,0.34120972065783584,-2.0911201730443763,-1.8676541247959548,-1.965593897443767,-2.082501803910359,-1.0823730258759106
2024-04-08,002831,-0.5790032395125252,-0.2565743422423448,-0.5735375495643437,-0.6754024975638213,-0.7727259536791541,0.04945846256833262,-0.06963683752849728,-0.0705175571166115,-0.06808263928995756,-0.05644661339038295,-0.3729886519568394,-0.3790272122151193,-0.3120182798939427,0.11484196297637465,-0.861519957734297,0.056996308305927015,-0.15638820610595014,-0.6866897523304938,-0.7512155371626238,-0.7114203805323802
2024-04-08,002841,-0.9908082668121164,0.21277006621420214,-1.1522877904421391,-0.6641802602223,-0.7623810510214433,-0.5299410435159907,0.03373816035567225,0.033680530872394455,0.04825246491393165,0.07288312249914479,-1.1793978563751726,-1.2525417974548485,-1.1192012165605667,1.220668585760424,0.2975037251307614,-0.5072388620027719,-1.0787462180555385,-1.4898958868289645,-0.8369082938693114,-0.823342556105647
2024-04-08,002916,0.1576436912909818,0.14310555688310028,0.27421141549390865,-0.6148296651579481,-0.6561789983512398,-1.557152413242121,0.4041686077640928,0.38490116979239913,0.37228917790727506,0.24558389962338956,0.20562049711931113,0.8762496585691012,1.1555005287391733,1.8763088142923663,2.1340833441789635,0.8442338738631157,0.7889686904978686,1.795442251976304,0.7104134438386844,0.8257705160049439
2024-04-08,002938,-0.02656737547422063,-0.38826612522735954,-0.25545817051970976,-0.4536089904026579,-0.44089066389791715,-1.0519842389976701,-0.09211230184343126,-0.08643980234749417,-0.0889284931750216,-0.10227307502203664,-1.074989448403654,-0.8190221416045328,-0.5353972120997305,-1.3533793600763782,1.839113915952232,-1.9654197759878913,-1.2830747103309597,0.16656254253748323,0.11695378638790259,-0.6909139426438383
2024-04-08,002939,-0.4030342509892548,-0.95792002383611,-0.29884923311628286,-0.49124880820950606,-0.46849243926416245,-0.560882667944617,-0.23107176573117308,-0.23063076440338984,-0.23113546687025027,-0.22620364687641695,-0.47335722374613065,-0.5710854670191114,-0.5330996996230679,-0.39371257208710647,-0.5896528413061158,-0.3384273311488359,-0.6287060688249098,-0.5077561705208538,-0.8540723261845353,-0.9138790627821776
2024-04-08,002945,-0.6942682665220209,-0.2864920118644056,-0.6961131376250529,-0.6040270104761979,-0.6299440675995095,-0.7799095093063579,-0.18549370893410183,-0.18407869458976653,-0.18186436608744583,-0.1670906518249375,-0.7192174761157312,-1.0280613993834762,-1.0593569164346939,-0.3639686562080078,-0.33209527878083733,-0.6396636233711506,-1.0658147537968639,-1.0013059972433282,-1.2095837524127402,-0.954445923991037
2024-04-08,002958,0.37137352255678735,-1.0395030436225912,0.18758072307433582,-0.2622881952575832,-0.2791205366362603,0.30344835168894835,-0.27766131957212076,-0.27750674511808643,-0.2795638521849343,-0.2756519830078388,0.46333540111497656,0.32621091576816336,0.20415663746756788,-1.320862400519653,-1.3901831794565929,0.26712555342203137,0.35782663339885656,-0.060527450069879286,0.3257186858616118,0.5246822315688032
2024-04-08,003816,1.9784937635732165,1.221113624307075,2.013307992149773,1.1049128648688553,1.446156744756357,0.3664834392435279,-0.264228638829442,-0.26440859805593625,-0.2670644137745485,-0.26443780369674164,1.343916294513646,1.1006607839358737,0.7705938288262058,-0.1306801352433451,0.10900952082369833,0.5465922324371759,1.1275468903294998,0.1574997878069794,1.3394153669994864,1.3635785708435626
2024-04-08,300003,-0.7022538402907207,-0.46956111802095934,-0.6305050286765079,-0.5650480872422742,-0.596520777487847,-0.6975857092639387,-0.16884446759189603,-0.16864231571049373,-0.16615554421763115,-0.15977960739639174,-0.4696603742143147,-0.7273083921356565,-0.7646637576664572,0.5155544986426704,-0.11675568853209761,-0.23132263556640825,-0.665098818712819,-0.5867007629070118,-1.0262860241608165,-0.7333661352638846
2024-04-08,300014,-1.592787843128761,1.8493472225640366,-1.1672407582194828,-0.4169393010914631,-0.42115571612624964,-0.011182023019761041,0.08926934806448744,0.08870489519221536,0.09361780658101602,0.08456319324184618,-1.0914592168285426,-0.6990656939761386,-0.3465190899790759,1.3184617456452683,2.4600036463977446,-0.48635135040857347,-0.7237941183675946,0.27591627171474364,-0.29723820495033554,-0.7821944585906339
2024-04-08,300015,-0.42033497127116115,-0.9680616613197348,-0.38642593226303495,0.011578884427930067,0.3051370580007053,-0.5860538886184112,-0.17637000559833657,-0.17543432241737378,-0.17289222176218708,-0.16108755445252526,-0.30981994841515154,-0.7932332572516214,-0.9558893953532452,-0.1608210832397415,-0.3001692461035887,-0.41192332940341875,-0.6687443699593602,-0.9238637127313332,-1.3627628419463034,-0.7423721211408354
2024-04-08,300033,-0.10580776319779739,-0.10065699628656959,-0.270891046364461,-0.6333925136445676,-0.683226796533314,-1.3805605938378818,0.9901490752225774,1.017387815216242,1.0247225210463937,1.0253481142232959,-0.9892469181204092,-0.8602847079740878,-0.6489632423311048,0.7715722108644313,0.9376080967361355,-1.068749155811726,-1.2998533533724521,-0.6036317118413274,-0.13663624506831584,-1.0809266887235813
2024-04-08,300059,-0.4452092790498728,-1.031877233553916,-0.2667781070080167,1.0453123853862551,2.094393230713904,-0.674128980815457,-0.17402333245654328,-0.17229643556322652,-0.170833371995761,-0.16510802495488813,-0.6301204343039779,-0.8751659116979207,-0.8866408424322066,-0.5323275429879148,-0.5683638764572807,-0.6869554167005429,-0.9530731473445869,-0.8900925761600734,-0.9975426995677894,-1.0577729254958426
2024-04-08,300122,-0.6747220777053825,-0.5175343857511336,-0.5144290323360005,-0.4803324296656972,-0.5015504064728925,-0.5634839306167096,0.14591318252156668,0.1512703101776482,0.17366063745123766,0.20873016185967017,-0.8054602068389289,-1.3676986292005244,-1.5109314262229752,0.5886415049468995,0.6446157154500401,-0.6813533428949504,-0.9029264262316338,-1.6945909222272153,-1.4915156526194289,-0.7851892728185941
2024-04-08,300124,-0.888627622756396,1.3005299429119894,-1.8325096609704596,-0.5056644894525975,-0.6145639893669325,1.1796666636093884,0.3049205178189391,0.30320476721232675,0.3177145204957603,0.3137489926385581,-0.5517498112873881,-0.6141663888635658,-0.549244931959339,-0.11725545072488722,-0.8721304504568314,-0.3683479108947403,-0.07491232669160981,-1.2932874328414834,-1.0316386400482422,-0.6963266382675358
2024-04-08,300142,-1.3317980944383394,0.5483260465189294,-1.4036985129122883,-0.4724368238294772,-0.5230330232150191,-0.030606529200160226,-0.145944174518534,-0.14329628770151073,-0.13511636550859485,-0.11258480537487806,-1.1016763611132943,-1.6935462286399698,-1.8231210192118186,1.134187688446837,0.541055531846736,-0.798547243223584,-1.5584302832782533,-1.542918527450235,-1.6033447955777773,-0.8629686283138236
2024-04-08,300144,-1.595983639718723,2.994931450328582,-2.942282862936702,-0.35778565350697555,-0.4956635299307564,2.0357314158410045,-0.19856225074098513,-0.1997681288605028,-0.2003788753840568,-0.19825188650398087,-0.7740911442405335,-0.2954606218695914,0.056735195180668316,2.0905570587014126,0.3130992297089628,0.16428180512440224,-0.380939585160545,-0.34718760895590167,-0.26924111937980644,-0.5554267331908103
2024-04-08,300146,-0.7366803602404762,-0.3438692330096644,-0.7967627086754447,-0.4607135341666126,-0.5956445458707086,-0.09045694089924214,-0.14863475665524528,-0.14721358516136554,-0.14761075771857274,-0.1445277023447242,-1.1939871638059463,-0.7797855518630755,-0.40392632684362323,1.0494311805485883,-0.020532590541149653,-1.0995733332995612,-0.6541974751032313,-0.2836209489813541,-0.8410971749513133,-1.4458595652981416
2024-04-08,300347,2.7023728472493613,2.2849070476808593,2.8914041029447737,-0.47648500404392735,-0.3963966195864971,-0.7514399253211466,0.2165156761841404,0.20708420731883523,0.18897585568923556,0.17575540164501158,0.7274285606038656,1.2409952748139736,1.3499571254105842,1.273567173134776,2.9949314503285827,-0.00701282084926077,0.9190506493833792,2.994931450328582,0.2877931040663959,0.69749502900738
2024-04-08,300408,-1.0238165148731893,0.558527997963959,-0.8379711902852225,-0.5725791650023114,-0.6342390088408749,-0.4068423193364002,-0.053533804589984774,-0.055708755608168126,-0.053665644724567155,-0.04760675485664689,-0.5106537352427326,-0.30749398447530496,-0.12330194754201283,1.1586066612712442,0.43448354456508187,-0.21368110713156435,-0.10848566860508402,-0.03009839517378784,-0.1621761151647171,-0.5951068929004817
2024-04-08,300413,-0.5542460457667309,-0.6431979112688686,-0.6514596214317908,-0.5011544624536016,-0.42003873256104995,-1.409559894239442,-0.060047845552548905,-0.05564802231421692,-0.05731909381989184,-0.06013233227151906,-1.0848539278958045,-0.7430042096954276,-0.41607190335014815,0.8463901230270975,0.9310469874394667,-0.9036266897244559,-1.0549285239930417,-0.1692153800970399,-0.055806459686808155,-0.9138971887605254
2024-04-08,300433,-0.00015049770855393886,0.007507282827204541,-0.20446093057948392,-0.17148705982033882,-0.151641221524135,-0.8360730449549806,-0.17088769162052636,-0.17288352407142182,-0.17788291396560715,-0.18219588735184072,0.12977231817301793,0.7898391020263591,1.0785151137744462,0.6816411598618047,0.6964756775075044,0.20572943279126601,0.46986231692194474,1.694558990826681,0.9377749269552651,0.8384196493518765
2024-04-08,300450,-1.1549430955556566,1.3781365557763134,-1.0285665819401568,-0.22495590456916228,-0.22271953861082444,-0.47044032303668215,-0.05774163229251066,-0.06043583032070611,-0.06515584305337152,-0.06883932547105678,-0.4820466294558792,0.2190854558659974,0.6324802355343562,0.6556154512483503,2.5171087560626098,0.13414721562322396,-0.16700213870271144,1.3070303634353282,0.5279200840970131,0.1731157668539797
2024-04-08,300454,-0.004000882046759416,-0.030326402087791336,0.012399976597164165,-0.6029325920872923,-0.6182184169622115,-1.4008759949216367,0.3042124698882255,0.3440479073945336,0.36466436909092764,0.34941039344213476,-1.574773438120971,-2.1908350499351856,-2.2964792859261256,0.6371760869698363,2.9949314503285827,-1.984631494152123,-2.994931450328582,-0.48294090739339257,-0.5220180865267672,-0.7588809924255093
2024-04-08,300496,1.0001940975010988,1.4341746921255163,0.870293722531816,-0.5500988214239009,-0.5080616559729275,-1.0958983389355677,0.21479613120955054,0.2261645838351823,0.27160234116830567,0.3001466883595339,0.10886958902299176,-1.7013615366662114,-2.514369006908209,0.361158637143701,1.6541479653869844,-0.3148943689437832,-1.9695045123842625,-1.5680303395000688,-1.1582740321818097,-0.6028760736382872
2024-04-08,300498,0.43117627339759956,-0.7927648627627457,0.3010902118749351,-0.24395501892270055,-0.23564671166531306,0.09980746355539763,-0.11466868592187528,-0.1167052271665274,-0.1216884262231542,-0.11025189716921519,0.9410166602637686,0.9209866824806493,0.7622122210281999,-0.05919624493414571,0.05536540036337866,1.0521755537491806,0.43226602782309764,0.1301136845626767,1.3399795857575436,1.1458796620812737
2024-04-08,300529,-2.994931450328582,2.994931450328582,-2.994931450328582,-0.5712091956420123,-0.7001271358225823,2.3608822969476724,-0.07989341755340415,-0.08367643747271288,-0.08343822713121876,-0.0972190157510406,-1.6887537584891597,-0.5562989921420577,0.24249188138849345,2.994931450328582,2.02625095655698,0.10231071733919721,-0.33075511357049503,0.21396702213656796,-0.36147061836948147,-0.6378163668994444
2024-04-08,300558,-0.844335684826531,0.08659465049463265,-1.0952667431119398,-0.65351857864095,-0.7184558461120303,-0.7473284946267224,0.10306616774296178,0.11317029043890543,0.12663004964954397,0.141136217229172,-1.1478725714143192,-1.4522082334574933,-1.4360839639951546,0.05681082350809364,0.8059855856407294,-1.076738805902168,-1.476657917803404,-0.5439088643717225,-1.8966360986763176,-0.8771637580531768
2024-04-08,300595,-1.2726404422699937,0.3725220199713548,-1.26728096533787,-0.6047699693011866,-0.6756493027601531,-0.26924048590833816,-0.12187054487427532,-0.1216954794861874,-0.11623348358220667,-0.10415734703430284,-0.8282251531617275,-0.9946581583279331,-0.9451836232517694,0.7390478637854143,0.2570842327426818,-0.18525613081857792,-0.9651055585508909,-0.9349056314846956,-1.2342702076204004,-0.793874542950378
2024-04-08,300601,-1.0366499312338933,-0.03630543245375014,-0.9385721370256226,-0.6125499049011808,-0.6675198294127455,-0.395998229758789,-0.08213894099080978,-0.08123698349900489,-0.07579827971364747,-0.06177675647270006,-0.8656197934443113,-0.9447730118761716,-0.8489114371764144,0.48594265058586905,0.013662674681464704,-0.4920879663226724,-0.8500885650273625,-0.708724085266802,-1.0517623223960122,-0.9259658604839273
2024-04-08,300628,-0.43658226294062447,0.04809281274663431,-0.6649948977411178,-0.516014195060281,-0.676086299907165,0.2828882489950816,-0.052765066836638695,-0.06759223679129357,-0.0633493033073408,-0.053302708988964415,1.7591956312500965,1.4143057652360629,0.9578784681846748,1.5447412866673533,1.3182066262224084,2.994931450328582,1.4571483795160898,0.2634633210843191,0.4991820675752092,0.8839029522510887
2024-04-08,300661,-0.9985007046469321,2.3643110390522186,-2.332666912008914,-0.667224945526801,-0.7687062031809425,0.6243560346174101,0.1891243362359671,0.19877386826317428,0.22296201543648955,0.24529056057386098,-1.419177779870237,-1.7056938240303108,-1.656213279003105,-0.10511415439124339,-0.16531701760349957,-1.2673776995052344,-1.476981091232349,-1.5553592355358656,-1.7509330972853971,-1.0742486836195428
2024-04-08,300676,-1.3648396251085178,0.8167830635907422,-1.6445158208317072,-0.6704784489741038,-0.7570011678780619,-0.27642274588248933,0.11010618716834161,0.11607536633290634,0.1257873341814235,0.14056334332068077,-1.351902894655336,-1.2281014881081307,-0.9790553102607538,0.7004176596160002,0.26733538116597894,-1.098495908487059,-1.3892925373319245,-0.8083018186957723,-0.6864116464166867,-1.2022735207724309
2024-04-08,300725,-1.9930528847268698,1.373120911328149,-1.3002178380490095,-0.5840772313686788,-0.6255291898582969,-0.9744482912012479,0.06707710292183895,0.0755156481891383,0.056699804396768014,0.03583957711514213,-2.9949314503285827,-1.0401327460549834,0.6376797594985366,1.4472337036301786,2.9949314503285827,-2.8958775619777413,-2.0755446315695494,2.125784001731422,0.11905866572927302,-0.2861894025788553
2024-04-08,300750,-0.19113785737919398,-0.18568318145591425,-0.4059956799579468,-0.39889140759881037,-0.337363810438164,-1.0471087352764359,1.560147889387815,1.5212919551296573,1.4692221301772943,1.2969800740867994,0.115132411010097,0.9365107015522443,1.3000419261741367,0.3684320942849224,2.5447629012669424,0.5182452494121432,0.7159007854897798,2.8136050804723913,0.9889667377403344,0.7309907259297379
2024-04-08,300751,-0.484144848179758,0.2798024444444671,-0.6970139751021462,-0.685989938873363,-0.7734950334999601,-1.1681333579099915,0.7425750587633861,0.7595952268245572,0.8224052080921762,0.8809114172830441,-0.8061242141368189,-1.5502038984325375,-1.7806958834701696,0.22163940601338697,0.3900191808646417,-0.813513002864113,-1.0479499976298052,-1.6107662519946697,-1.3206593350765001,-0.7867292038541356
2024-04-08,300760,-0.2998162646740971,-0.5982936831661805,-0.6194789509917439,-0.6696937821312452,-0.7604089305999044,-0.3098605229607993,2.415975538211649,2.441917591489486,2.4979506377340424,2.538813685028011,-0.2530481344624629,-0.6041950872670324,-0.7132062066365465,-0.9620692255908385,-0.7919090392806496,-0.410860251482845,-0.34725204173223423,-0.799033050899732,-1.9088807960527236,-0.9090467292425678
2024-04-08,300763,-1.4066213160051282,0.8769668907164663,-1.2628104959760655,-0.5990554147461087,-0.6718316304818709,-0.8825206888371762,0.3173821613994965,0.30597825430276643,0.33882782300244346,0.3731708564539532,-1.1593574036008234,-1.0761033015624595,-0.8676956805085762,2.3739507077064044,2.4315583123566604,-0.10196118020356842,-0.7976826054064856,-0.619929659421052,-0.48892781693571463,-0.5719262960595203
2024-04-08,300782,-1.1674139530092988,0.32874528670600944,-1.2690276132142346,-0.6455039659270746,-0.7226557011210051,-0.3692220591090385,0.7058374861297947,0.716930087823813,0.760150233659827,0.7997462278022952,-1.3733245174457698,-1.4405293953697833,-1.2850340454640212,0.3210886528005284,0.4041352929555493,-1.0817470153534041,-1.3631572862867778,-1.433957179077281,-0.7929886334032625,-1.046198846507506
2024-04-08,300832,1.606647145880289,1.7995860449469474,1.5753940518095726,-0.6375630373781027,-0.7521831724541516,0.6480171563596985,0.3510245530788261,0.39021533301313244,0.43872745247777944,0.4549123708908345,0.8353678889255346,-1.7584927182226866,-2.984746382482661,0.28999463310571433,0.894052683339306,-0.047005936300438395,-1.3417805032318966,-2.0444864369745432,-1.5637951263039114,-0.6821443725817022
2024-04-08,300869,-1.5400516975601986,1.016784567464797,-1.6372993589462175,-0.6775955051434194,-0.7639820954234682,-0.037624303771306475,-0.13686093106452385,-0.13717234722809432,-0.1351315041098186,-0.122836142393993,-0.9620598108478443,-0.7327692099988883,-0.4759475774596418,0.5940338157506474,-0.043630349214037724,-0.44924433893563076,-0.8129884319327405,-0.4712721196860477,-0.729959744442323,-0.929257891810289
2024-04-08,300896,-2.994931450328582,2.994931450328582,-2.994931450328582,-0.6625344618371548,-0.7639566059208358,2.193027328121202,2.0152204094278137,2.0444890380882486,2.061050606417449,1.9855934928552381,-2.9949314503285827,-2.275524675710841,-0.4679750421365196,2.994931450328582,1.7202661930124372,-2.994931450328582,-1.4947989546615543,-1.2183513334508658,-0.9633348993615028,-2.087239691483107
2024-04-08,300919,-1.514928197888979,2.394353406511258,-1.2284087434415245,-0.6317269734642972,-0.7255668580156984,-0.27912204151340075,0.07717184341972562,0.06899694130503893,0.06595958214527742,0.04197553982175259,-0.48925127694769305,0.24784151730629617,0.67925499115359,1.2968363604720055,2.1273089684658393,0.6054878927421089,0.05154847126828209,1.9931062165694504,0.1433476968635877,0.2008681662106164
2024-04-08,300957,-1.92090127612398,1.2235804548521456,-1.8100144360816426,-0.6698686777528462,-0.7596621441058522,0.2574926140350925,0.28946484298850744,0.29621031619227584,0.32730230127078375,0.3431381143536846,-2.0037030953460713,-1.8550927170356766,-1.5356525265590577,1.435269251336495,0.9816005304256238,-1.2130803478095011,-1.5618824049055662,-1.2795929400514352,-1.7322336164226766,-1.0440923986691322
2024-04-08,300979,1.1234686071808768,-0.111371175789003,1.4296407415029184,-0.6804035669598719,-0.775715416882875,-1.1363791760086344,0.27437330709387137,0.25804956315958183,0.2414916633343243,0.23460784259955683,1.3629137040059882,1.606222924766825,1.469389152079746,-0.16658208706901342,0.4341124863815584,1.0707407941811964,2.004930099016256,1.4723397708640484,1.0516371061708278,1.522977567575374
2024-04-08,300999,0.47748268358171164,-0.6151468047860579,0.5323471373963601,-0.6374162251552008,-0.7197339968459121,0.1093568837378338,0.006751419225049517,0.005611626851264332,0.009073764946941235,0.01956961300922821,0.6535325615777349,0.06219942337877291,-0.28767947427414464,-0.38567074275115404,-0.6033063239851125,0.41466978081951705,-0.13012021439248472,-0.13454870478168138,-0.38258028258316745,-0.08223356348693858
2024-04-08,600000,0.8985577722764496,-0.7684857673659553,0.7438790342649171,-0.2965154630423181,-0.3469568127204166,0.17766594180836948,-0.23730258752145178,-0.23745313775724547,-0.2402438586065225,-0.23682424599317378,0.7640220795601893,0.6654015677548852,0.5067498866306609,-1.0122811159349698,-1.4503723989806871,0.2022468622599446,0.6779236055294191,0.2955334075988322,1.0426064474184193,1.4947219390881041
2024-04-08,600004,-0.25735708633252175,-0.9602137434657361,-0.3358671987004802,-0.5047435764180306,-0.5365822519998947,-0.3554087710899364,-0.20179904128138965,-0.20243027157869872,-0.20368413665123591,-0.20120425776129536,-0.06199995065491173,0.015327912398958282,0.07439434323656981,-0.27407837453421546,-0.653668233593415,-0.03770331653212983,-0.04563288755236178,-0.0021023613495617945,-0.4020352428498606,-0.2812619766533515
2024-04-08,600009,-0.08970568642576855,-0.9018578067083097,-0.2073329321194672,-0.5699482232350798,-0.6245736930793672,-0.5251716138074058,0.058985126570827585,0.05640490502581576,0.05445424521524941,0.04977490749157245,0.08024013041774673,0.18423648636150225,0.232593621022448,-0.7662026602827835,-0.6218744448319999,0.1812766211757568,0.19809011986565928,0.48923182535575804,-0.26973379536614495,0.09641220236148376
2024-04-08,600010,0.5507817750791888,0.2843916897799829,0.3768969022753223,2.9949314503285827,2.994931450328582,1.2457613013939721,-0.286441113912968,-0.2863130727410158,-0.28863692051835116,-0.2855771960248307,1.1934636054201593,1.0246848691212707,0.754954874044512,-0.8396753165937978,0.34284229126975935,0.8668140472689647,0.6288671047161373,0.8781384023250235,0.9191637419524908,1.1281873405687377
2024-04-08,600011,2.516472194020234,2.7033456259531206,2.7301903944059136,-0.020489298298407618,-0.05250335678097708,1.2817292417474746,-0.21209608118805157,-0.2133318978429458,-0.21624412946651655,-0.21435274927546066,2.147652952238656,1.4119874914818322,0.7218678845110917,0.5966138821867588,-0.050345411983313,1.4272545982736986,1.6060394502783764,0.7813754663205504,1.0778757918372577,2.116386425941657
2024-04-08,600015,0.7862551065148417,-0.8271780049475161,0.5422614678165653,-0.2712529166185343,-0.2921996878537798,-0.013670305851093535,-0.2448078955870148,-0.24499418842285745,-0.2482219014514236,-0.24543115881110775,0.6765671855797812,0.8215560752151256,0.7830423948857949,-1.3320126998713124,-1.4012864451803515,0.24794852592257152,0.9005224904299103,0.46236342142689746,1.784300013873394,1.2485098359031706
2024-04-08,600016,0.29169363963137235,-1.333442249078086,0.10350047156674044,0.6515611694028332,0.5441080968622398,0.1195204493744807,-0.2676879587194993,-0.267404773890864,-0.2697742233935946,-0.2658941458014602,0.14339512338418578,0.25012478715063163,0.2893139341819593,-1.123636121268867,-1.382360305156024,-0.4233580232165636,0.497964671354108,-0.2025982960406381,0.39012357566992706,0.23549573425449785
2024-04-08,600018,0.5507817750791888,-0.940284265127394,0.3768969022753223,-0.31087358722074904,-0.4530415657358728,1.2682693623209107,-0.2518479150123947,-0.2524542613632011,-0.25516547321270366,-0.25004520950781084,1.2548178787210003,1.1105329750436241,0.8386264419342523,-1.1329635520553138,-1.348489331134969,0.9648034087445287,1.148487365595502,0.5167601204368276,1.9621286411952632,1.8049497384502244
2024-04-08,600019,0.8448362767744384,-0.5925237625774363,0.6092394858401659,0.21692052491359476,0.2074916475840943,0.5120192850845999,-0.24084282717501926,-0.2413501907857832,-0.24331699465493792,-0.2406411046846874,0.7151539178423251,0.5271559004606132,0.33928427240199,-0.687585144949054,-1.052248915134981,0.6672796195713872,0.6776827268201636,-0.2121217644865329,0.8753811075015226,0.8473187188547511
2024-04-08,600025,1.5466161282872057,-0.06218583930060752,1.3740870739082156,-0.35206804036392053,-0.42112119742675996,0.6397429238662277,-0.2105586056813594,-0.21104427710411586,-0.21299437640382443,-0.2106066370605981,1.0600216751654918,0.5954168764408047,0.22891697175799075,-0.42063578148785175,-0.9079670616031412,0.4599244568898949,0.6703760726393,-0.19366233852317186,0.7238258344020065,1.0164743203881803
2024-04-08,600028,0.6270227188155282,0.5061509688956913,0.8637099345064232,1.521172507829387,1.257594912904905,0.6149221232895411,-0.24359409913436308,-0.244366611052028,-0.2471066911612761,-0.2448565593787958,0.8846011995040391,0.9313966085646241,0.8115656560537491,-0.5402582553714876,-0.676262912551313,0.8870701436910521,0.9090772609844219,0.19751081820584898,1.5716466137009875,1.4178766730550076
2024-04-08,600029,0.14997610455043003,-1.2650972627090142,0.12222958648182823,-0.21682339719144136,-0.16607954653406073,-1.052463598999916,-0.24590031239440133,-0.2455913991467113,-0.24730349297718449,-0.2415487302144054,0.0014945068994531175,-0.08366848909103668,-0.10795147657987936,-0.5166021683361893,-0.9711580919288542,-0.17502146461624404,-0.1287291823587105,-0.05094731967048379,-0.55984854900268,-0.7125626031197623
2024-04-08,600030,-0.04638999776366675,-1.0197021807851543,0.1649805128976495,0.32788526256330436,0.4404148025436047,-0.3342796198266811,-0.1188360537426461,-0.11605740536438086,-0.1108138643441145,-0.10051476624868567,-0.2116376825059746,-0.9393212252429554,-1.2266545607288004,-1.0242977234997177,-0.4689861457743862,-0.5650084534368299,-0.9653201107336872,-1.1073441029362265,-1.4021765959763752,-0.809454699235669
2024-04-08,600031,1.3615938201947522,0.48809684011193655,1.4775787112707954,0.28937930825202507,0.3866972338815067,0.16609672056180477,-0.1615212289942308,-0.1631459526079068,-0.16910252525584887,-0.16736846116007925,1.02666703222303,1.2103043906486979,1.1196321444955464,-0.4562467735715639,-0.4605171675634219,0.789740713355245,1.3162554747601003,0.9318501058659401,1.5829246017418954,1.3762025444768278
2024-04-08,600036,0.8328312994116467,-0.8033496074199563,0.6569126156056087,0.015830321716132745,0.14527161184954737,-0.6533609065685771,-0.025636716119873264,-0.027700584880989244,-0.03451026797615198,-0.03190448808776187,0.42396844287136887,0.6551794041859083,0.7006098053400369,-0.9195965516842979,-0.7116670414712173,0.022425672325498337,0.7271903275796688,0.21129996384146355,1.0649854730648929,0.952187629642492
2024-04-08,600038,0.6787261218741658,-0.02652574616905142,0.6229395900455466,-0.5549377856571638,-0.6165380274939986,-0.7378257253561471,0.09772546335129433,0.09626619028914432,0.0937742387936611,0.07788541605551819,-0.24407634496897493,0.00903398350228699,0.17676706750263502,-1.0856675319744744,1.5385519223317898,-1.1615433469798235,-0.3968959178436671,1.0610531492025261,0.2171413634051665,-0.06119890022577383
2024-04-08,600048,-0.5519226062779795,-0.6086192916675965,-0.5011585055525477,1.1619054810207783,0.9724383335525588,-0.2092064460642538,-0.2190147209681662,-0.21539682983728786,-0.21608769725387145,-0.210004429247154,-1.1074222725751341,-1.3339730563216456,-1.2835530136273658,-0.7378636632807217,0.6856951286533204,-1.9157917118108463,-1.0426776105984301,-0.7489891722322549,-1.248664864651158,-1.267556009588428
2024-04-08,600050,0.6547148317128603,-0.4058981663064987,0.7074350812035988,1.4330768324846352,2.033521022347394,-0.13000279283611726,-0.2587665547925093,-0.2587604017184712,-0.2608071252687438,-0.2577082607957909,0.27746694031002705,0.25306722432842294,0.21174496211812935,-0.7818681982983176,-0.7174137025675672,0.18697474565786099,0.18508138677239797,-0.07472116958266939,0.5040706884077097,0.23644708125618402
2024-04-08,600061,-0.5537185417525021,-0.7744301119624166,-0.5600787538683282,-0.3859549707228372,-0.44931298686020843,-0.11779330556596705,-0.24064052776624398,-0.23990271394661206,-0.24066269324037878,-0.235298882935625,-0.7743007816260555,-0.7626341366575089,-0.6341190594065214,-0.44567362783715847,-0.8620046419371021,-0.6595542112386232,-0.7303207748378906,-0.8710443241000703,-1.0669618168858888,-1.210147687543227
2024-04-08,600066,0.725630480852396,0.6674932319779308,1.838164381893574,-0.28572309633830906,-0.49250466940546583,1.0762016327264041,-0.12383284913939559,-0.1351681485277035,-0.14426008064772247,-0.15832844186313547,1.4995277952791837,2.7329102734077773,2.9625662974822027,2.0414100856745327,1.6046459809988787,2.994931450328582,2.994931450328582,2.2980637289171746,1.3867669856990175,1.484143674736288
2024-04-08,600085,-0.017622545208014366,-1.386878361999165,0.07510238583650973,-0.5691635563922212,-0.6384196867945777,-1.1986968708066565,0.09786707293743697,0.09966725475041374,0.10668241943708738,0.1559412116112636,0.04677845380125167,-0.40908280274187836,-0.6070574797490913,-0.050886667139984125,-0.3810112980933466,-0.592201546639226,-0.3526721928590868,-0.5652731456613386,-0.7981130533456863,-0.6664704917312887
2024-04-08,600089,-0.34804286976463106,-0.3568723664105236,-0.5405584276986708,-0.18853368283066202,-0.04188685907797599,-0.34771960491671283,-0.15158832802336442,-0.15162687118848878,-0.1512944840163449,-0.15136422772256183,-0.07725156008366293,-0.24511432887176018,-0.29499867788872636,-0.46156393565955645,-1.094556969953933,0.010526646361613361,0.03413585302043485,-0.7664224638205236,-0.6103150671360597,-0.5894478428988855
2024-04-08,600104,0.4294102861244368,0.1262447877663589,0.026339488283920715,-0.39820656194538706,-0.511845448786896,1.1834457853098073,-0.1532471831753217,-0.1545825581607823,-0.15832384118455942,-0.1573880313808231,0.5766056735257654,0.6577452770474703,0.6103091112881718,-1.3262682576223452,-1.3909639886970138,0.35715868724205674,0.6794575611575179,0.28912905834024183,1.5350112031250767,1.303987530853599
2024-04-08,600109,-0.20724494935076654,-0.8888287130413243,-0.19720270252187774,-0.44153118258789925,-0.37852807871918126,-0.7554996609294755,-0.21891357126377858,-0.21851447226011803,-0.2188479688769966,-0.2137988561289978,-0.1018943883247979,-0.3888931310998112,-0.48936147370401,-0.5787801205104026,-0.6848302429247682,-0.06597513837465599,-0.5375629958511073,-0.5616336509245506,-0.6583053484562627,-0.7088260447060986
2024-04-08,600111,0.37596928736282254,0.49435986672917515,0.14653631725046393,0.09481752206500857,-0.10277696602940675,2.4362597720721677,-0.09981990931776952,-0.1041030686716457,-0.10575252533498374,-0.10897846058949677,1.5102519961367686,1.0269376266851382,0.5669246769291758,-0.5097062756858548,-0.3206868233892343,1.56657298262316,0.5995928602622254,0.721959902034166,0.7015915940972101,1.2883513965673457
2024-04-08,600115,-0.32831866228055884,-0.973969563454162,-0.42044589146251954,0.11969830109855681,0.030531614554641474,0.14372110179462513,-0.26631232273982736,-0.2657244860915464,-0.2675538952141155,-0.26246552996961686,-0.7196132312784156,-0.5114005405847556,-0.295972659286529,-0.36473742230204087,-0.7647521011161212,-0.7967411218444783,-0.6002106039932169,-0.32763453430780326,-0.6894770348456831,-1.3748829299993601
2024-04-08,600118,-0.4308993855842178,-0.4467000877245265,-0.7692899061837145,-0.5748569788849116,-0.609336164290979,-0.7582415264671064,-0.04544182823897345,-0.04511079581367727,-0.044991226223374925,-0.044868348553106195,-0.6941422854136191,-0.4184220203303522,-0.17426918554827678,-0.5697960222210936,-0.07274418919255872,-0.6886748593280178,-0.376715287699249,-0.16540326646993006,-0.4253862125677695,-1.253603858819267
2024-04-08,600150,1.5191540296579025,0.7270582929513811,1.4771544071408846,0.10612706819060401,0.04269442214774509,0.01846963922086914,0.07332815465299514,0.05956303631128007,0.051214584553373105,0.03491642187103731,1.4866149378518287,1.6651088646499705,1.4751224840826807,0.8029393938816706,0.44636047355965847,2.2029153317741903,1.6757894471544732,0.647607085666906,2.1437714904951948,1.552476317836566
2024-04-08,600176,-1.216278344140457,1.0635259108733637,-1.3562691895302306,-0.08551877144040322,-0.18955721625965577,0.4119155755905819,-0.19856225074098513,-0.20129658342494228,-0.20695912071596761,-0.20688985875068838,-0.5720531139457806,0.9385197373399219,1.7481192066516742,1.2411863621551573,1.145850410191205,0.4530327620913915,1.6303874743585118,1.207630365223086,0.6931193072681218,0.7438389034453754
2024-04-08,600177,0.7004866745349596,-0.8881619416559497,0.6142485299302799,-0.5058727514884944,-0.6131897136434995,0.8991504790878164,-0.24227915297732375,-0.2427875454092958,-0.2448712243805733,-0.2411294279259615,0.8052770745970509,0.605622415536468,0.39657745554106993,-1.316177079761691,-1.3357194477218421,0.6852962918608679,0.685907364718139,0.3171725410193104,0.7835971993425833,1.2348792281581693
2024-04-08,600183,-0.47474044607929405,-0.3018370109449773,-0.46226093699730325,-0.4744173985713915,-0.48592853753509374,-1.374998150054154,-0.14505405711992278,-0.14150465552994926,-0.1409699579817671,-0.143763295292129,-1.007538339444728,-1.0064795246525435,-0.8553563300159739,0.4242921788063078,1.5128263137935973,-1.3945485897994094,-1.0811048196451563,-0.4092373492112361,-0.1991121256123241,-1.1610816483947712
2024-04-08,600188,0.8762350178072755,0.6473014302960358,1.3629522356455437,-0.12214174777158382,-0.13206592273760717,0.1574924621063991,-0.13736667958646204,-0.13889312389004604,-0.1383307951684317,-0.1333445824624007,1.4798775899225936,0.5527518837746511,-0.07926683070615054,0.37144896773887115,0.4663913329455471,1.303621573046505,0.743550528109643,-1.3748822858784204,0.5302477278204437,0.4695501004049601
2024-04-08,600196,-0.4229910170731435,-1.0272101585468425,-0.04792658088271264,-0.6083771567400259,-0.646398300640512,-0.4818474743250606,-0.07424926404857372,-0.07258248911095355,-0.06796153048016783,-0.06101062389628415,-0.23049825689501185,-0.6640722581436282,-0.8139761663963258,-0.5867321053630958,-0.6314388366164264,-0.38772006865755104,-0.692314932090988,-0.6884502518168811,-1.088465889065387,-0.8069245786546791
2024-04-08,600208,0.3334217768308958,-0.8149077183851592,0.14753306978181943,-0.15995618314658047,-0.042446749187522795,-0.2959396245080205,-0.2819905269199118,-0.2816163646754535,-0.2834494264990227,-0.27899259712482355,0.2294162108465465,-0.11360095962564042,-0.28821308840881976,-1.0317090345152498,-0.8097251476344449,-0.04224122203953895,-0.06666980402711527,-0.24821484174056452,-0.6496438280623454,-0.5344393926562377
2024-04-08,600219,0.09867297872275275,1.027881352322575,-0.41296530233804407,1.0037269890889167,0.7699225571455941,2.1154797680123556,-0.27359510145573757,-0.27404494736286594,-0.27686413496670403,-0.27527064224345155,1.290529238742654,1.53787390734214,1.4183207468319015,-0.46334024426151055,-0.5291578252917359,1.2273730440018664,1.1062179945275712,1.5815545741726655,1.5086656415244941,1.499804559007462
2024-04-08,600221,0.5507817750791888,-1.1316065014837386,0.3768969022753223,0.29743813146484244,0.5376908948374349,-0.6689595076081505,-0.28903054634529163,-0.2887120378520897,-0.290710908886001,-0.2868212986995962,0.30943998008010287,0.07761935183367272,-0.06043254308365384,-0.7653151152507112,-1.2149101264911768,0.006648913208156381,0.11653168573015278,-0.05201802590154066,-0.7208607735234623,-0.3015277400450318
2024-04-08,600233,0.4327377029234596,-0.6063209998393732,0.09754160336326845,-0.5069107250265494,-0.5509599295725226,-0.3779674412293312,-0.15027338186632508,-0.15387400306468457,-0.1610942052085004,-0.1735423853907464,0.9219419979548896,1.521005098497743,1.6257081502409259,-0.9718092122914717,0.9489142167313165,1.0385982028139946,0.938587411294719,2.994931450328582,1.085617843051151,1.0088990544870529
2024-04-08,600276,1.2030577662156274,-0.5072330464120449,1.0215952422570467,-0.4036989517919447,-0.3393626988326868,-0.6438405573176765,0.1539849289317005,0.15727278406316217,0.15149267905930197,0.13645314557963859,0.2619487138758651,0.15431472066541638,0.07876798253216068,-0.5238891883066696,-0.07620800852171092,-0.49289047387953283,0.2379410418265872,1.0279993183417135,-0.6108311973441433,0.07581381177654054
2024-04-08,600297,-0.31312038356369126,0.056683617299320026,-0.5347147631765414,-0.10765516289811361,0.09818514928293466,-0.21111055312381666,-0.28737169119333433,-0.28710260556238193,-0.2890910785550628,-0.2852044828795473,0.21438122413176972,0.0882369364654599,0.012190129116938446,-0.21137921891171485,-0.3458991665942659,0.2579739582092826,-0.1099194493166342,0.19159783074939496,-0.3902106695968562,-0.07025982456688658
2024-04-08,600299,0.2959290150135554,-0.4461569904769712,-0.21076765399020933,-0.613719953829157,-0.740258879485994,1.359397828167569,-0.2150698824970482,-0.21739090632202013,-0.22024072018957896,-0.21856647844574828,1.0251439439464534,1.1662725185868346,1.0582172362513558,-0.402908713932672,-0.797544213500366,1.5578302298429558,1.1148949760900002,0.9548694073834785,1.3640573621019256,1.5091683143039392
2024-04-08,600309,1.7081979305692863,0.16714132073711097,1.5922680049273548,-0.4973737696604235,-0.6073340797205775,1.3233398520354516,0.5261956111373434,0.4982294963054079,0.47367743650294364,0.4518323108707841,1.5245407249770826,1.8253139331136883,1.6758400383027312,-0.6034848398947548,-0.8097793114287295,1.548994212017626,2.04483901832787,1.6488331876531224,2.0615738078536823,1.7080232915654732
2024-04-08,600332,-0.16447496676507178,-1.2793601072014205,-0.15220857453038128,-0.6263580393506343,-0.6905296588940996,-0.32991248066888895,-0.029642244413623873,-0.030949816107380446,-0.029479206169468652,-0.022678112218176342,0.000805582933170493,-0.10336428094823218,-0.1361197584348247,-0.9016132688035327,-0.9775494078108643,-0.10186579777341662,0.0962795113604242,-0.5287971514168697,-0.9899025674876721,-0.4357347961029208
2024-04-08,600340,-0.09973447867107647,-0.6519009917903182,-0.3095444956908217,-0.23062902915982275,-0.08051775845315923,-1.3936370515918328,-0.288929396640904,-0.28845898246062623,-0.290221427446434,-0.2858291225026612,-0.28844621460519776,-0.6286474491004415,-0.727911837695366,-0.4859711550794929,0.06077222217716854,-0.5678152370428907,-0.5926312929092631,-0.3054781650659973,-1.0171232666416943,-0.9259461609559787
2024-04-08,600346,0.25225065496121285,-0.8262425204797761,-0.07679717458087462,-0.33626542849992946,-0.47140727176111635,-0.1309601107600591,-0.16779251066626458,-0.1726203464642998,-0.17977019291816437,-0.18015631819570643,0.9606917049030382,1.8695415191633973,2.0955685614908663,-0.30534007381262623,-0.5701700632380726,1.3184550442602456,1.742425608423585,1.9047350344776917,2.0457080960365404,1.3799250371304639
2024-04-08,600362,1.0865010428735349,2.994931450328582,0.8809932374258664,0.1816338734749649,-0.07622401577774837,2.767955622559643,-0.07374351552663555,-0.08341325986559085,-0.09423709600413985,-0.11315940480719003,2.7166425825683254,2.7977104693567822,2.2753624237449164,-0.040760650173182505,0.9289606257452179,2.839543330879209,2.0129573841316213,2.994931450328582,1.6627428485949458,1.5912061523096324
2024-04-08,600369,-0.29996058365605327,-0.8306405789637423,-0.14025948968833665,-0.20095711108683573,-0.041677349749128935,-0.7028091541999031,-0.26532105563682845,-0.2649045866232047,-0.26602994269092756,-0.26207211053848434,-0.4431129632812817,-0.6236083921299532,-0.6283271701906389,-0.4635789413279831,-0.7107596219664665,-0.3560801362620356,-0.6038522261155834,-0.7332127039024795,-0.9853808566647428,-0.8799083914913901
2024-04-08,600372,-0.36538582987219287,-0.6700520110760045,-0.42455832850655967,-0.3309457098473531,-0.32201952937542805,-0.8444406054029796,-0.18731440361307938,-0.18794538097132862,-0.18818220899814544,-0.1828274290702376,-0.7373004427798754,-0.4197737400864788,-0.14976585952264607,-0.3408221477030328,0.3999874974789685,-0.7663894723273221,-0.5598925701425904,-0.2803519560093361,-0.30807465651954763,-0.7358065319288939
2024-04-08,600383,-0.6912753577681763,-0.23453009635083447,-0.677416405098104,0.22534109566807012,0.28306642480129957,-0.3255565724595462,-0.2656447346908689,-0.26417578709578987,-0.26519731962362286,-0.25932507661583987,-1.3314012433912545,-1.4661592671936856,-1.3484310161290556,-0.040224220436918985,0.4903441009640163,-1.6534289769279928,-1.356652167224022,-1.0708291261596707,-1.2994984553950153,-1.3413549417718211
2024-04-08,600390,-0.032584413767837925,-0.6560905595605621,-0.03526445546677303,-0.3359698576799583,-0.3030799499711685,-0.2613772437020821,-0.2562782720645733,-0.2560881367846168,-0.25726469258239304,-0.2527629095255025,0.1411210253586172,-0.19890116886005274,-0.3587668691450139,-0.8197785203437109,-0.7705883242164709,0.21539701791466087,-0.2985075385115896,-0.46569542113083917,-0.5259512385772508,-0.468691373463918
2024-04-08,600398,0.9870749440600728,0.40262911274994273,1.2474749526155966,-0.2609310163560974,-0.35655197242138736,0.4566416463257533,-0.22109840487855165,-0.22317069146304622,-0.22618514427009345,-0.22670232326061562,1.8211547009056526,1.5496366243262774,1.108581026535864,0.46871950469597484,0.23849275303752887,1.3219897659608486,2.095520629625117,1.1435916182583123,1.1816490552234546,1.6569006709314418
2024-04-08,600406,1.0560441760139665,0.20255432547568186,0.8885073811884365,-0.4152656973610712,-0.4532475592712534,0.27554099203886206,-0.07186213102502542,-0.07022401286251383,-0.07126174554693902,-0.07785346191068927,0.0027554254866594707,-0.1563273274885367,-0.214159975134187,-0.3426908159607099,-1.0425795690077786,-0.34925282298921917,-0.10750253528853328,-0.4823763218839845,-0.005870845824746545,-0.8754410356409337
2024-04-08,600436,-0.9965813365290186,0.41421779868494796,-1.1527568008992597,-0.6848518660924204,-0.7840354622170487,1.0718284838705556,1.9561287521245536,1.9667706662619822,1.9731457953117082,1.9394340051261783,-0.914903730779152,-0.5070904566131796,-0.1697206870713013,0.2501316676030391,-0.5367057019988789,-0.8323367673852937,-0.4294348325723724,-0.2486892302765331,-0.8048553022934399,-1.4690105908348883
2024-04-08,600438,-1.632067569031286,0.8512313392722821,-1.4762112187630472,-0.2930167164499405,-0.2918626511073737,0.8503872082731089,-0.05964324673499831,-0.058219065091485944,-0.051712765166707086,-0.044079784167020436,-0.9609280420423245,-1.0327628502052149,-0.9224034429263651,0.5275302068574571,-0.18698649414983654,-0.5930212545248169,-0.696307901032496,-1.1443481356575371,-1.2847694962201037,-0.9266848991480329
2024-04-08,600482,0.572696888814352,1.4279327624332638,0.9618365437496663,-0.30663855508624194,-0.42695701505923417,0.610711230991403,-0.09757438588036386,-0.1028074250673526,-0.10452629863586234,-0.10267339654845219,1.1039633528837467,0.941254509460464,0.6915523696853851,-0.4123453606335371,0.10125639702420046,1.4729923878068476,1.112396719187708,0.12172572727588656,1.0490190554945775,1.0725430576275166
2024-04-08,600487,-0.694593039592142,0.0563142791844079,-0.6645805168051426,-0.23154660555296003,0.050386019399774475,-1.167879075145152,-0.1812656512906984,-0.17990834173844825,-0.1792706190777816,-0.18161611134806652,-0.9150511881713862,-0.8708650719665806,-0.7095544609583149,0.7041664577474013,0.3686355827549502,-0.4933873506839566,-0.8049821609458458,-0.35363640313159467,-0.7208607735234608,-1.0920523837931742
2024-04-08,600489,1.7997011020306843,1.354379093742813,1.1211664367315988,0.6255826353389499,0.18539001147866555,2.4856535640423005,-0.17521689896831746,-0.18156838510644874,-0.1887221524417915,-0.19902492117567983,1.6982940891612803,2.555094181026866,2.585049082364911,1.1439035047740158,0.41780926442858163,2.3667650299026217,2.0103137886997073,2.206517816576529,1.882435886302628,1.608573141868407
2024-04-08,600498,-0.19738880990782995,-0.5064568258012907,-0.3848460210147311,-0.395773038129406,-0.16248728455962183,-1.6037798041093696,-0.12812159660543163,-0.1263314542577985,-0.12120399098399515,-0.13491998571075148,-1.1434987313457305,-1.2568298114135004,-1.1470235531129667,-0.041231806301205313,2.1730580098294348,-1.1545513165417922,-1.3461682837488151,-0.6954534282755195,-0.3093850886370199,-0.8107210937012996
2024-04-08,600516,0.36921197734567623,-0.36852656771738257,0.1852998052526372,-0.30984228696555327,-0.44058726690263406,1.1222342193291117,-0.2531830911103115,-0.25351709400734773,-0.25541273703269113,-0.25166892742314284,0.7010488639634852,0.4858637322955154,0.28889218994822374,-0.5382085574510035,-0.6040847299084211,0.744754957515826,0.3050433635963278,0.4073833172366806,0.30073403033252855,0.7005509819004468
2024-04-08,600519,-0.810780093372849,-0.6805795076241367,-0.4741464611937695,-0.663147013592937,-0.7678930161330109,2.9662253861696684,2.9949314503285827,2.994931450328582,2.9949314503285827,2.994931450328582,-0.545251047726156,-0.20124168844496496,0.05415716784151142,-0.40561019884023686,-0.9290953651719325,-0.5777749098232184,-0.04356703327626644,-0.09468616721905303,-0.8221655183510909,-1.3311742718778665
2024-04-08,600522,0.5154607753638388,0.31399769160988206,0.6771812588993756,-0.09512218158166832,0.20664825667410913,-1.0398753334582418,-0.16973458499050728,-0.16635469497166383,-0.16545916856134,-0.17338536272305752,-0.7986889448024551,-1.05138560788818,-1.0467399639313586,-0.2972721563598247,0.31189310570604956,-1.2469628956659033,-1.1130696073718223,-0.12291702478015934,-1.1472253812182902,-1.0798365679218507
2024-04-08,600547,2.994931450328582,2.9780221613972504,2.9522101092198527,0.06443378715370898,-0.3154528262238981,2.994931450328582,-0.008461496314851703,-0.028206695663916263,-0.04408795635035955,-0.06565055745029859,2.9949314503285827,2.9949314503285827,2.994931450328582,1.8444032617397488,0.9594294643889345,2.994931450328582,2.994931450328582,2.994931450328582,2.3068217997287874,1.9342690537038707
2024-04-08,600570,-1.2165526106778053,0.11726240945972072,-1.003711118392931,-0.284449889579468,-0.19495172190768198,-0.08180495840510793,-0.07807272287442657,-0.07279505563978289,-0.06748718764182456,-0.05969922579250916,-1.6340754680117073,-1.532296702448233,-1.2672769315263552,0.7794483305025643,0.8428059621590069,-1.3563533752353731,-1.8209494478944142,-0.9434729905700368,-0.6474661864684034,-1.236957684847235
2024-04-08,600585,0.2847049944868739,-0.9837488072174719,0.09612587436763487,-0.5133134618764802,-0.523737380474282,-0.7962439180799428,-0.09660334871824254,-0.09626847375193609,-0.09376779936620448,-0.08197746384229754,0.14785487812526296,-0.298669283250078,-0.5070650253375925,-1.408904020046815,-1.140934547809532,-0.18851759996089634,0.012227346843273125,-1.0408947313708141,-1.5408730312614396,-0.5149504701309973
2024-04-08,600588,-0.6846991372526722,-0.0679850503516959,-0.9268141729396403,-0.27966347744872094,-0.3387334517065728,-0.6741713363693737,-0.18134657105420857,-0.17928076436761878,-0.17807466958110763,-0.1694891299357891,-1.7901526585896868,-1.388919385406819,-0.955685404030769,2.728052126690087,1.435350125360609,-1.2502448214609136,-1.7243282651413128,-0.7606346040709095,-0.5534808339086356,-1.1586020804399457
2024-04-08,600606,-0.6327491054350475,-0.324360133021152,-0.6274752484330414,0.09240068145617547,0.21492283640640877,-0.20411039864291655,-0.2836898419536242,-0.2829221304954051,-0.28421644896102455,-0.27917895369746526,-0.7049417263404923,-1.2801930759891063,-1.4400889139152337,-0.6488689076813413,-0.16083347444595736,-0.9639221715612402,-1.1471279347986012,-1.2319642367824206,-2.0963652058581235,-1.0058457132194731
2024-04-08,600637,-0.43206343439133876,-0.24113094052690234,-0.5924898614707784,-0.4104220062191163,-0.3703031995217952,-0.8615010432418485,-0.2332363694050686,-0.2326653297507563,-0.23475863876312755,-0.230662400429252,-0.4771830823291217,-0.23630069604817502,-0.03923126278563653,0.5299865912815914,0.0366369878493875,-0.4024283854948298,-0.5024892759416653,0.03409734668204584,-0.0450119610974824,-0.6290951440905793
2024-04-08,600660,1.406792450791428,0.06909065574691386,1.255972626812156,-0.5317247712315057,-0.5899866753302795,-0.09201725320700095,0.10387536537806283,0.0967216899937787,0.09403159501446437,0.08558470334373408,1.1271958056997917,0.8495278633620271,0.5478490586335077,0.1653822885257267,-0.4607572016148872,0.8618092435782203,1.4175221412477166,0.09291816628459339,0.6564323511809556,1.1086568210098204
2024-04-08,600663,0.16763872731948934,-0.08247061292440305,-0.36853555332854926,-0.6456852567780823,-0.7328495844684485,0.23795045234238893,-0.2195002395492269,-0.21947608274767927,-0.22095223444709383,-0.214059410225932,0.08640786112576541,-0.006706452900803203,-0.04772462185291905,-0.7857311888457863,-1.0820758942885371,-0.13931293985018506,0.14586583101934097,-0.20931249233113164,-0.4536136792157717,-0.4556875323860515
2024-04-08,600674,2.0402874995093256,0.510474331503154,1.980516302565993,-0.4875384629398019,-0.5921898792678466,1.3745861128519479,-0.14422462954394413,-0.14372142075916944,-0.14728780089246668,-0.14660868407255664,1.2009193956746818,0.6691169376268946,0.24895106910614298,-0.16539726866661958,-0.7072787336785564,0.10115459401745483,0.6784298380836693,0.09428609232186304,1.0920019952301465,1.321925833048194
2024-04-08,600690,0.6250806734122129,-0.6275695370718407,0.1238574069418137,-0.22735411559668015,-0.2785100670434335,0.14699605636376842,-0.06184831029064889,-0.07134757880061172,-0.07819522490740333,-0.08013978097319177,1.3681898431153188,1.7422044848148532,1.657134381736562,-0.6050560554469369,-0.24196190272023332,0.9961779040328196,2.2273663944684987,0.7799427762436831,1.9521842771673945,1.4983156686501913
2024-04-08,600703,-1.0120634468936915,0.320198483910946,-1.2722573698754547,-0.3219139776043577,-0.21283424604446702,-0.5521052751792817,-0.1804766835964748,-0.17874428693771618,-0.17637410004364296,-0.17144414842470634,-0.8995027997572678,-1.1311198045239534,-1.1050630140617759,0.2781243732166878,-0.08207406059788126,-0.7667922189763082,-1.0659506572485744,-1.1766649952058128,-1.0394225940807027,-1.0168246139879347
2024-04-08,600705,0.24937591084155974,-0.9846260254497218,0.21733945358418985,-0.1228218665163152,0.07024170271525902,-0.5782397362027327,-0.27258360441186114,-0.2721723374660361,-0.2737556755154332,-0.26910879667952975,0.014112238531956907,-0.29272219005377786,-0.4188842619893591,-1.1312591287779417,-0.9353893996408968,-0.20619178222140164,-0.36735497783715965,-0.5758408336552073,-0.6814641653960332,-0.7349553612545741
2024-04-08,600741,0.9218306609777833,-0.3035759284582199,0.7988220319159209,-0.3525132039413183,-0.5888885492027641,0.275434982862713,-0.14266692409637444,-0.1461507525172189,-0.14804473095365275,-0.14309551757349623,0.7354059113187973,0.7332942175998393,0.6209813255186781,1.0656066523342123,-0.29770743688771745,1.2823222245450312,0.8739029009847823,0.2866620615419651,0.5934155836225623,0.9949679213092221
2024-04-08,600745,-0.8162321776203328,-0.22821551327423845,-0.6809229903776117,-0.5560677948879851,-0.537846978795086,-1.0927040847727731,0.06576215676479959,0.06779239764167273,0.08035134570862836,0.0832069315187315,-0.9206003019632154,-1.0874507582687103,-1.027712048264634,-0.0362784780745419,-0.1363041519850285,-0.7917988434449678,-0.9689190381676497,-1.19031863022016,-1.1457235098017484,-0.9244143228052386
2024-04-08,600760,-0.5497121450324234,0.050127676049840544,-0.6238675898457272,-0.5246408034230337,-0.6394566860584134,0.3834679093301579,0.051054989746836504,0.05641502724147427,0.0629167232993095,0.07771458919726328,-0.6858121950267889,-0.9011821941005782,-0.8918602142865532,-0.8266964350609867,-0.8965875294170172,-1.0469838187453602,-0.798748790020297,-0.9730589745529338,-1.565745815198598,-1.2084291873724586
2024-04-08,600763,-1.1975867612458333,0.5364711469812935,-1.4026481948754634,-0.6659606364784388,-0.7525426623361055,-0.27720299988176406,0.12457059489577434,0.13080319011608127,0.14483674072127256,0.16851855474075841,-1.3014967165715803,-1.3500495279759706,-1.1921764823110674,1.0474314392628856,0.753888062171296,-1.07541221059345,-1.3919671386570158,-0.6772140316871177,-0.9312744760222054,-1.078320294283448
2024-04-08,600795,2.7083508683203394,1.7832852746664567,2.981027751546474,1.1425460093928443,1.191276660554325,1.8977585642179962,-0.2558534433061453,-0.2555820260016898,-0.2578500518297102,-0.257012874696026,1.9154058463452492,0.9193186057719058,0.17719580702179527,0.5560519001568744,0.14120270505613713,0.6795204728887565,0.9648342361279381,0.5242497152019883,0.6114172062003176,1.7801064002815012
2024-04-08,600809,-0.7614024396285103,-0.7616232595938757,-0.29619216896159517,-0.6633455437579976,-0.7565952535414704,0.8315428352489529,2.1247048494569967,2.1092813405185606,2.1023739415578007,1.9493523160478874,-0.23485110769784176,0.06446677329704345,0.2520051011665148,0.21591248122532064,-0.14519554597348378,-0.009790221646451673,0.13354736580499305,0.49952565200779325,-0.23062319546555388,-0.15023914624363321
2024-04-08,600837,-0.40437765384286767,-0.9090093405108799,-0.41072984326838946,-0.3579383048523793,-0.4133566474602998,0.4055693677290902,-0.2166882777672505,-0.21588269618889774,-0.21623908326610866,-0.20966967762592723,-0.5281993109314755,-0.6272815473006288,-0.5826963358798379,-0.8006117376059796,-1.0830839351487977,-0.6076214613722701,-0.5667967591218123,-0.7567561477837961,-1.1034311417029956,-1.1200066646500697
2024-04-08,600848,-0.30404578105693547,-0.6133807420825871,-0.5251390103881793,-0.6450946712450449,-0.703515162158374,-1.0560024612146481,-0.20724089537744472,-0.2062159802349925,-0.2071256453294285,-0.20046228251837003,-0.14283643932256457,-0.3710642384729867,-0.4389322757435641,-0.681245443498142,0.475344805149223,-0.30913692175246194,-0.1584460923143063,-0.5044319158140864,-0.39101386822987644,-0.7643089808739644
2024-04-08,600867,-1.1087445607529784,0.8313663029184024,-1.4652807305833377,-0.26389923696117024,-0.4415393277924941,0.0007287272348240741,-0.20157651193173687,-0.20402958165274795,-0.20651505508007179,-0.20229823986365508,-0.9014053183855874,0.18994650525969323,0.8561684246349527,2.4038366849997836,0.369561210504556,0.4762989945455708,0.051790301412478895,0.41571382242440463,0.2263246011093646,0.12744699945697965
2024-04-08,600886,1.802066134987766,0.26642251322308397,1.8046449048333866,-0.46959178090384684,-0.5466885601282624,0.7272128858761205,-0.1622899667475769,-0.1624070308648334,-0.16535824455318185,-0.16433153923554766,1.0179283929430423,0.6118264117521157,0.2773360079888534,-0.21669301275628633,-0.6447183384502359,0.11908040519064395,0.7998865179950362,0.10235129843753421,0.7476817570195218,1.227600371797132
2024-04-08,600887,-0.1793091354681484,-0.5366522407062874,-0.06915048579333397,-0.1484845318581974,-0.1933671378114323,0.8524100380073678,-0.05165242008837464,-0.048552349137580705,-0.04803408506934285,-0.04359663749720855,-0.37934792039569487,-0.5009258642641022,-0.4867261065925635,-0.8161264201107494,-1.065827553320543,-0.5728038225983291,-0.5222328842702277,-0.5632378225215321,-1.3270918537476084,-1.224761768029331
2024-04-08,600893,-0.38168404694804825,-0.19584607931898354,-0.3362440924695638,-0.5742558273206805,-0.6497717044716587,-0.4703174886513618,0.032989652543203726,0.035128007711565615,0.040748764907373815,0.045007285174821936,-0.7382667970506452,-0.760837802620053,-0.653182821720242,-0.6454924050542485,-0.777610386763539,-0.7516428511793054,-0.6818071678119825,-0.7811778862853392,-0.9642544606734291,-1.1138774867055066
2024-04-08,600900,2.384732800863695,0.8711587020440791,2.37788115396253,0.7814466103324856,0.6619728355049316,2.2268877402284915,-0.06977844711463997,-0.06883726931729395,-0.07089841911756974,-0.064960347921996,1.4073238073113854,0.5583167087924766,-0.028981270857028806,0.10996506887569751,-0.7345396288120816,0.30236547821765725,0.5441392794403993,-0.23366652515407874,1.0293200505483147,1.0109929654292114
2024-04-08,600905,1.6366325960226102,-0.36910516729855314,1.3103079771184334,0.5635522467352508,0.6765378089840498,1.6703907433770753,-0.25648057147334863,-0.25649302541095836,-0.25844550347784323,-0.25549613925758097,1.2280785166021941,0.6187730355488485,0.16181804805306282,-0.6176748462510246,-1.0426254532106611,0.5213734214601627,0.8013462323147967,0.16308481208203346,0.6838320817785257,1.164424316643612
2024-04-08,600918,-0.6973713436962587,0.08581647185493453,-0.7257458671849459,-0.3713966480586309,-0.4322041769992535,0.7157843548590558,-0.23689798870390122,-0.23595504983978163,-0.23705465994872527,-0.23241380710731996,-0.8338063919832018,-0.7290698702315374,-0.5484522788098513,-0.5724057221624392,-0.3696019195721007,-0.9270646377196088,-0.6774189575456305,-0.6090688091511922,-0.7620083420121019,-1.4094051849184086
2024-04-08,600919,0.893288438985593,-1.0937541699145916,0.7383186989317478,0.5484878667875565,0.7085000471971732,-0.07392280101517508,-0.23596741142353495,-0.23644091619139154,-0.23984016257388996,-0.23767838028444835,0.5559468452383075,0.8262029007811066,0.8642328780146085,-1.05672019959252,-1.1412824823069954,0.25939574158679835,0.7991145317947258,0.40526127812758445,1.3159438666644128,1.2000778680778725
2024-04-08,600926,0.7821578223445173,-0.7345746967632645,0.6210508283687112,-0.43638246680858933,-0.508986229750231,-0.2993814150162019,-0.20444916353634587,-0.2055479140015289,-0.20891704647423553,-0.20534896597875274,0.7469280988924848,0.8310829636787137,0.7533423857668201,-1.016788352056945,-1.1523238534094726,0.5125272178141541,0.8799939645271673,0.3596422802773207,1.3457023760178057,1.3570756565920576
2024-04-08,600928,0.6877844406417525,-1.0891935143461953,0.5214656209378938,-0.42364400399077184,-0.48675690641844904,0.08725563141129584,-0.2698121025116398,-0.26943933923823044,-0.27146470053024346,-0.2673591155252826,0.7604627526072255,0.2907360906760065,-0.025023260208171465,-1.2456038485815932,-1.2802014229894527,0.2927161252206511,0.1865180571535249,0.03409734668204584,0.04157946611906027,0.417073127679429
2024-04-08,600929,-0.2327689985021626,-0.3431543605514544,-0.12265992661104297,-0.4912996919913073,-0.6418169021360205,1.3740064409170705,-0.24624422138931928,-0.2474842534748582,-0.2502101044121389,-0.24519476204766408,0.8463445491110385,1.0926097732851268,1.0643468517603605,0.24763517994312437,-0.5716760065351923,1.2971282832532898,0.8882839139005146,0.967123027963154,1.0595628630044056,1.3772939514661189
2024-04-08,600933,0.5507817750791888,0.2078932254725189,0.3768969022753223,-0.6371206543352295,-0.7182084620990209,-0.2173279128343383,-0.11519466438469102,-0.11430626205545354,-0.11250938768117126,-0.10251464835694257,-0.2666177425250635,-0.49146492658123153,-0.5404742345556027,-0.44176831724480997,0.034908427471986705,-0.3559627109118647,-0.27529625203356944,-0.727074223497803,-1.0868827490329052,-0.740749601776606
2024-04-08,600936,-0.5557782160030038,0.028971344548735647,-0.9529338199169435,-0.5665654249323804,-0.6391174918932891,-0.681315009384092,-0.2736962511601252,-0.2729922369343778,-0.2749314402104756,-0.26993704811349295,-1.152919417871824,-0.7493356317851035,-0.38370726067454874,0.7305479070866513,0.418838219674723,-0.9639221715612424,-1.0527256345394602,-0.05109864469958091,-0.36391801073040314,-1.029073406040228
2024-04-08,600938,0.26996885808761023,0.6370608956993105,1.0528446025096996,0.09528492991860359,0.21003108922409797,-0.6052349808207811,-0.03006707317205195,-0.037812678323870294,-0.041600179549261394,-0.0697193426196427,0.7609995897269999,0.9908295724440077,0.972352556311483,0.3364343993727243,1.8487146515585058,1.110485426961884,1.0049376689531275,0.8220934989437718,1.0107075522955835,1.0497223173613055
2024-04-08,600941,1.054233108347204,-0.5427940868283438,1.1117129023979622,-0.6005524545341847,-0.6581353776065763,-0.549237175514419,0.6642649576264741,0.6651650769460418,0.6541648864925552,0.6580324074511975,0.7006237985849731,0.46278029299496914,0.25620570538268306,-1.118570702448993,-0.4215090594145901,-0.23854225296004508,0.7193569633643572,0.052781066956424656,1.0374862180834925,0.6794724429557002
2024-04-08,600956,0.8234650056922438,-0.8241326085236079,0.262763703331192,-0.5522826532395676,-0.695301949002945,1.9281203668591218,-0.22144231387346963,-0.22332252469792432,-0.22581677164031624,-0.2219277988485821,1.8477142439786503,1.3944985587509946,0.8769421126953126,-0.7954523721425832,-0.12646782817253752,1.8947050098360334,1.4952543493396224,0.8792218953361178,1.0350052956040179,1.7263191087786292
2024-04-08,600958,-0.20370017005992927,-0.9727511429072436,-0.05512604741488956,-0.2981465245944827,-0.22996726693770295,-0.2574639307107173,-0.22413289601018088,-0.22313020260041205,-0.2233542258412576,-0.21786591577452108,-0.31899789077044693,-0.6483179790166771,-0.7385270601007807,-0.9525353117319004,-0.794852082209494,-0.49822939390903437,-0.7271204562485495,-0.7677930594099444,-0.9667817883188666,-0.9564956217281639
2024-04-08,600989,0.40914368098255766,-0.5936076640300982,0.6179969763556636,-0.28822029439490476,-0.4761080474346764,-0.27837366350125203,-0.1431322127365576,-0.14828654002117075,-0.15489242490718264,-0.1574484247145496,0.6993345841833265,1.4860826148209374,1.717421474451602,0.20370059857200756,-0.40807194767416866,1.5066800112710164,1.4595646443078234,1.2892887044298984,1.871436041261108,1.3559228967822687
2024-04-08,600999,-0.2990467895005881,-0.927390068180831,-0.05779719484219189,-0.5005455253927014,-0.6001799194425472,1.278555149715485,-0.1694513658182219,-0.16989747045215264,-0.17180728867448708,-0.1680120815452215,-0.06292829285227285,0.06998052437682072,0.1544015517507568,-0.7321735351485427,-1.1812612607374622,-0.04694908826130365,0.047273826619289847,-0.02068543038485699,-0.044054215968865613,-0.457518896546412
2024-04-08,601006,0.8891865627711418,-1.0006461737997,0.7339902941813715,0.34514709894583606,0.5945996054011982,-0.022868106244704745,-0.23558304254686185,-0.2356108945073913,-0.23803866902826715,-0.23200485796180062,0.8180945810037004,0.5491098986479279,0.30839771779396,-1.7088449538010522,-1.5899795480414696,0.2855047144228091,0.5040753010115968,0.10566707337333898,1.0856178430511558,1.6233889495106382
2024-04-08,601009,1.371731599850933,-0.29399570916748397,1.1175076731728206,-0.4502236896188863,-0.48821228510480336,0.7746068357461063,-0.22510393317230226,-0.2251647679477785,-0.2282288554352958,-0.2280430552693435,1.2209452396419789,0.850912656494056,0.4932942796668042,-0.7702805864100849,-0.8393744992120521,0.4103366036692592,0.8112321282369809,0.5262341377466039,1.062200527651112,1.7273405521473584
2024-04-08,601012,-0.46003057449822343,-0.7239940195081495,-0.570937743260722,0.39284522234218344,0.934899167953134,-0.9720657761763112,-0.10453348554223359,-0.10359695788871871,-0.09756254207295059,-0.0861946440602267,-0.38657017704249896,-0.8667829908943054,-1.0183865196509727,0.11558341048097699,0.07706770876121177,-0.34504106607439633,-0.6138143312252577,-0.7724150690656449,-1.0294675371882862,-0.7103433953825702
2024-04-08,601018,0.5507817750791888,-0.888828713041326,0.5214656209378938,-0.311606536121449,-0.4636561457333467,0.7229824499112344,-0.27001440192041504,-0.2700264277464257,-0.27224686159346906,-0.2672987221915561,1.018204068624223,0.7136744953730383,0.42143131353452434,-1.4187742823830711,-1.4014443170054611,0.8099010096273364,0.5901381850606019,0.3686635923406401,1.030691128358005,1.7034324066845787
2024-04-08,601021,0.17857365513700652,-0.8517117725888486,-0.01586663086392336,-0.6706205342883138,-0.7621554010044089,-0.5963284864471647,0.24858013247502284,0.24113534079416227,0.2388676391222126,0.24475219714178492,0.18210957297423727,0.34705663230283196,0.4057000788185878,-0.2631519278241742,-0.82403605601608,0.29408868000171906,0.3834004165598147,0.21794132808450356,0.07818744443029117,0.4701655663176598
2024-04-08,601038,0.43901198611591613,-0.15687614521876195,0.4954252927315868,-0.5943301743749042,-0.6781378452992889,-1.098117592225456,-0.14025956113194854,-0.14542195298980404,-0.14705062947329506,-0.15330716754473378,0.5545386648253046,0.8103488909614404,0.8424009885018368,1.3678679345744917,0.3940795036024967,1.6712057753154081,1.167344305914868,-0.23415908045144246,0.46077828208792787,0.8618012976334952
2024-04-08,601058,-0.4151295059028726,-0.13063008992174913,0.07642867664353309,-0.3413604799629136,-0.38715639521685313,0.22506441841810937,-0.15810236898592853,-0.1616174980434673,-0.16713955329717306,-0.17156838613980083,0.05723161424865611,0.959247526741285,1.3699295526996376,0.39316177497636284,-0.09025120658471564,0.3364574550141054,1.3695461411967917,0.599054835254015,0.8950119082743728,0.9484093582455954
2024-04-08,601066,-0.45342963459721236,-0.8186137487892851,-0.4612721646144903,-0.611253619705785,-0.6645013609129256,-0.1269256673642373,-0.08841022266284355,-0.08696615756173821,-0.08387724656670668,-0.07563098722955473,-0.60845004895373,-0.723244724311391,-0.6757388958208789,-0.5647612218923269,-0.5538694088090579,-0.7028669239458085,-0.696872208805402,-0.8499922102582255,-0.832560669420707,-1.0400645237997546
2024-04-08,601077,0.9929419671148296,-0.30603924159159085,0.9615498086312945,0.18458513281943736,0.3105738330747271,-0.31926358088667095,-0.26178081598326103,-0.2615844998872037,-0.26458672937426614,-0.2616683379644273,0.9622072397000859,0.890975317002753,0.7066887997209216,-1.2944222664462428,-0.28961413888192905,0.20545902340831965,1.119181201167465,0.5479625623765297,1.2233618375649622,1.0907046100065878
2024-04-08,601088,0.5375195633937486,0.11407575076988032,0.6868699966315656,-0.3004237823701779,-0.23234402322548203,-1.0571085503192275,0.037217710186607134,0.034044930636101894,0.025423454268560134,0.026112799337537206,0.9784226959242525,0.9654399789689058,0.8023711429250678,-0.2727023078056152,-0.168636934376735,0.427885836156257,1.0885065694001035,-0.14239061985309506,1.2268130315184285,1.1815215508499732
2024-04-08,601099,-0.1645802444721452,-1.0344314303882713,-0.07890893045061295,0.8307557754324203,1.7678691861990543,-1.171058558881569,-0.27102589896429147,-0.27048192745106,-0.27155048593717784,-0.2665981595203289,-0.28220133546476944,-0.7290301780082798,-0.8783119725277255,-0.6262526526397099,-0.3068772173573369,-0.2670878527510989,-0.8910687445019122,-0.7567158946411054,-0.9853808566647428,-0.7715399843148065
2024-04-08,601108,-0.0815382198249277,-0.501779779652966,0.040927344820059455,-0.2795803394664337,-0.23835251425980158,-0.19834892197697992,-0.23060647709098994,-0.23032709793363368,-0.23072167843680189,-0.22597932877971863,-0.21109354920688858,-0.4495155762833866,-0.5124410479263639,-0.5656684523392029,-0.6097243553098965,-0.16763698215754014,-0.48670568344160453,-0.6389167699752251,-0.7620083420121019,-0.7200536431515825
2024-04-08,601111,0.18321364796013437,-1.100721352229492,0.18217168938288772,0.081449268177356,0.0500386749861596,-0.875547771086239,-0.22815865424480902,-0.22844436582114533,-0.23017164259234005,-0.22550135868136903,-0.0322660176057335,0.0665837075038203,0.13071735588722533,-0.26717115642986833,-0.6126677524153603,-0.08452725801732523,-0.011656255218843684,0.3015842023048075,-0.4205947332009235,-0.1672769486142631
2024-04-08,601117,-0.22385946478387414,-0.3176300096388628,-0.22038231097848104,-0.12114937499973318,-0.009091697430870004,-0.00871347681002519,-0.2383950043288383,-0.23856658147968485,-0.23986034737552156,-0.23691914980331544,-0.09242305066578106,-0.09482458830798812,-0.06726138903143004,-0.7686386747725792,-0.966596256972566,-0.1075720289470215,0.07894680291571311,-0.5779045342653719,-0.5108809137102756,-0.45096748850219454
2024-04-08,601138,0.7283404579879523,0.5666420103665122,1.0871848996745423,1.497331648708061,2.994931450328582,-1.5862627421163435,-0.09031183710533121,-0.08470890346988395,-0.0796081610216173,-0.12547964488739213,-0.7209252640859438,-1.2259652079036363,-1.3506753618313254,0.8641595469995734,2.9949314503285827,-1.4633002508109152,-1.378211507452746,-0.3126131206191099,-0.11897760378406216,-0.8654309304397059
2024-04-08,601155,-0.47896711033136113,0.5377686722493686,-0.5575298538244096,-0.45368656731589585,-0.5243891606403405,-0.37140589138646674,-0.2087783708841369,-0.20541632519796788,-0.20523332017646337,-0.19663161963629042,-0.9493989230062795,-1.2792852310795482,-1.2955132764263326,-0.026541452188662794,0.4703478663901974,-1.7512977721465697,-1.1073929938548883,-0.9755703906114943,-1.1131575069957012,-1.2805112049891887
2024-04-08,601166,0.7885549963034628,-0.9965191058698418,0.7361414591928538,0.6169816078938241,0.10130821263838416,0.2989015359318473,-0.16629549504132748,-0.16202238666980887,-0.1626736659361753,-0.15874946967540007,0.00401981397853249,-0.6352566163285703,-0.9099457536032209,-0.3647694302523811,-0.9885225539617667,-1.2274766062194205,-0.48318185306125133,-0.8214986208954798,-1.0160498518115533,-1.1281001036570164
2024-04-08,601169,0.9984142467192295,-0.5200297560578531,0.8492501414698503,0.03724572057159926,0.27558066127585684,-0.6552162865905944,-0.2518479150123947,-0.2515837508165667,-0.2551705194131116,-0.25424858553517393,0.7599604612781109,0.8983939536808938,0.8412639849046306,-1.3554798146772677,-0.7864028734163289,0.21991054282633837,0.5959331270371164,0.9977867491958313,1.7603376063417655,0.9932544130526246
2024-04-08,601186,0.1521971939085208,-0.9998865978003512,0.25596489426861385,0.41535893233489,0.36880568054786445,-0.5798738739979115,-0.22261565044436626,-0.2226544584644607,-0.22566538562807906,-0.22262145942452627,0.010101045496724012,0.3076401830744593,0.45463105163713524,-0.8000374451006824,-0.8584203126030644,-0.08836574527950199,0.3218319354164703,0.235144476215045,0.7400666581375657,0.38653191713576995
2024-04-08,601198,0.08288133900525158,-0.7110772620149552,-0.055685662634690075,-0.47288560210175706,-0.4828112272962258,0.038563098631414224,-0.22494209364528198,-0.22482061261538813,-0.22576126343582928,-0.22134629732098715,0.051647707036665984,-0.16359867511688012,-0.25410190380949554,-0.8055499351343185,-0.6917403567533509,0.07201360037695327,-0.3506494289816706,-0.2857127965386799,-0.33454727080633423,-0.5125922045141977
2024-04-08,601211,-0.15840849371522542,-0.771345737175819,0.26312660698443247,-0.1178833591470695,-0.34194864483172505,0.46006669263102223,-0.1735175839346051,-0.16998857039307952,-0.16871901402484793,-0.15956391691879718,-0.3978245045032163,-0.9742864085202404,-1.169307618332942,-0.6366372070659624,-0.9667240324156863,-1.2242923811218511,-0.8902299562073123,-1.1050842367091962,-1.346767449125368,-1.1671229110226058
2024-04-08,601216,0.14590822610326762,-0.9033129155452928,-0.1910516353276246,-0.34562609797719196,-0.4016769418512578,0.4518638624089892,-0.2697109528072521,-0.2697834945706208,-0.2712527601131114,-0.26734358581089573,0.7594596948164213,0.23231888447616333,-0.10767847537381381,-0.9165489027598512,-0.8921278519583453,0.741048173879071,0.22602649263445773,-0.1783885134798225,-0.11551673710398595,0.18477962969248113
2024-04-08,601225,0.04036802322215162,0.6961999829954489,0.3141236428560469,-0.11667716327027264,-0.05127530610399357,-0.6573936345261119,-0.07489662215665467,-0.07386801049958809,-0.0762322529487275,-0.0739330717899303,0.8297328558630412,0.33248823816732465,-0.0068177402094003236,-0.14643754636139614,0.056652722494633795,0.28214372913756275,0.5230099911290931,-1.0466970258072887,0.6521777936293822,0.3105795212755889
2024-04-08,601229,0.796048753211069,-0.7718273692136706,0.6357088940943809,-0.3228279393026129,-0.3345645996036211,0.1293375901690768,-0.24715456872880806,-0.24720083143641905,-0.25040690622804734,-0.24739135387148722,0.7020300129412028,0.8012026747102872,0.7383165346915926,-1.419796366113449,-1.337997223767697,0.26429167034967244,0.9003433989631923,0.550628014880408,1.6275614280235433,1.236482045495331
2024-04-08,601231,0.18157637345180414,-0.15077033064200346,0.09292263347384885,-0.6211481518117818,-0.6794012936241287,-0.4636031667817719,-0.16619434533693983,-0.1662534728150784,-0.16506556492952326,-0.16152756302681817,-0.08821325144926256,-0.3753782462579433,-0.47786857106468383,0.31170067275578117,0.09170934817912636,0.07245319794550355,-0.5191164631449112,-0.41434783561922844,-0.17915741177136624,-0.5134929159719153
2024-04-08,601236,-0.1699713785325324,-1.024769433690657,-0.24718608381163523,-0.5073639521540687,-0.5033852511404424,-0.7833813496843949,-0.23337797899121132,-0.23288801849524418,-0.23345671905788754,-0.22771693126722048,-0.1517576773546943,-0.4484808852174176,-0.5463623208112898,-0.8294370937982634,-0.6818323585684715,-0.25642435343140385,-0.5151386602689333,-0.5844660069455913,-0.8279804766137309,-0.7655766320818802
2024-04-08,601238,1.3439551020203053,0.8962395167657325,0.9316373343526168,-0.2811705271610858,-0.19107156439097153,0.6965617469874729,-0.2154340214328437,-0.21501218564226335,-0.2165721324930305,-0.21343131955517666,0.6228175280375856,0.15773548604739027,-0.13291804415434996,-0.4488233254708216,-0.1108936716255653,-0.27627714443233015,-0.07787098206934086,0.3013484618327537,0.18142171346269254,0.058634738059985175
2024-04-08,601288,1.1617396079932916,-0.4837433538814767,1.1526314902208108,2.9949314503285827,2.994931450328582,-0.08806519777107923,-0.26578634427701164,-0.26569411944457083,-0.2683259638765253,-0.26559735570429005,1.2007894480278944,0.9121753366503369,0.5918243775837106,-1.2911051881383455,-0.8262352551571333,0.8102545343757441,1.0484696988432138,0.22873209122056068,1.1307798084655178,1.562914712526671
2024-04-08,601318,0.1945902641624641,-1.0559141372680771,0.29585328309301884,-0.1438980401597734,-0.06563116977624946,-0.3098461202051229,0.059045816393460245,0.05911765882230429,0.06540954630081558,0.07320752097744707,-0.1948432122623973,-0.44290004572615344,-0.5125071017141524,-0.9223359472670928,-0.7173668384752304,-0.4023547455716167,-0.3392628027280391,-0.8581573641078978,-1.0657007199667496,-0.7046253162095001
2024-04-08,601319,0.4579462932811528,-0.5849420977289311,0.278934526179539,0.05232122265739208,0.13657329910013247,-0.4431926046761468,-0.25391136898190253,-0.25446858227925045,-0.2568509041489446,-0.253092484575267,0.4644319376816614,0.650302850109484,0.6686320755779597,-0.793558173439208,-0.8909457089591125,0.4975269922833532,0.8419181635149835,0.1334337515709965,1.093746996825738,1.0033647747281251
2024-04-08,601328,0.8737166296195025,-0.7884658035588822,0.8036203115655488,0.831936946498495,0.8428314040623972,-0.227845684242776,-0.24672973997038,-0.24717046478944343,-0.25028579741825757,-0.24703417044059062,0.9848956510248821,1.0207429004351236,0.8768031907093484,-0.9498957313980609,-0.8001831126949082,0.9841013224527967,1.1251224142005882,0.4287139441255147,1.3952998916067976,1.4656759133672592
2024-04-08,601336,-0.33738057514880243,-0.8467118459973301,-0.07832902481100876,-0.5684002996652023,-0.6059372709572,-1.4098817508266241,-0.03745100159234978,-0.0364967902882601,-0.03420749595167751,-0.02506968823374493,-0.05632056970344286,-0.32601741806731543,-0.4251563849562925,-0.11869388217997122,-0.16498163786100328,-0.26185157711708945,-0.4205824321230691,-0.561993829927302,-0.23247739421327487,-0.692070386523741
2024-04-08,601360,-0.3888086329965442,-0.7766244243105968,-0.4426214783640244,0.3651305225211035,1.4289775391216746,-1.515564429936427,-0.2189338012046561,-0.21692528440172731,-0.21667305650118868,-0.21850263406438025,-1.095903656579645,-1.2078488584794866,-1.1023320097865381,-0.1503867269138492,1.229279129823517,-1.4022670789444882,-1.262776531528289,-1.1020417383868373,-0.45558275318119745,-1.1280919628838721
2024-04-08,601377,-0.13946066210621796,-1.070129678882241,-0.08095028734701289,-0.22621437449502269,-0.19180796331341815,-0.695407562559006,-0.2502295197421924,-0.24981236307632226,-0.25076518645700874,-0.24607823024389147,-0.049633857680186175,-0.3890951553003963,-0.5208109569136538,-0.6165051220081443,-0.8449197387693951,-0.10048425272592927,-0.4428000385418766,-0.6648829037774348,-0.7894400543378682,-0.6982138145693254
2024-04-08,601390,0.414399031080263,0.23087504601724876,0.7405224903747749,1.0460642419217228,1.3693225943385576,-0.20783672773604758,-0.23600787130528997,-0.2370178824839283,-0.24097051146526116,-0.24050823935048915,0.32928165446847263,1.0363283021675667,1.3080551920067762,0.022178868132241677,-0.02534013985501216,0.7122846854854871,0.7380311236951954,1.2951547341644403,1.2762658541932224,0.9854440104836565
2024-04-08,601398,1.2432897782509693,-0.6466295026727907,1.1076490688191507,2.8287269316001162,2.994931450328582,0.24642759504083672,-0.2568244804682666,-0.25659424756754373,-0.2592478493427005,-0.25552202211489233,1.0878432218138263,0.7401867526451344,0.41702364889783017,-1.264722417798911,-0.8971215253998599,0.5287307306061517,0.8376099871644419,0.08591568776048089,1.164446000865316,1.296446928854044
2024-04-08,601555,-0.1600811122737102,-0.6117969941953545,0.14935631169353586,-0.18954218270275558,-0.15348014131593013,-0.8013613361124668,-0.23898167261428663,-0.23936623651670946,-0.2401429345983644,-0.23551974998468184,-0.04448242409967707,-0.15648941908490463,-0.1859223362668017,0.08594572537761246,-0.37740117441163257,0.418889286377867,-0.20170845862457035,-0.3185083881912163,-0.34178474886429855,-0.3339757030316279
2024-04-08,601577,1.0757266765090159,-0.061439945300026055,1.0713317954142934,-0.4932861058557233,-0.5380705512977993,0.13352853383414545,-0.23356004845910908,-0.23368767353226877,-0.23671151832098755,-0.23428772597666161,1.0498521827174314,0.8250149410629485,0.5599609204430849,-1.396421444064388,-0.8509591429792487,0.6355247957590843,0.6948754891689193,0.53508543352109,0.9063385258001878,1.52454378834018
2024-04-08,601600,-0.4723781600980463,2.3222731683088953,-0.702767644455032,2.743747401297149,2.15806720685566,1.6926223438411425,-0.23309475981892594,-0.23392048449241518,-0.2391437869175988,-0.24223031212360424,0.4059114749290398,1.334810289893089,1.688552558084414,1.3006647338519997,0.587822302172207,0.5182790259462986,1.1590099782751442,1.7130629029115545,1.1969098292508369,0.9966063260639798
2024-04-08,601601,-0.016718806121373348,-0.7173050209029104,0.02020398893963976,-0.18563358532144333,-0.16780268485465097,-1.1537624815985292,-0.08689297709702895,-0.09074174400237348,-0.09003361106435324,-0.07382091274158112,0.1800638994674578,0.20488953846191255,0.20151898249173003,-0.058629282485035114,0.21094012791229405,0.5623282485355356,0.41151175308885063,-0.8141729769562811,0.5543256650161169,0.15776162531603558
2024-04-08,601607,-1.2049805408681529,-0.1397706624271478,-0.5098628962125513,-0.42045389673063127,-0.5765680902344449,1.5035285521911474,-0.1382163371033182,-0.13841737975409474,-0.13792709913579912,-0.13216087312136165,-0.7327510931172586,-0.49769766429856616,-0.2676990004307647,1.091577091036377,-0.5133427137822831,-0.5231519429082562,-0.24578023234657825,-1.0453373321758637,-0.6920414648543733,-0.8773790976453881
2024-04-08,601618,0.27256097732137813,1.4112838335995712,0.8241563756376397,2.019134265048671,1.2984091200228103,2.271729103496375,-0.2704594606197207,-0.2698948389428647,-0.2721459375853109,-0.2690345991552372,0.5596610304083686,0.22411192432467963,-0.00022929180952496696,0.3771304864171263,-0.183385960760842,-0.5634869310106432,0.06439015780972165,0.14631644158003163,0.16350487757575263,0.16464677925793517
2024-04-08,601628,-0.5971186871968636,-0.42350389090642754,-0.5117413501319139,-0.5286653490940242,-0.6019448477627511,-0.5952459457062302,-0.024908438248282254,-0.026637752236842623,-0.02693087496347554,-0.019194279624068764,-0.5200769642842686,-0.1846230740737252,0.06306757001407998,0.2712250398507967,-0.20981988539687527,-0.3673850479954321,-0.053278978473698745,-0.3788108573263553,-0.013813085537941036,-0.744647036434924
2024-04-08,601633,1.4311320925192463,0.5229938255089714,1.0963146965677186,-0.4768689958617827,-0.5440728896935524,1.0951826955831896,-0.07044603516359843,-0.07311896654085615,-0.07310865489623304,-0.07179342225219212,1.457317591393557,0.6980882515229113,0.13766957064849303,-0.08355938206254157,-0.4717637946632577,1.2107184631765362,0.709114764096875,0.5260166667828094,0.1639132976732421,0.957300551623617
2024-04-08,601658,0.9962091606520362,-0.9494850548755669,0.965880570900598,0.8936014167587493,0.7848226496655913,0.34818471359408587,-0.2616392063971183,-0.26104802245730113,-0.26322425526413123,-0.25938719547338707,0.5116449113067596,0.1668238911070569,-0.05355371109857908,-1.2558238310959675,-1.2276777048078449,-0.1879668908696374,0.2729367517943001,-0.22301561537539688,0.2695516307962237,-0.04309704860466397
2024-04-08,601665,0.6649506630479902,-0.2515360880258282,0.7401533273411692,-0.3131066344975022,-0.38430708432541205,-0.0879976621131886,-0.2633385214308307,-0.263578576371936,-0.266115728097862,-0.2626812204472114,0.91928000019322,0.8780238775397022,0.714521515852405,-0.2303741412182994,-0.9237075393709674,0.7552795753416124,0.859198427139937,0.4716443833600098,1.209573024720365,1.5223584793938023
2024-04-08,601668,0.4537627200670801,-0.8107645047407291,0.3768969022753223,1.4891702237712838,1.5697373645316757,-0.0631649482868449,-0.2556511438973699,-0.25531884839456775,-0.25745140199748556,-0.25396732515239057,0.12712614648671167,0.0928833658967092,0.07176585170107576,-1.276487423828122,-1.4815718473098323,-0.2674973877283433,0.24853022676278622,-0.2425211505454838,0.05065613563861819,-0.4524185385740899
2024-04-08,601669,0.2682137773564094,-0.9841601763990134,0.1776999204020505,0.5626318898075889,0.8669731592311839,-0.7590184993880099,-0.25455872708998345,-0.25467102659242125,-0.25614948229224554,-0.25249372780946444,0.23846005266237316,0.06393998704181086,-0.03741686310886692,-0.5169058904518415,-0.6334319592966391,0.24524040378429635,0.1411201654518267,-0.0654455787991899,-0.19182060724089894,-0.1311363338713296
2024-04-08,601688,0.06464328437334407,-0.1778568374433928,0.30293151133168433,-0.005604540881006296,0.037644943685821775,-0.05525006918225378,-0.17119114073368932,-0.1718308136429337,-0.17219584610589592,-0.1667852341086635,-0.06303012376386184,-0.1059719579178421,-0.1012943920336981,-0.546057012178433,-0.5920890962364665,0.11221880692960237,-0.1595284867255532,-0.34390381507959394,-0.12650700646526866,-0.43781501009427687
2024-04-08,601698,-0.025520068587402137,0.09677777692833724,-0.647778412566127,-0.45258158289579664,-0.45358619410559886,-0.8874918813028009,-0.14365819119937331,-0.14349873201468155,-0.1418025810490717,-0.14004134041075705,-0.2744996685672816,-0.478214373721278,-0.5163995633884911,-0.7958460414088842,0.04529295459511422,-0.45692370651144865,-0.5027006136847937,-0.42657446022382145,-0.5626008947209825,-0.7284329448361018
2024-04-08,601699,-0.9166501760004476,1.1225711891497794,-0.8362199533415536,-0.13732485654348095,-0.1070053469080987,-0.06366380816735696,-0.11307052059255053,-0.1118263192191113,-0.09755244967213476,-0.07768953714771742,0.4300555163161846,-1.2602806207845458,-2.0544988686536434,1.2762342523748242,1.2954477511702007,0.6694208509733609,-0.7844012622741348,-2.994931450328582,-0.9841674617879443,-0.3460461023647092
2024-04-08,601727,0.5507817750791888,-0.4291411918866927,0.4863181801621262,-0.08625005202038837,-0.23132292493664258,1.0358625170262648,-0.25921161349181493,-0.25960054561812995,-0.2617558109454303,-0.25834325356182936,0.7961342491028868,0.6812185676130944,0.5097523383211012,-0.8796074981338291,-1.1087702201976177,0.6700802881804898,0.6457804339178168,0.5781899280056206,0.7390866084293916,1.2751210426283515
2024-04-08,601766,0.3381914319648714,-1.0495015964965768,0.3768969022753223,0.4682814020496181,0.6469308327759213,-0.9179885968910563,-0.23875914326463385,-0.24008491382846578,-0.24312523903943742,-0.24388336394388907,0.403783577041592,0.9308942736142485,1.1093720078730216,-0.48640890835504613,-0.6865020793021953,0.6802269728134656,1.2158657802224553,0.05297753089201196,1.9289007489780037,1.0727968987435454
2024-04-08,601788,-0.7475523561294793,-0.03454363477473943,-0.27239747253452407,-0.34197303171869575,-0.2185672267180449,-0.562451788686313,-0.14448761877535202,-0.1433873876424376,-0.14326597916736478,-0.14168576461193808,-0.7787470161648887,-0.6215935243136225,-0.4228041399991542,-0.4238639598490706,-0.5736213356566032,-0.7135661779514547,-0.6369399443499613,-0.627189601940892,-0.6152302705240887,-1.311213573313176
2024-04-08,601800,0.6061872648287524,0.22363698879479074,0.6116210211370516,0.5526489367037077,0.24035153179274343,-0.44056796106548834,-0.22103771505591907,-0.2234541135014853,-0.22709346034351677,-0.22402948686226365,0.7595534726956277,1.3144873376976525,1.4345053743142135,0.29757850908856087,-0.31864602332883474,1.5891316099962953,1.3509469924443205,0.948803715283995,1.4958920358999617,1.4397977020013246
2024-04-08,601808,-2.8516864861599966,0.9890114744562903,0.7251281224114423,-0.31345753795451414,-0.5372325139824109,2.994931450328582,-0.11392017810940676,-0.12742465354892077,-0.14322560956410152,-0.14754219245958597,-1.2574781543346973,2.3528060085633142,2.994931450328582,2.994931450328582,1.9251311521994716,1.1542469128027812,2.313655268413175,2.925130453534913,1.3819813979101765,0.9176991705348964
2024-04-08,601816,0.8321772914836115,-0.8510240335498311,0.6738326522254041,0.6008200290226996,0.44934635622776575,1.5746358214517489,-0.2543968875629632,-0.25455968222017733,-0.2568155807460893,-0.25261796552455895,0.7946114590330571,0.6001922278570084,0.3953005452501663,-1.5737598319503416,-1.6047569209877475,0.4114456624737783,0.639820973337523,0.23485268067145712,1.1905101498199988,1.6064534905722867
2024-04-08,601818,0.7182294774334188,-0.8649045576616452,0.7316008216704712,2.923277061736958,2.2189639458720394,0.18577250326827602,-0.27545625601647017,-0.2740854362255001,-0.2759457264924649,-0.2723510559387314,0.18510775087123119,-0.6581455955705814,-1.0485291313071707,-1.4388405561339743,0.07299752174251486,-0.5015733360275958,-0.6857688681917565,-0.7885855941508485,-0.9701200826373607,-0.8680915439151091
2024-04-08,601828,-1.0496033447666213,0.7312989441355062,-1.3118704307741478,-0.5572053115620228,-0.6250472065357928,0.2775011445485557,-0.2690433647582937,-0.26890286180832784,-0.2705160148535569,-0.26502275627197813,-0.6877920427289252,-0.40292360530973453,-0.15528924977867312,0.3097484631338422,-0.3408656778169252,-0.13931293985018506,-0.38343406861056967,-0.25175427813272694,-0.6282787444240101,-0.8838516331942046
2024-04-08,601838,0.815172884059561,-0.8165216852517075,0.7764586875236249,-0.5000105505501571,-0.5278046740886887,-0.41491563901929424,-0.18207484892579953,-0.18361307266947371,-0.18795008377938172,-0.18748116681481816,0.7162324684896286,0.9398760817680938,0.9274214040638903,-1.3190888545109742,-1.1365806506319949,0.3716778745193132,1.1443533074527925,0.2879149206667492,1.4270423015837514,1.2733514356612663
2024-04-08,601857,0.990196371969893,1.6726631520985071,1.5264794844114002,2.756388267353151,2.2787623989521086,0.991825089855359,-0.21112504402593016,-0.2147894968977755,-0.22055358461486918,-0.2227111866632056,1.6426359193481566,2.3481785099710972,2.3320877585717286,1.3623613071028275,0.43676483853907005,2.3092716155367237,2.0644856903472864,1.7965567512148433,2.083052107774133,1.5845030333981376
2024-04-08,601865,-0.6439424433870684,0.7030656961826056,-1.2523062845843171,-0.49471252006687305,-0.5024457352409061,-1.5707458102076812,-0.012527714431234935,-0.015149037464400236,-0.02179888914863409,-0.04983440610924368,-0.6161750681939949,0.2115151835290212,0.7061012159694959,1.2542909474101807,1.8787015624938812,-0.3652651869574519,0.4095458776042123,2.1523762404268663,0.6473227374501177,0.15602221843950423
2024-04-08,601866,0.7431684969329886,-0.6867513920671736,0.5799082944397754,0.047656041831920265,-0.14175465048742614,1.4687631897249966,-0.2797045436007511,-0.27979436585691636,-0.2818195037672687,-0.2775120976866144,1.4073238073113854,0.9018298108329948,0.4531474739229595,-1.372396478776619,-1.080146993006194,1.314997886985673,0.8282255532689681,0.399993667746806,0.925041966022298,1.473211867229592
2024-04-08,601868,0.3375229088733181,-1.1521653090420243,0.3768969022753223,1.7348974599068967,1.328190128007533,-0.011840061291995371,-0.2817275376885039,-0.2816163646754535,-0.2836966903190102,-0.27980186779675836,0.5093204271189955,0.4238778262084779,0.31636754806308787,-0.6073335874584679,-1.2844440413930083,0.5468508693799681,0.495367653749676,0.09109752186832466,0.6435059710999943,0.7713298036869436
2024-04-08,601872,-0.8067250547116948,1.3021168316619633,-0.9344397735513758,0.11973250167321006,-0.10080979968047975,0.4372764257307166,-0.22712692726005507,-0.22845448803680385,-0.2324979409803852,-0.23387360025968004,0.01850964880703761,0.8946430356783763,1.300997027568434,0.6728934598566106,0.003976740800064694,0.6437775053691246,0.6326636589223679,0.8424187965219506,1.048745099136891,0.8675619441048602
2024-04-08,601877,-0.8969156830700419,0.11984444295792614,-1.02922410871639,-0.5936300357815952,-0.661055323984936,0.8868038689578628,-0.11058223786461456,-0.10941723189237894,-0.106443854790867,-0.1024059403562349,-0.855318375467832,-0.8447646510857947,-0.7068674721150726,-0.21124427586607233,-0.4854146405467406,-0.7389005834759649,-0.601336016851136,-0.7371835626117443,-1.1918921496434594,-1.071020363126046
2024-04-08,601878,-0.9119231543092956,-0.42300597701273784,-0.29034333770576426,0.5793153750089917,0.43349268463436613,-0.7034154261168967,-0.19736868422921094,-0.19429201018923292,-0.1996522225253182,-0.19889550688912308,-1.8711309579041893,-0.6822297364972645,0.16818435227092435,-0.3987987131609951,0.011504955794327653,-2.209823585685985,-0.6384017222437932,0.03409734668204584,0.055834101471916905,-0.6170713537858953
2024-04-08,601881,-0.7765839081737084,-0.5809151580948672,-0.14213494351231712,0.07761963797654386,0.3462067993801109,-0.881838687129717,-0.1891350982920569,-0.18751012569801145,-0.18852535062588316,-0.18566246470774073,-0.8671506504857102,-0.6895465933417569,-0.4696283184991895,-0.011878600437883517,0.5321824433519996,-0.6570865489580403,-0.9433576234344356,-0.4904441427622399,-0.21246234783284362,-1.0888095566074947
2024-04-08,601888,-0.9072760231028284,0.10297451007174953,-1.082286442830095,-0.4601290658095294,-0.4847952534729128,0.04329209578579306,0.526863199186302,0.5263591336204893,0.5326019186660742,0.5377030038107361,-1.1599949618399736,-0.6206107990891583,-0.18713088220665955,0.20647482124992364,0.28793596227960216,-1.1748301256649187,-0.43366986210891784,-0.030768637178331396,-0.841133500148121,-1.0218082939873532
2024-04-08,601898,0.03799297013805141,0.06164940027774464,0.6060404044782434,-0.3019850525057736,-0.15394422605351366,-0.6837183561885778,-0.1986229405636177,-0.19995032874235652,-0.1993292656992121,-0.19225051465538942,0.9880046176725502,0.2567690406864423,-0.2079920940513677,0.3270169751213119,0.551221257139517,0.8645411700390262,0.6281534872650892,-1.1329554205055299,-0.2670990498739868,0.2096982637488972
2024-04-08,601899,-0.017398040808618242,1.6689627310051898,-0.6140637508716622,2.357392963256223,2.272732253826211,1.4036630535596486,-0.1382567969850733,-0.14483486448160876,-0.15311616236359935,-0.16813114268885368,0.9680496761021683,1.954351336017968,2.2111071999615555,0.4917064189250005,0.42160154117897713,1.4290614812473121,1.8009255037489647,2.2424960938489367,1.256314763176634,1.3252821180766547
2024-04-08,601901,-1.915266205046852,1.0097787750769402,0.07302634712470238,2.3139104082527107,2.11699179226407,-0.2661979606369757,-0.2216243833413674,-0.22269494732709486,-0.22676545731700276,-0.225551398872171,-0.855950688125358,0.397113767952818,1.1340519258937705,1.723933601203294,1.8309481309232234,0.30622461686394625,-0.33865504862963197,0.80161675880834,0.6158265105159202,0.3224533103703275
2024-04-08,601916,0.2133871509325903,-1.1027520347352515,0.020869460792878037,1.2229637947546568,1.2403950919358049,-0.19502269272989858,-0.2760024644201634,-0.27574547959350054,-0.27855461210335286,-0.27592634129533905,0.24263197348228147,0.6601546913997385,0.8203284696634873,-0.8116148487020428,-1.3025075916341393,0.1659813176916949,0.506506225438041,1.0072710693746147,1.3486198769348114,0.7576744530344439
2024-04-08,601919,0.8799872093193204,0.09693646230571909,0.7242829010033409,0.3730692266424556,0.2812025748376508,0.18548362198606105,-0.2204308168295932,-0.22122722605660664,-0.22323311703146786,-0.22020054950400475,1.1148728959450926,0.7155364108653851,0.3659384368723543,-0.9753756035392358,-0.6355202849877465,0.5073489016844204,0.8170212621815587,0.3448152361400084,0.7824513821507618,1.1771224504277162
2024-04-08,601933,-0.4320634343913287,-0.3306696236920482,-0.45642496949144695,-0.16177743326023172,-0.10892041559020335,-0.22159646869581995,-0.27980569330513877,-0.2793692327992577,-0.2803056436448966,-0.27485824205029075,-0.40605810508341056,-1.0198506069582363,-1.2312791547593882,-0.1530780751047124,-0.11117716965236417,-0.48860156638281654,-0.672424595709762,-1.2058267828680866,-1.6110725917873905,-0.6993004610566441
2024-04-08,601939,1.2334964004496531,-0.2037977031746656,1.1787066024206554,0.3640544556600607,0.6465206036018933,0.026805147542107995,-0.24278490149926196,-0.24268632325271042,-0.2452395970103505,-0.24055310296982885,1.0887022088182463,0.6866683958739996,0.34082808915779567,-1.3594150337543507,-0.9585777967195797,0.5797491342060755,0.9453949903167813,-0.08344802276920099,1.0264620291985345,1.1574580835069295
2024-04-08,601956,-0.502861606259966,1.6235716650597933,-1.1264962854971774,-0.6004670921242777,-0.6986554566392468,1.8787301786189294,-0.25577252354263513,-0.25626021445081193,-0.2588037837068046,-0.2532788411479087,-0.12376393645273988,0.45049232997705246,0.745600162505119,0.20986578929142724,-0.45209880023188564,0.4869842283061991,0.19153095541884577,0.8081412960938718,0.4271563873097068,0.5073391314172141
2024-04-08,601958,0.7183846652947365,1.5873213687562122,0.7319307788047923,-0.13191032166361363,-0.32706748965380905,2.958651277399633,-0.19425327333407158,-0.19604315349816026,-0.2007371556130182,-0.20499868464313914,0.7249882056284405,1.1234512513131376,1.1838377242222902,-1.0825113475226829,-0.35973137230989294,0.7075186773160261,0.6552641111012558,1.6100896512054979,1.3398360032062089,1.0556454856066473
2024-04-08,601966,0.2389826051781946,-0.7457824495036487,0.11799978893288533,-0.5696790674930927,-0.6293172176053045,-0.7745869069535302,-0.09919278115056612,-0.09998332689862008,-0.09866261376187431,-0.09497238373641548,0.44662279521164716,0.010515650523736975,-0.2390023204091886,-0.7571816377166758,-0.2662285558316622,0.050941794006036614,0.4506341278460291,-0.5099952346415275,-0.5525298115244606,-0.09923928900749625
2024-04-08,601985,2.994931450328582,2.994931450328582,2.994931450328582,1.2292578127046736,1.1700395900240774,2.4652980679776486,-0.21509011243792575,-0.21583208511060503,-0.21938791232064267,-0.21740692643819987,2.6669506854628047,1.686349560064489,0.7911449543034061,2.106149854801432,0.6825766782009139,1.262330088350265,1.7074973921659333,0.7692212746348683,1.5532414946474684,2.0346857918529064
2024-04-09,000001,-0.38372903638620887,-0.9315679995732892,-0.39486590616857264,0.6716801991446198,1.3137403529942664,-0.6381493375546659,-0.21310674136560737,-0.21203089985168883,-0.21475402517179876,-0.21392100079572482,-0.20029618844271227,0.04390198438244336,0.14084729216529812,-1.0096182023363849,-0.5839475731476673,-0.40328376049911757,0.15729231748114453,0.09833326241130741,-0.013941817736487007,-0.37618283028016236
2024-04-09,000002,-0.2629314224436944,-0.56833591268773,-0.2715868408655223,1.7266842315148385,1.5035074562482789,-0.302564312738359,-0.21924745704584017,-0.21356343743977696,-0.21233143743409025,-0.20277068229720718,-2.0635759772216216,-2.3770486264243917,-2.1304947966256167,0.21992891948537271,0.5898259794313918,-2.994931450328582,-1.9160823066046975,-1.468066149041354,-1.70867304207806,-1.45583769991222
2024-04-09,000063,0.20717299663043687,-0.5046497035471319,0.20817456738441695,0.2840540334554329,1.0340089159569352,-1.1877854756575743,-0.038645348860979506,-0.038762809097778315,-0.03334258007972961,-0.04489928952927488,-0.4256640390190561,-0.6739792302831658,-0.6476803350989707,-0.6870007971203078,0.08925954523514869,-1.0066174030979624,-0.38266368134200734,-1.2280379954921945,-0.6646388558260361,-0.6916838099610795
2024-04-09,000066,-1.0243910522148916,-0.3888851661082653,-0.8687872219500805,-0.3034526169848305,-0.03224497262003409,-0.8277811757365143,-0.20572568245195005,-0.2032213460340697,-0.2018991689885832,-0.20158352365793442,-1.27069482043396,-1.3820996425211336,-1.1904789436561958,-0.7290654281822476,-0.02762240523939097,-1.3296791903460996,-1.4809847554354052,-1.2042406432360395,-1.2615652844028804,-1.2459400209222737
2024-04-09,000069,0.02007494426579968,-0.7535156672341907,-0.19931418328204206,-0.17541746094954327,-0.18121291978390763,-0.3161072766883797,-0.2765879147221864,-0.2750780753298573,-0.27621204784279046,-0.2710599123958353,0.18617647096055062,-0.8241689864131341,-1.0687756431386415,-0.9411561362421671,-0.3503818426661419,-0.14893089951616478,-0.6356667307843682,-0.6369838975901768,-1.3083291059964541,-0.8518862643190694
2024-04-09,000100,-1.1040542938373845,1.267522172971394,-1.0152958011600657,2.9949314503285827,2.994931450328582,0.3938062897915139,-0.2536517316516479,-0.2552362807291137,-0.2583656515083381,-0.25634639245822155,-0.26048275946071786,1.5333950557096945,1.9868031377207602,2.994931450328582,0.9570016041715083,1.9754548851201879,1.9072546405964748,0.8201024791971514,1.1456923625526747,1.223266963804444
2024-04-09,000157,-1.131534651921204,0.749487817171426,-0.9396230957888952,0.028520252221650503,0.029508825332790298,-0.23610940690338247,-0.2255305071954824,-0.22703149955496205,-0.231762609913627,-0.23056020247960066,0.4283818665874887,1.5696210502969967,1.7333114760980755,0.2673734530440096,0.2266679792590211,1.0871414594504651,1.8085331920874894,0.7556126079364941,1.3454477637181295,1.3817238113713557
2024-04-09,000166,-0.5837332485418526,-0.8295828135220302,-0.5989786491814839,0.15081805492341366,0.19919118715450118,-0.0333983717268559,-0.2596907798537312,-0.2588697142161041,-0.26067720397473493,-0.2569382462565799,-0.16110347825161092,-0.03546479901057757,0.028057663891914775,-0.9243146515520706,-1.1142277761173085,-0.05120355670282181,-0.04377368993664858,0.016549668531322587,-0.5214769774436515,-0.6197012446313346
2024-04-09,000333,-0.46388343326967396,-0.862911720358069,-0.15947395860208033,-0.3357672258785474,-0.2910026290322438,-0.7624862935710762,0.29549498482533154,0.28399366665580117,0.27106061622112637,0.25669939809072007,-0.4490813307303822,0.582098678563625,0.9024054405144798,0.11395128057824719,-0.1970083372626059,0.32520114519638765,0.7268705969619282,-0.1414189853774712,1.077624311039573,0.6998071152766749
2024-04-09,000338,-0.9876259581001828,0.6139076993057477,-1.184650476568712,0.09594949872633192,-0.002426621917020753,0.3697331412016456,-0.13897081629895552,-0.14430491756485397,-0.1510551088434267,-0.15236130368134593,0.16472633187494704,1.4486276057621361,1.6995606313304248,0.2586590795366901,-0.0054116491377506236,1.373051262483574,1.5560447934894404,0.7887929826266309,1.213214552775136,1.3276650359668039
2024-04-09,000425,-0.9092568188128435,2.3854383925031506,-1.2902222222779949,0.9021574788056846,0.6965613245291349,0.894892837343148,-0.24063829444850549,-0.241179561792014,-0.2452281600890565,-0.24335321723478637,0.5787379137164317,1.4080844444638383,1.474345177427485,0.3152297269430917,0.5587553146710347,0.9548514682325667,2.029415216646191,0.3839277260587636,1.2571281894524913,1.351081140885957
2024-04-09,000538,-0.3780279403516217,-0.5286414324800516,-0.2626973515201282,-0.517159067975731,-0.6757253460952413,0.5067653974579001,0.15745088299387253,0.15680319610003696,0.1555385105369407,0.1562102154230981,0.698714110764182,0.19141941058775147,-0.04096044953057195,-0.5567457540866236,-1.3369538435819959,0.09384530236134478,0.23020091349025576,-0.06770669136227707,0.00020764732202016513,0.1254903443789584
2024-04-09,000568,-0.8996637803334694,0.2952374314895612,-0.8198348365929332,-0.5684985811524876,-0.6706082286831304,-0.10070327219293805,1.4785384275647553,1.4677419385039503,1.4565236433220443,1.324127566924674,-2.515796174120993,-0.6844330406109412,0.19237048937620035,1.8098345314718856,1.3214134624856637,-1.0223845390825026,-0.3308506468779908,1.0215996202623836,-0.1426815898689828,-1.0742406928770556
2024-04-09,000596,0.47862742575857653,-0.015469259525791278,0.801958592993349,-0.6604706810429324,-0.7789058291870355,-0.45689707857771267,2.259486994222709,2.2515384968832994,2.168769485266121,1.9613004561287326,-1.0029043754097349,0.2985538678725739,0.7860767497487686,1.1544294062958556,0.5212661063055293,-0.4052311379790337,-0.19254663606419503,1.5773675348462126,0.7880879847513981,0.2639140351083638
2024-04-09,000625,-0.48787273540075565,-0.059700578167831704,-0.2330077299410132,1.75676199408497,2.994931450328582,-0.9377449112072483,-0.13055274910817274,-0.13202431834904846,-0.13761984101471847,-0.15135359925498656,0.7991374756823657,0.9416468488071766,0.8209889313646125,0.8242452043530183,1.6618918991551743,1.645891503847242,0.11642142344995847,2.722730476209715,0.3420659909184588,0.7972483518250281
2024-04-09,000627,0.03818859381403741,-0.6630763873159213,0.27267051930396186,-0.36857340793231563,-0.4665158808667862,-0.5094006834610935,-0.2784382628245082,-0.27755449368411894,-0.27897783551000765,-0.2740743980685234,-0.5196114533322262,-0.4237961038021659,-0.3033287672708096,0.38135913733104454,-0.16106259960407915,-0.05120355670282181,-0.3682855015060498,-0.39069393390833024,-0.6068717820927902,-0.650783935972536
2024-04-09,000651,-2.6244105742624924,1.5152286670439823,-2.5682160414470854,-0.16761043924007454,-0.1676856266114335,1.9029635828637306,0.04476265021291126,0.04055362302744485,0.035191417608485556,0.027408679625844746,-2.2824612172948027,-0.33876844686600555,0.5314159321232135,0.6158533999558152,-0.3323494618415183,-0.9873210614796223,0.07294065553618485,-0.8849336078758336,0.2676458158834593,-0.671657078099741
2024-04-09,000656,0.215471517398646,-0.2832969473692748,0.2166435582056234,1.6088738510501488,2.1208527775289325,-1.196837983183283,-0.28958101842969886,-0.2882010627563338,-0.2896977862493676,-0.28520228479042686,-0.1485195013895524,-0.984045613829193,-1.1349145853909746,0.5741464956729508,0.49927099413283477,-0.05120355670282181,-0.8847341772354087,-0.570537360584896,-0.7705451576703136,-0.9426151102972959
2024-04-09,000661,0.6801895610155069,0.0200719303531662,0.7118154742874988,-0.6366538806761497,-0.7323718739660049,-0.7868544702409199,0.8656665357836381,0.8623489941869394,0.8898955126453942,0.919289215719905,-0.04961657217587661,-0.5250739480403386,-0.6135301315527868,0.29798684416611515,-0.2582139692526472,0.16484848776178604,-0.5035355289009212,-0.37731075536713177,-0.7214947769767338,-0.6625084086469964
2024-04-09,000703,-0.2757978947782362,-0.7691471477138963,-0.6238231852408177,-0.4695709633341965,-0.6118602488141162,0.3813730225181912,-0.23539225257598873,-0.23651090423889784,-0.23864679673494849,-0.23316056304556573,0.6061426027886994,0.8777600377265758,0.8233605251732606,-0.3264859501411402,-0.7282542880757892,1.427533299241611,1.1095131353031944,0.17775519895573252,0.7881760546053386,1.1624685107335244
2024-04-09,000708,-1.9186449036655657,0.5663609957869146,-1.5611972383883375,-0.5380840398182685,-0.6276625134699961,0.21214285984654555,-0.16290334065535955,-0.1628983537329165,-0.1650909765487751,-0.16482819491498726,-0.39951051068947246,-0.015756899354343813,0.14880680449742942,-0.021141333532900285,-0.39838254611937896,-0.3363299690324317,0.3631685300825015,-0.7676551502178266,0.18327554828145234,-0.2442642180125956
2024-04-09,000709,0.07512383878232246,-0.4784831019219175,0.07341282646694004,0.31194394549339705,0.11365100463799988,0.9292146485514511,-0.28240329447234064,-0.2815634496264686,-0.28358075221165374,-0.2798410901796416,0.7502996199716774,0.567231179400466,0.3906499064455802,-1.085102697597258,-1.472665186950522,0.8421002613434385,0.5149165816253126,0.2986939170342698,0.7434335664217683,1.3856969235076375
2024-04-09,000723,-0.5396860400205427,-0.39004728073010575,-0.28840220495659397,-0.19115937799992894,0.14785308490625504,-1.341506368277087,-0.23730360116520025,-0.23656165051664912,-0.23718819703453656,-0.23630273729282675,-0.25252179189240304,-0.42894324237554243,-0.4161182793485708,-0.9704257746051635,0.3749085349655285,-0.3321510170349264,-1.2431980079504676,-0.5371714604855864,-0.1428307832026736,-0.5922597433212445
2024-04-09,000725,-0.4574733366642463,0.03342118567436829,-0.6045814220679246,2.9949314503285827,2.994931450328582,0.3103362401082766,-0.2607277881308566,-0.2614070281036672,-0.26421519148334666,-0.2615574667178197,0.431343759801397,1.4178744440681317,1.548562116579085,1.1819167296437112,-0.2004476854460767,1.732197676596997,1.6531268933408827,0.9089994782104945,1.6250378848734177,1.4405218289953747
2024-04-09,000728,0.08560373527852651,-1.1207405211506987,-0.10514785418303661,-0.24592671212243278,-0.26378905595535923,-1.0518628189421666,-0.2406992949353952,-0.24011388995923746,-0.2408372198144599,-0.23651497641002228,-0.2512556116439902,-0.3639239374920951,-0.3371201460620963,-0.39545048718115705,-0.6245775401629842,-0.05120355670282181,-0.41458841783692346,-0.4103024475813355,-0.8568456647930078,-0.6273070453635073
2024-04-09,000768,0.0568556598314442,-0.5284951873257846,0.1968942185461515,-0.5159551713866019,-0.5694987026320124,-0.8899326504588013,-0.09149210400311564,-0.08908281811593015,-0.08753788659538277,-0.08959719271491426,-0.5047946734943883,-0.6866299187599203,-0.6319806224767797,-0.5318818034884719,-0.17694096888576727,-1.0944041605436952,-0.6005292629451497,-0.18283790667436234,-0.9408651677890517,-1.0950257592477646
2024-04-09,000776,0.17939021884037776,-1.2905993592290015,0.13215746493048,-0.34001747618024025,-0.3791922198159069,-0.9561585460445194,-0.17827546335157152,-0.17622432627039805,-0.17549800970534776,-0.16740784922561616,0.052406087646988904,-0.6206948104863331,-0.7698247065295066,-1.0006790422945167,-1.1142439235086319,-0.4101651138798738,-0.666279267639034,-0.6035711970324956,-1.441900021566134,-0.9465185881255351
2024-04-09,000783,0.5870225158681145,0.25911405667060167,0.4808990645624983,1.1930576067986507,0.10061695152149783,1.5130158682841917,-0.25045937283775205,-0.25150135468662077,-0.25351038191734737,-0.2499498850806287,-0.7316201426695644,0.5605561928855564,0.9950560428063759,2.994931450328582,1.1450254216305378,1.5715529381607574,0.5590267873591034,0.3541635387803669,0.3166362708346834,0.5891275282820755
2024-04-09,000858,-0.5338112104137027,-0.47078926003874183,-0.20797542604539057,-0.46757478864537894,-0.5026146045510426,-0.5044012268457762,1.1116611659142892,1.1155323231435381,1.1007464458084077,1.0070509534409058,-2.0788885981132945,-0.6328855786998375,0.07407470791765947,0.7460395069945793,0.3808740307463832,-1.3663846424844428,-0.6333538180713723,0.8345373037325707,-0.2919853266268732,-0.880293796165736
2024-04-09,000876,0.04394614670616194,-0.17687762279407135,0.16280351650993657,-0.3292141733802064,-0.3355614004387295,-0.37095164167085604,-0.20627468683395758,-0.20647925706570072,-0.21041355547507107,-0.209712454398652,0.6650522405677032,0.8579227989519242,0.7752499564708872,-0.3435967785061677,-0.030147234336050887,0.449003413595507,0.4007950829251904,1.3243668176807022,1.081704219340468,1.066804030408643
2024-04-09,000895,-0.6410009650358931,0.05283997214549297,-0.6574227718011958,-0.4885737925903338,-0.5567693608493963,-0.6213839544664976,-0.06054452365439261,-0.058513260398569675,-0.052642529056807066,-0.03830434720471058,0.06990259128869816,-0.756131662738983,-0.941361958924283,-0.8106836283339182,0.6961667706053489,0.284539166372402,-0.996709538618144,-1.155132063356386,-0.8398375356520387,-0.6410479170934628
2024-04-09,000938,-0.8596165611452755,0.5656569439305593,-0.7962564878063779,0.12330691804218133,0.7431204539729547,-0.877410159180164,-0.09149210400311561,-0.08812878809420643,-0.08015908811094574,-0.0983680173710525,-1.7993873675532348,-1.7291065757564008,-1.4174724467057283,-0.23129383340998244,0.5782360241336769,-1.7263411216796718,-1.51998279148724,-2.1337107316073,-1.091658931194057,-1.1232925405719587
2024-04-09,000963,1.3031017324553127,0.5123657719950211,1.305169039272546,-0.494086088332509,-0.6152975228992299,0.2512617263055206,-0.011317130734380473,-0.008934147035586204,-0.0009808455501739853,0.017633601585903106,-0.38138223924707354,-0.9428011499922863,-0.9945229236348115,1.0728243499700763,-0.05570135075904133,-0.727816165233792,-0.6202599950300955,-0.6329660281742658,-1.1772783963809235,-0.8512344318384115
2024-04-09,001979,-1.5918084979025355,0.7490437747453098,-1.7601321404839996,0.10884481413685829,0.18312542700583162,-0.2741358158226488,-0.21686843805714073,-0.21288343731791004,-0.21555650735991472,-0.21351377777411384,-1.5208794344852086,-1.0422949242106778,-0.667975155473946,0.19064472538179456,0.8898466967132136,-1.9625711060220048,-0.7885099908655779,0.5793043440616567,-0.6160497283868582,-1.2374685133753356
2024-04-09,002007,0.4781629455248964,-0.13612985265781744,0.6499916233487096,-0.4524929687409111,-0.6168271944429645,0.526087884946036,-0.1174376444268808,-0.11477058391361923,-0.11395418705197888,-0.11012571935943057,-0.8334273297463998,-0.8028786315762064,-0.6449904215209217,-0.2589834086682214,-0.043348890904224106,-1.710529212014031,-0.4127111940419102,-0.18099979253827883,-0.8081764323875815,-1.1687027199576572
2024-04-09,002008,0.3109215099467375,-0.8715346496539622,0.4763567390343182,-0.5549356307819793,-0.5738612286720661,-1.2391595760573317,-0.11713264199243217,-0.11770371876764221,-0.11507968093845593,-0.11284859193613456,-0.19556317070793144,-0.4495645417314577,-0.4638934080113986,0.06320374748769397,-0.2907440371420422,-0.022251293248208556,-0.45920549953310763,-0.6003524774814892,-0.621420526588574,-0.587312670069367
2024-04-09,002024,0.5342239199041265,-0.4592981380128974,0.5419438432152079,-0.5281446243515341,-0.5956757648071827,-0.19710585948167522,-0.2878120043098967,-0.2866380774015949,-0.28827956301125074,-0.2841393636831711,0.150505795985118,-0.38700859098691825,-0.5240768023660194,-0.6153905533443353,-0.9799525687765296,-0.21654101089646932,-0.3580762229810666,-0.500929287307972,-0.7579548980105024,-0.7109810542219779
2024-04-09,002027,0.3642300505525858,0.29283118750519466,0.560201430074746,0.9006076503925327,0.9860177147164085,0.6994900601881168,-0.24273264449838625,-0.2431383681132127,-0.24631327751323845,-0.24522195677887407,1.9714104247112079,1.5623905482475193,1.0813707589391948,-0.7181706220747691,0.3976189606930496,2.066621557084108,0.7087154812321017,1.764820659180288,1.12207232612047,1.7628037895425113
2024-04-09,002032,-0.5514669915772644,-0.5173314705282566,-0.5546595258812334,-0.6553934248553263,-0.7741735517863949,-0.5915267685279584,0.21948837816072797,0.21605455000241094,0.21234819298620428,0.20547384791035891,-1.159140640135279,-0.227406559754132,0.19930201280488044,-0.7250899935867429,-0.5667650725514617,-1.3284659851519052,0.46191035158112453,-0.5077440688441615,0.0598539251246186,-0.4311534680865738
2024-04-09,002044,0.041512541875460655,-0.6392104662263777,0.4004589086970579,-0.2132214829355973,-0.2711985365063673,-0.3013964145174805,-0.2537940661210573,-0.25230314587509073,-0.25233441745300134,-0.2473063864827133,-0.3372995580121791,-1.0426615075212942,-1.1338970936568817,-0.4805292923493703,-0.31855435266080534,-0.7858166765332787,-0.811429644585319,-0.8299936387764878,-1.1505012081181334,-0.8862780840491363
2024-04-09,002050,0.15810339014058286,0.3237500922360743,0.15809696216170732,-0.1491422563672134,-0.20836200873175514,0.21344689457484248,-0.0804306823804446,-0.07365594967954636,-0.06734965544781224,-0.06059980763791185,-1.8497721319604443,-1.8315643487612505,-1.526450615630855,0.7892825886685115,0.22421061881196303,-2.1648068661796334,-1.5432676691533875,-1.3295477763854322,-1.2861778220837126,-1.348650924806738
2024-04-09,002120,0.4783518089983799,-0.24476672138390237,0.39850986763006985,-0.4032839648679039,-0.38525571329419384,-1.2682836449744919,-0.23283023212662005,-0.23227866467444255,-0.2338066683173185,-0.23247553109819472,-0.9108058314432222,-0.3261269737759776,-0.024908451094047882,1.1245817851709654,0.7141409885488803,-0.39261466341437984,-0.3046987276174529,0.55945488528272,-0.12988080183829828,-0.5783333160521681
2024-04-09,002129,1.469746544910056,0.6346330719279996,1.6558128562939582,0.2522937231030883,0.63112105150977,-0.4511477382987923,-0.184721181466253,-0.18377537239978592,-0.17933377362338618,-0.16626555413957178,-0.31566540627897177,-1.1706288369062376,-1.2988708804983644,1.4229925553812766,0.7736821681621081,-0.05120355670282181,-0.8104243461697216,-1.3385217144560129,-0.8553115598190528,-0.6757153049288158
2024-04-09,002142,-0.454807434351798,-1.0796451917879537,-0.3187731214365549,-0.17185449776592884,-0.24493229246308312,-0.7887635238810521,-0.10517654656204507,-0.10734132885083437,-0.10937650563926726,-0.10169482239506089,-0.2693299128273007,0.1746533957919908,0.32880557924602116,0.6860758574327389,-0.24759094987924438,0.6328878429906023,0.3922463307046563,-0.08629474844715246,0.27696444602582676,0.11618613282913509
2024-04-09,002153,0.6598311466772057,-0.2187809016550035,0.4065643832860713,-0.4622471693477794,-0.5494518416548227,-0.48536760431484627,-0.2334809039867772,-0.23119269433056552,-0.22867381054804864,-0.22106465888669713,-1.1540859143174347,-1.9079922749043514,-1.8886638403765204,1.7626051112178198,1.2533047861456283,-0.9538183280947523,-2.1646381008370232,-1.2568230976627475,-0.8846205406485873,-0.9682407105217001
2024-04-09,002179,-0.5104955912592883,-0.5461876147069082,-0.5242365277098086,-0.5106437045477116,-0.5121325255280786,-1.063856068441044,0.024998492460638854,0.03080018844365229,0.0358626762941424,0.03638139027151043,-0.501304631771223,-0.9330500375383255,-0.9359074117003156,-0.7697522449438571,0.08551385554195394,-0.9750096776200058,-1.413710168260232,-0.36671571672897174,-0.6885140834497521,-1.0316688786885295
2024-04-09,002230,0.0015764626026204655,-0.23787810790882513,-0.0016453762161043376,-0.29254136191908997,-0.004874556987917701,-1.1260914091637608,0.18231874814925245,0.18384081288590962,0.1942292555312597,0.16962441783836832,-0.6581524690079787,-0.8096202099581596,-0.7226534871108552,-0.3769319112915379,0.964902103512932,-0.8964282504001079,-1.0365830803193534,-0.7850885174418407,-0.35193001664142415,-0.9043651642903069
2024-04-09,002236,0.3429922203577611,0.2129433044414345,0.3467838197100287,-0.1849589875167399,0.1487034495044437,-0.7277618025304522,-0.12807206264132373,-0.1254983470302361,-0.12370005563846859,-0.12689951170299144,-0.25057013867054445,-0.7374712233590779,-0.794132972637555,-0.31743166384943433,0.35844447303807325,-0.9423444115092586,-0.5397286078742054,-1.0539472300998132,-0.40825689936950504,-0.8765869067569504
2024-04-09,002241,0.8083224836085536,0.276868885291267,0.8216730003695045,-0.005067708833645239,0.23485678714446157,-0.6411125793313179,-0.14417619118021247,-0.14296521583222063,-0.13858382905201494,-0.1301538448333233,-0.1500689664854763,-0.9031545761973461,-1.0355760023732703,0.7064382434782837,0.19773869417237996,0.15311241648466561,-1.195800827824509,-0.9024909841089547,-0.9286160216143761,-0.7151255396520064
2024-04-09,002304,0.5472788687717471,-0.2866408413802006,1.0148197666608345,-0.6139443313538858,-0.7229324139735606,-0.46155274927510614,0.6088138189866148,0.6077447694533055,0.6236934967335285,0.625883303127914,-0.4232117904762133,-0.5641501867940458,-0.5139753447952654,0.6712912207641957,0.16680976454181998,-0.006565812956858696,-0.43682652945778777,-0.08487564991511211,-0.4271859398405803,-0.8223588766367039
2024-04-09,002311,-0.5680189656706885,-0.05577176033786344,-0.19931418328204206,-0.6232209575982507,-0.7278822856027255,-0.756550268177343,0.126401635167,0.12440677238363093,0.12305059956271276,0.11771556123191415,-0.13528817492373382,-0.012313547317381643,0.04589739922598237,-1.166174638662161,-0.7127020793443255,-0.2873664168063697,0.1644522397834827,-0.16461504128716906,0.07454390398505831,-0.45466220934981294
2024-04-09,002352,-0.15664915851639977,-0.5870136796459231,-0.10874694320249609,-0.4048483304938944,-0.52438427180327,-0.1469004827383321,0.027214843484298937,0.035438398230117685,0.04441239218513848,0.05884422626867893,-0.6798559320699241,-1.333127894140349,-1.3587406005064446,-0.8645824056215227,-0.3428614881459525,-1.2593363240515694,-1.2330329759294425,-0.7835239209367258,-1.5449869123997382,-1.1817905069441788
2024-04-09,002410,0.9166849213978309,0.36755457341935704,1.4308961381498724,-0.26169124261501137,-0.19856185056925366,-0.8761507042379273,-0.1904552272338876,-0.18689119385371342,-0.1800857852336332,-0.16695921369333286,-0.773445533526605,-2.1116091685921967,-2.2828573705048494,1.4415347484478167,1.2499260786116277,-0.6155396257573477,-2.1035584023703175,-1.284469448538642,-1.1889766658098646,-0.8955719718061094
2024-04-09,002415,0.2672458331977175,-0.3004707244160377,0.3088911168316938,-0.2580644772194954,-0.28192132596339214,-0.2173874439642326,0.001574305494982439,0.0041482433686892365,0.007250905700247953,0.016850214925685367,0.02650715190182753,-0.49440929464345257,-0.6060334130372017,-0.23578272139649886,-1.0453030073285645,-0.3301282804883909,-0.33301155464078286,-0.705942103606667,-0.7879572189019666,-0.8596596390334388
2024-04-09,002422,-0.6746201545897405,0.8100613456228347,-1.035484613172061,-0.4980986282835308,-0.5268913702684189,0.6129329466680471,-0.016847841545716034,-0.01529773026559454,-0.02097728850184258,-0.03734840841669155,-0.19292802697589792,0.0852105545661539,0.1883190195961499,-0.7792331856488905,0.07150465668784972,-0.8980497413794631,-0.21684536191274983,1.1975677076086746,-0.42028413393441527,0.019353246347345535
2024-04-09,002456,0.7366458299069386,2.5161382146144025,1.4183950434570298,2.493112205492706,2.994931450328582,-0.4525498781527608,-0.20086597699640155,-0.2007144799131573,-0.20322149812874907,-0.2140141789447375,-0.8737779650205272,-0.0641118712894389,0.28369121423717353,0.23507925573423433,2.0370641466758057,-1.3126553425372727,-0.6380524342944375,0.8631311412409178,-0.06981851847904713,-0.10398636258465883
2024-04-09,002460,2.994931450328582,2.8924316654492173,2.994931450328582,-0.07597296445255636,-0.35543712434932445,2.994931450328582,0.09191602657867261,0.0744724350763888,0.07800560881469587,0.0894877586449054,2.9268304723962464,1.595814334657876,0.737508208372438,2.2318444697651163,1.6798286495648145,2.994931450328582,1.6367422401120664,1.2618984776973756,0.7076460493479959,1.402470682274306
2024-04-09,002466,2.103273310699387,1.3898416540095413,1.8004989258438056,-0.21377470464638895,-0.3780219758189973,2.354641613959296,0.19952088545215638,0.18631723124017116,0.19633892568618083,0.21635153404695057,2.1091303343793073,0.7046565499586469,0.015929176955775216,0.6624625917298178,0.97866161464492,2.3340605266738774,0.8156202346688447,0.5829814523651956,0.2381901629554339,0.6615326744070019
2024-04-09,002475,0.6513240739157455,-0.301621061138507,0.5338866907532761,0.2793297084906236,0.9058615599047442,-1.3429839639037333,-0.017132510484534763,-0.00992877407951101,-0.01571320723011356,-0.009646889819476716,-0.11075636997955055,-0.27635032603906945,-0.28610132853995496,0.2148272291414631,1.176864086681123,-0.9241578634519875,-1.4920182029007114,0.46200097118147065,0.49120204598925804,-0.30117052091583035
2024-04-09,002493,-0.8592386721964004,-0.25515407555664155,-0.8801435663148365,-0.33373497736527913,-0.43182699307267214,1.0929562806620001,-0.19157356949353269,-0.1924326873841513,-0.19618085251603382,-0.19702297092014703,-0.3407267637665472,0.507451611208893,0.7655786432610248,-0.6540759757276065,-0.8612086964451402,0.16746363086751964,0.4762136187103202,0.41871812986813084,0.49146271191426544,0.7736621508689471
2024-04-09,002594,-0.16723239738297946,-0.5514473882177041,-0.10610014448171426,-0.5331174279728205,-0.5694820257020891,-0.8657151595733285,0.3882157248977212,0.38839905850124856,0.3839380636249803,0.3450944021207515,0.6932742837410355,0.24234246406119378,0.022510394803739897,0.4310398799753367,0.725219855443922,1.1600141411777503,-0.2480564072801289,1.6459361725066155,0.006437807302627639,0.2315633101402732
2024-04-09,002601,-0.40906113850579523,-0.4458196894508397,-0.357633257944655,-0.29181988543007703,-0.557846452280591,1.2909428207828633,-0.1190643240772736,-0.12426013785310529,-0.1289540427946238,-0.1332684107401361,0.5414098659231692,1.1410825859143696,1.167848423293318,-0.06921796962874308,-0.5902527635970013,1.1094767481669154,1.452166803304116,0.4969910040138959,0.9417301560637652,1.3541813922836599
2024-04-09,002602,0.39558689782263307,-0.043463039783625756,0.6438668218585823,1.056004802273637,2.321831066044868,-1.3931365248694323,-0.2539160670948367,-0.2534500117522692,-0.2542371582386599,-0.2513268510604828,-0.18933603855814787,-0.3221380700648367,-0.3107085544765877,1.1127939589811995,1.9588787101901082,0.7842409946782156,-0.9424458931194972,0.21954401814804536,-0.2833761691866306,-0.30261597908607846
2024-04-09,002607,0.40634760973251777,-0.5733270784298864,0.41144066953611913,1.2729185931489033,2.8014361435255917,-1.4263146500240622,-0.27412756175096725,-0.2725915077200454,-0.2734967307534422,-0.2659799777533661,-0.8809702415951458,-1.2546790501010574,-1.1843165526576362,0.2439946094596192,1.7214757987983462,-0.7641162405479737,-1.4591023306166535,-0.36696878387067267,-1.3518678364456498,-0.9860023754491497
2024-04-09,002624,1.9214155315009414,1.8007116639280438,0.7995762060831532,0.1926962654112298,0.40150696545029274,-0.49464287310468813,-0.2011913129264801,-0.19995328574688837,-0.19767982867874095,-0.19514387824839127,-0.1358716169810997,-0.9315220647269418,-1.0756751624087681,2.994931450328582,2.273753991207761,0.3758202843820913,-1.7829210001332774,-0.4395101816488741,-0.0332586211039158,-0.5609124150958577
2024-04-09,002673,0.06658200533679955,-0.8415773958937639,0.06469552478546574,0.1873446866332115,0.7636327601229108,-1.4179934838197932,-0.23614459191429538,-0.23540463538392034,-0.23568922087182942,-0.23460654987654034,-0.18502833714328099,-0.4999981327339084,-0.5296606819244608,-0.8696019283240811,-0.0896763933264424,-0.5972587095738312,-0.3812429951623447,-0.6866330950928611,-0.8486047675611322,-0.6089006749355552
2024-04-09,002714,-0.8838309822694685,-0.3243638918527958,-0.6628407775453488,-0.2777360182661954,-0.3600691019285687,0.13757692285290418,0.12709297401841693,0.1156479648437631,0.09414105255939166,0.07750746441166363,-0.015413330543890285,1.5249541283031645,1.869987142212917,0.16508743851509497,0.17253700516706194,0.7339166235782972,0.8672843799079153,1.7721116269154824,2.1307542783361626,1.0834811077963546
2024-04-09,002736,-0.6859868010848866,-0.6598301411223834,-0.8457280150846174,-0.4373177337835748,-0.5556410474191512,0.00928727300316807,-0.2225618168335155,-0.22302254361261226,-0.22481281134107575,-0.22128207456772672,0.10697850630597186,0.32303899143747594,0.3561239001304012,-0.5795906815331269,-0.7496391670622546,0.6263391035237269,0.20191451318810433,0.23781779525966176,-0.052900357061179536,0.44421996850336315
2024-04-09,002739,0.3307345245486399,-0.13137028877916682,0.29583445892363336,-0.32568082303755896,-0.06172271688285027,-1.0724404862867614,-0.14883256167946182,-0.14740044050768097,-0.15404801411105404,-0.16675387666124933,0.6698169116612983,0.731823165631059,0.6214121013445182,-0.22556143909811927,1.0435932588257473,-0.016816826530429593,-0.6272226739818132,2.4001956281855827,0.5017925728219996,0.4972265691670337
2024-04-09,002773,0.5786935591964636,0.2149501014203841,0.5873269876946264,-0.6307340045592111,-0.7343671495104099,-0.48885387373552014,-0.13667313129277567,-0.13726133421297873,-0.13847279378070335,-0.13622077764681573,0.22110250624224925,0.11021407024567799,0.051523580465296516,-0.2973543316742016,-0.8123201207577797,0.029239084719425146,0.1715741060133531,0.24788788185104332,-0.299761011918239,-0.04669366235521692
2024-04-09,002812,2.994931450328582,2.994931450328582,2.994931450328582,-0.40294987818026773,-0.4867584178217436,2.1407791315621796,0.12003725103483813,0.11110109835724999,0.1254025284914047,0.1551783536988465,2.1056660540729473,0.30762525305854194,-0.45005952126137605,2.0236955889776556,2.7888278060315677,1.7880826653614408,0.7440579542806565,0.6046315715513411,-0.0037931202137887164,0.25241109660662053
2024-04-09,002821,1.3108269285837315,2.994931450328582,1.540583128912882,-0.583743810097564,-0.7191701779967968,2.994931450328582,0.5234741378278824,0.552258789360075,0.609698005490475,0.6693491841210523,-0.5113099635745305,-2.1501723840510407,-2.426604925741626,0.9740124338394608,0.415499355610798,-1.033750338630676,-1.6292931875875873,-1.8394907377649814,-1.8338138989323838,-0.9382154470211563
2024-04-09,002831,0.834323569952478,-0.3899033828448391,0.5377080830637923,-0.6508642754332538,-0.7677421334684172,-0.2826482278315982,-0.06898292434080525,-0.07022550130356105,-0.06862656106789607,-0.05685197542206838,0.26871621188951705,-0.09570135191179811,-0.21721729093425202,0.03307888394799418,-0.7964243101048519,0.1673892000232171,-0.0413864472630255,-0.5490160930826444,-0.36698408658986026,-0.2883948879030941
2024-04-09,002841,-0.12131774497788889,-0.43371010144651156,-0.5756876015717195,-0.641015044527646,-0.7564249305805518,0.09882622402185448,0.0325218858437055,0.031632427398773005,0.04598202715686213,0.07134390240660253,-1.483041493951864,-1.3704831355961393,-1.0927270227420964,1.0168677930813483,0.30221891009616964,-0.8389084194335152,-1.0810130032548875,-1.455868065402341,-0.988134468732197,-0.8682620002719291
2024-04-09,002916,-0.4039358301708106,-0.2230889587480327,-0.41548779238995853,-0.5978187934091556,-0.6614147931140321,-1.520403892641673,0.4120059147847158,0.38862234212335406,0.37368244220201435,0.2489311012971072,-0.5368443834124104,0.835493844410896,1.2506077970909326,1.8020278877564797,1.2694975424152242,0.9452053975815011,0.5190438950825103,0.5012527568278462,0.48684086408202043,0.8048694799486765
2024-04-09,002938,0.6534733506432625,0.38847056008395986,-0.0572549054766805,-0.43787849330843076,-0.44722869375458274,-0.5033540321892107,-0.09460312883449185,-0.08844341501626425,-0.08902676864251614,-0.1021934980444065,-0.11304252958340194,-0.7142423498963716,-0.8193972275774479,-0.36501691855608914,1.6984228112056163,-1.6260999521787198,-1.466709776487732,-0.1457688137594857,-0.6756145998353514,-0.5837578472169813
2024-04-09,002939,0.13348602099390644,-1.2037629444135112,0.04954432202693611,-0.48856598556862435,-0.46860335600948194,-1.1918852983225552,-0.2318745578320143,-0.23088821666405798,-0.23123266884600321,-0.2263274987846357,-0.32025006166981873,-0.5731896758790274,-0.5657828561246517,-0.5586335108249181,-0.5904606930033192,-0.4942707794577098,-0.5679915151161145,-0.4632552497704171,-0.9639773288073823,-0.8458326993932207
2024-04-09,002945,0.7604812468994626,-0.8805214461317591,0.46233690727096444,-0.5859946552186974,-0.6306885821115704,-1.059326591295884,-0.18614452616034668,-0.18470910391040912,-0.18228630242871838,-0.16769083471521024,-0.05973400146142605,-0.863879081932218,-1.0225239130001844,-0.15810729814426017,-0.28130311138619035,-0.4122494652595935,-0.8839417205617551,-0.8706756968418435,-1.1585797896574725,-0.7652517106062585
2024-04-09,002958,-0.41782794600783174,-0.9666509035749188,-0.42966528314970825,-0.23226227046970122,-0.2822709855941192,0.07282644269698892,-0.27841792932887827,-0.2775037474063677,-0.27951787069320516,-0.27566877972940707,0.16653634536668174,0.24399056434926536,0.23590290683458487,-1.2805603669285592,-1.3962148356638016,0.1608017273035486,0.389406773316836,-0.06941731614398028,0.24707626439863045,0.32555317321527844
2024-04-09,003816,-1.2037978157712423,-0.16840093200539044,-1.3762734925295839,1.094265131218227,1.464607325992702,0.22154774572767902,-0.2649571552218779,-0.2642285211466374,-0.2670465909017934,-0.2643407325392541,0.6846714240578425,0.8567163809452527,0.7657504169803794,0.016509189205973402,0.12625512276717243,-0.05120355670282181,0.8504016740993767,-0.19987338888396497,1.061251388176749,1.1427827205542807
2024-04-09,300003,0.7244818014167806,-0.3977272136242954,0.7361100443007691,-0.5464814338935601,-0.5949801780014734,-0.5811888381980717,-0.16873905390114374,-0.16877477269651273,-0.16636283511107208,-0.1601140707834567,-0.04827598324941044,-0.5585941483426786,-0.6549055580170201,0.5509582301507583,-0.06570120217425136,0.29204309359320485,-0.30849019023060276,-0.4205489375101178,-0.8170743781522212,-0.5422367158484811
2024-04-09,300014,2.1274238156033247,1.760072455449413,2.3455523424701896,-0.3607639633540405,-0.40873190696129563,0.8503046598502606,0.09234302998690073,0.0893512437130589,0.09501924061431102,0.08462351416218776,0.33407289056479716,-0.15266073005379205,-0.3121005756100827,1.7374786234329078,2.5974013984132576,0.6281973428872137,-0.013792740251633339,0.8975256769279236,-0.03133752259402397,-0.2537008310894716
2024-04-09,300015,1.2818200185113382,0.24833748517205206,1.2567068630789175,0.06606314279190506,0.3027052088447632,0.20854174975586262,-0.17622178029295063,-0.17547328135967935,-0.173090563141,-0.1614254669547463,0.7343251114285375,-0.44704579994597254,-0.8232925530464542,0.1716379028517582,-0.17436640079511379,0.3936487878198084,-0.20460085393620733,-0.424553028385927,-0.8268487988689841,-0.40799947981485574
2024-04-09,300033,0.05101837969185144,-0.683932367177737,-0.045070192966447084,-0.6132303926789371,-0.6797610837227485,-1.2462950447484336,0.9880538459800662,1.0061334975673666,1.0208565680996844,1.0212640722078958,-1.0164122696272582,-0.9231589695670749,-0.7210872361133233,0.7399729763926235,0.9275856733843681,-0.8386707042102952,-1.4361025605067355,-0.6667435836682277,-0.22130767027078932,-1.0494103424359087
2024-04-09,300059,0.17251605469206932,-1.0170843449438913,0.12602896982688055,0.9494228034806795,2.0465194125069943,-1.079338105929557,-0.17485943608574664,-0.17301716151651825,-0.1712332458754235,-0.1652871835749386,-0.45008326100974877,-0.8906684400465524,-0.9038714141487495,-0.47993986017819434,-0.5500960077031252,-0.6267175098459953,-0.9318779844787722,-0.7667920195527583,-1.308329105996455,-0.9896470927219724
2024-04-09,300122,1.1627494935039973,0.47689060570383734,0.8961309039352425,-0.46670659398975695,-0.5019922374090922,-0.2639621745910744,0.14760947110899605,0.1501148366924206,0.17137617787220977,0.20647810129416222,0.02281088523733954,-1.115739758061135,-1.360889420627725,0.8028481446670312,0.7068868214974956,0.04452208814666329,-0.6105287706773187,-1.0943298083721862,-0.9834053507789031,-0.610686179667102
2024-04-09,300124,-1.4180632063519916,0.5457521191251503,-1.46008422357992,-0.47901638277207315,-0.6030651536283307,1.439713938959491,0.3011273631148166,0.3015518787577379,0.3135013251511066,0.3133413595627629,-1.7051576553638406,-1.0642587645219483,-0.6213458519048054,-0.34354144680724596,-0.8331310669490837,-1.3316648942999472,-0.6610411884050766,-1.4865345968142136,-1.2687994667488478,-1.1870078165937168
2024-04-09,300142,1.1712257404980497,0.844489210097277,1.1920310963999583,-0.4522541815596594,-0.5163268528177622,0.17095268414201206,-0.14608753976942399,-0.14439626086480623,-0.1359442178294701,-0.11386492396888398,-0.3633662879905692,-1.496560110670376,-1.6798596453451506,1.2967523670551915,0.6678593984985007,-0.0683520597796566,-1.1264235036389718,-1.183435610509385,-1.2694531579246884,-0.7212875790028942
2024-04-09,300144,1.389462722233172,1.8657018134468046,1.892597915616735,-0.3161524876449749,-0.4805562675832365,1.9744482236340455,-0.19824295606014317,-0.19955746478042855,-0.20027906343899063,-0.19816526600619142,-0.06011162461975135,0.1374020165449893,0.19807326684889212,2.099022940824143,0.42152106648120263,0.8725945683851786,0.16208950303602135,0.1292785682324981,0.14345110819517565,0.08267545835677387
2024-04-09,300146,1.0823190446789668,-0.08325187822242969,0.9806475731829698,-0.44706789627576576,-0.5912458163218672,-0.7846825355871632,-0.14988990345221717,-0.14736999274103021,-0.14759787425940524,-0.1446240662707373,-0.16458878570242522,-0.5312234790087289,-0.5758482960370873,1.2021508700577204,0.06514277000575219,-0.9810273746600252,-0.3354155210658873,-0.038413116280573034,-0.4871107755726531,-0.9913745471212454
2024-04-09,300347,2.994931450328582,2.994931450328582,2.994931450328582,-0.44966628846679313,-0.38264458255190376,0.44453703753741697,0.22591376277977945,0.21746529652389615,0.19694457262060797,0.17684399886557317,2.9949314503285827,2.8141039289073286,1.2717613682456008,2.803992929617958,2.9949314503285827,1.844153684974327,2.8892162887320816,2.994931450328582,0.9590575959175062,1.628521267762041
2024-04-09,300408,1.0532946010231532,0.5263280527406553,1.2437338882683469,-0.540649857884232,-0.6315763506811587,0.6705774309604047,-0.05194345500294068,-0.05491027467823004,-0.05381849352115303,-0.048179505478776925,0.09314754670406973,0.031138488341071253,0.006854262413332725,1.171258158133538,0.3187726136366432,0.6161322602860199,0.2407667908089165,-0.16479175993636883,-0.1908789364494678,-0.0757030849480832
2024-04-09,300413,1.0070492005756628,0.228235109319385,0.6443837936581743,-0.49521191470454345,-0.4205269435984421,-1.3910793589227268,-0.06028018821120378,-0.05789415581000424,-0.05728582222074827,-0.06033235183981991,-0.38118259799889237,-0.5166913146526646,-0.4724696865978573,1.0325281095375864,0.9883192436923264,-0.34806415513583355,-1.4340384779501127,0.006453469600686732,0.0266318635577072,-0.6379088972410394
2024-04-09,300433,-0.4105187665060982,-0.2089484360177299,0.2516852400158147,-0.16979021354288729,-0.14501183151550262,-0.6985778896962096,-0.17097573842043381,-0.17241835543905337,-0.17714839760166165,-0.18204199518444134,-0.2918725056308512,0.6632700319114513,0.9358769620210144,0.616320621972452,0.6976730147601077,0.11258868763854865,0.3559906949003154,1.4000340471832382,0.8644535446535552,0.8189456399017209
2024-04-09,300450,2.124694692491921,1.6475096035188457,2.445479385211325,-0.17596610613036737,-0.2028529040524927,0.5393023082384227,-0.05554248372943478,-0.05914251424268531,-0.0635138915297738,-0.06877877849569182,1.1044799834338161,0.8851670483085072,0.6288220265799734,1.0578297053249754,2.6406707613869296,0.9662791020875382,0.5491982987767177,1.751490991058795,0.14238855943986592,0.9552555033315249
2024-04-09,300454,1.7310602609702952,1.059271902178531,0.9991959442035804,-0.5807935635143203,-0.6116648110782045,-0.9127850314414346,0.30070035970658854,0.3257680025006405,0.36458259701224693,0.34808990705938153,0.06326645988504083,-2.00842052991005,-2.4621186198802874,1.4475193127535806,2.9949314503285827,-1.2405432659775315,-2.994931450328582,-0.028243083157464023,-0.22632562683423355,-0.6904423686912118
2024-04-09,300496,0.0532398344454041,-0.18430353266087066,-0.11987809251315104,-0.5352576287517955,-0.5076852648012239,-1.1283324680590157,0.21688569072009942,0.22132201363299203,0.26728036993874377,0.2963536025807285,0.20821914359446056,-1.821359229928895,-2.287362095451379,0.2796626587061968,1.614425521669947,0.04187193383655748,-1.460436246381679,-1.6874763225581573,-1.024268817901214,-0.6325462675897539
2024-04-09,300498,-1.3041611913465314,1.3244522605093931,-1.1229264207706295,-0.20664285571096666,-0.22682845264987198,0.30649570599922854,-0.1141639516304653,-0.11617118117955405,-0.12152477373231783,-0.11038282202985449,-0.15895506746956906,0.5803464969006177,0.7790158065640596,0.11747224538155045,0.05995825277415926,0.2801055227416524,0.21052395267107785,0.16858797178029664,1.2485759534364629,0.7054967899171005
2024-04-09,300529,0.48427521330643275,0.4808387402235702,0.4909690792153964,-0.5450091372822123,-0.6955132381749063,0.15112249087463284,-0.07943434109457904,-0.08376460820759783,-0.08308133456955659,-0.09712219100832736,-2.028849771121561,-0.5031143274047812,0.2166572372125215,2.994931450328582,2.0632044036410617,0.09851825753613479,-0.27941282997478406,0.37016880929799517,-0.21075470506483912,-0.6048153256058427
2024-04-09,300558,1.2598092649232444,1.1026508038824934,1.1140557428607283,-0.6275498165323286,-0.7142776432409876,-0.608222357208265,0.10232677634118653,0.10975124736906638,0.12635642241312744,0.13933806836669055,-0.06595071573895883,-1.2634496218353068,-1.5072052644570584,0.5286870393349982,0.9053267854664748,-0.6541246257931965,-1.3568501980876353,-0.16364642787709016,-1.3543564894547062,-0.7425898610874875
2024-04-09,300595,1.0799178528437294,0.13142782443919937,0.693246939532838,-0.5816574508476198,-0.6727298518251932,-0.33517549586105455,-0.12172801200479182,-0.12208819716535124,-0.11664931591017953,-0.10473346536564113,-0.10232739152437205,-0.7441286795131182,-0.8600217366956528,0.7649927505844009,0.3562109946916806,0.05282164765982734,-0.5021176002588957,-0.5616405220317334,-0.8928620914530853,-0.5666947445554563
2024-04-09,300601,1.2001476614178728,0.7319031870689766,1.502833877563496,-0.5848236019622771,-0.6646536911470096,-0.1173573564748688,-0.08177269309201862,-0.08148102570879104,-0.07617695951708747,-0.06249443000116972,-0.029291941267451087,-0.6561318066458308,-0.7811654959888625,0.714318984251339,0.12844520354247937,0.046161832988988606,-0.3732318860237324,-0.422113308473788,-0.8315451980147023,-0.6188014823555485
2024-04-09,300628,-0.08115715591211162,2.7909909510881397,-1.3946353194253918,-0.49538501522037753,-0.6673515419249013,0.6900313841340191,-0.046229742730935955,-0.06390251509575373,-0.06321611512034715,-0.053193870312681635,1.0181379874578846,1.6167115390599935,1.540017422881088,1.6742450633593196,1.3068580618338554,2.994931450328582,2.1308864494683477,0.10399151936456826,0.7572484413700279,1.022122865407944
2024-04-09,300661,0.843503088659845,0.35640606193804264,1.1374488869742334,-0.6416581815919191,-0.7641206984285781,-0.22979686475645883,0.18577544240633717,0.19472081483578024,0.21917181511408315,0.24310574146253647,-0.5864351039244555,-1.5776526549300292,-1.6952087174888446,0.09440825867717995,-0.27284121568386205,-1.334478610475413,-1.357176337197994,-1.6082354724191432,-1.5600284986913042,-0.9452455452483002
2024-04-09,300676,1.5756171932006566,0.4536142131829443,1.6352425291748174,-0.6454416258369149,-0.751908738543347,-0.2661611496114335,0.11025683963685137,0.11380080033361721,0.12492810505943683,0.13942779547314718,-0.17661128608454424,-0.8657689190448837,-0.9796692171071678,1.1769627408274415,0.4278033249698586,-0.3795703007773474,-0.9944935207441589,-0.47913514810316743,-0.7012987295413623,-0.8047039431366061
2024-04-09,300725,2.994931450328582,2.994931450328582,2.994931450328582,-0.5606840216289546,-0.6170080994256572,-0.31080543915776543,0.06109044720372908,0.0726963153550945,0.0603005300982765,0.035496197855889915,-0.25211431421031977,-0.17028531997509055,-0.10000840105088667,2.994931450328582,2.9949314503285827,-2.361848656713655,-1.277182404641493,2.9375731893714914,0.1456568589750519,0.02029580239043914
2024-04-09,300750,0.24175797663493956,-0.7325488871629819,0.43531757201992205,-0.38798327914792585,-0.3392794028442203,-1.0870030268464104,1.5806329091225337,1.5356810551573403,1.4887592014069275,1.3046757655576375,0.07615234404224559,0.9562583184903207,1.138785199195505,0.3058162227785143,2.5259020882498535,0.8095115101024312,0.8855627342862772,2.994931450328582,0.7499400168643369,1.1281271481314887
2024-04-09,300751,0.7059063119336414,-0.42365106869535074,0.7171529729953883,-0.6614942085098083,-0.7696842810789235,-0.7109921619667113,0.744539902316264,0.7553047958984265,0.8133619283649539,0.8781200035478015,-0.273074529448143,-1.4222980122386093,-1.6229931764519474,0.3751991399986704,0.22512103761305285,-0.35970198374496665,-0.8384732352927963,-1.7458642682116403,-1.3791630606668794,-0.7106567733270802
2024-04-09,300760,0.46140063189893965,-0.7873506946313978,0.11584796399376801,-0.6432742350857792,-0.7554878459467615,0.06611115545056269,2.4245746452419485,2.438995246896463,2.4919325953608564,2.53765389684668,0.24994514297681633,-0.4980112447013494,-0.6976580246844601,-0.8329954728989968,-0.7715297723126917,-0.26180920638855354,-0.43609259320940985,-0.4782657639649824,-1.210141527480523,-0.718871301085945
